# Blender v3.6.23 OBJ File: 'mcp-tesst.blend'
# www.blender.org
mtllib bunny.mtl
o Character_bunny_Sphere.096
v -0.000000 0.130570 -0.841470
v -0.000000 -0.042316 -0.933880
v -0.000000 -0.980570 -0.841470
v 0.050493 0.555785 -0.198443
v 0.099046 0.498880 -0.379644
v 0.143792 0.406470 -0.546640
v 0.183013 0.282107 -0.693013
v 0.215200 0.130570 -0.813138
v 0.239117 -0.042316 -0.902399
v 0.253846 -0.229910 -0.957366
v 0.258819 -0.425000 -0.975926
v 0.253846 -0.620090 -0.957366
v 0.239117 -0.807683 -0.902399
v 0.215200 -0.980570 -0.813138
v 0.183013 -1.132107 -0.693013
v 0.143792 -1.256469 -0.546640
v 0.099046 -1.348879 -0.379644
v 0.050493 -1.405785 -0.198443
v 0.097545 0.555785 -0.178953
v 0.191342 0.498880 -0.341414
v 0.277785 0.406470 -0.491138
v 0.353553 0.282107 -0.622373
v 0.415735 0.130570 -0.730074
v 0.461940 -0.042316 -0.810103
v 0.490392 -0.229910 -0.859385
v 0.500000 -0.425000 -0.876026
v 0.490392 -0.620090 -0.859385
v 0.461940 -0.807683 -0.810103
v 0.415735 -0.980570 -0.730074
v 0.353553 -1.132107 -0.622373
v 0.277785 -1.256469 -0.491138
v 0.191342 -1.348879 -0.341414
v 0.097545 -1.405785 -0.178953
v 0.137950 0.555785 -0.147950
v 0.270598 0.498880 -0.280598
v 0.392847 0.406470 -0.402848
v 0.500000 0.282107 -0.510000
v 0.587938 0.130570 -0.597938
v 0.653281 -0.042316 -0.663282
v 0.693520 -0.229910 -0.703520
v 0.707107 -0.425000 -0.717107
v 0.693520 -0.620090 -0.703520
v 0.653281 -0.807683 -0.663282
v 0.587938 -0.980570 -0.597938
v 0.500000 -1.132107 -0.510000
v 0.392847 -1.256469 -0.402848
v 0.270598 -1.348879 -0.280598
v 0.137950 -1.405785 -0.147950
v 0.168953 0.555785 -0.107545
v 0.331413 0.498880 -0.201342
v 0.481138 0.406470 -0.287785
v 0.612372 0.282107 -0.363554
v 0.720074 0.130570 -0.425735
v 0.800103 -0.042316 -0.471940
v 0.849385 -0.229910 -0.500393
v 0.866025 -0.425000 -0.510000
v 0.849385 -0.620090 -0.500393
v 0.800103 -0.807683 -0.471940
v 0.720074 -0.980570 -0.425735
v 0.612372 -1.132107 -0.363554
v 0.481138 -1.256469 -0.287785
v 0.331413 -1.348879 -0.201342
v 0.168953 -1.405785 -0.107545
v 0.188443 0.555785 -0.060493
v 0.369644 0.498880 -0.109046
v 0.536639 0.406470 -0.153792
v 0.683012 0.282107 -0.193013
v 0.803138 0.130570 -0.225200
v 0.892399 -0.042316 -0.249118
v 0.947365 -0.229910 -0.263846
v 0.965926 -0.425000 -0.268819
v 0.947365 -0.620090 -0.263846
v 0.892399 -0.807683 -0.249118
v 0.803138 -0.980570 -0.225200
v 0.683012 -1.132107 -0.193013
v 0.536639 -1.256469 -0.153792
v 0.369644 -1.348879 -0.109046
v 0.188443 -1.405785 -0.060493
v 0.195090 0.555785 -0.010000
v 0.382683 0.498880 -0.010000
v 0.555570 0.406470 -0.010000
v 0.707106 0.282107 -0.010000
v 0.831469 0.130570 -0.010000
v 0.923879 -0.042316 -0.010000
v 0.980785 -0.229910 -0.010000
v 1.000000 -0.425000 -0.010000
v 0.980785 -0.620090 -0.010000
v 0.923879 -0.807683 -0.010000
v 0.831469 -0.980570 -0.010000
v 0.707106 -1.132107 -0.010000
v 0.555570 -1.256469 -0.010000
v 0.382683 -1.348879 -0.010000
v 0.195090 -1.405785 -0.010000
v 0.188443 0.555785 0.040493
v 0.369644 0.498880 0.089045
v 0.536639 0.406470 0.133792
v 0.683012 0.282107 0.173012
v 0.803138 0.130570 0.205200
v 0.892399 -0.042316 0.229117
v 0.947365 -0.229910 0.243846
v 0.965925 -0.425000 0.248819
v 0.947365 -0.620090 0.243846
v 0.892399 -0.807683 0.229117
v 0.803138 -0.980570 0.205200
v 0.683012 -1.132107 0.173012
v 0.536639 -1.256469 0.133792
v 0.369644 -1.348879 0.089045
v 0.188443 -1.405785 0.040493
v 0.168953 0.555785 0.087545
v 0.331413 0.498880 0.181341
v 0.481138 0.406470 0.267785
v 0.612372 0.282107 0.343553
v 0.720074 0.130570 0.405735
v 0.800103 -0.042316 0.451939
v 0.849385 -0.229910 0.480392
v 0.866025 -0.425000 0.490000
v 0.849385 -0.620090 0.480392
v 0.800103 -0.807683 0.451939
v 0.720074 -0.980570 0.405735
v 0.612372 -1.132107 0.343553
v 0.481138 -1.256469 0.267785
v 0.331413 -1.348879 0.181341
v 0.168953 -1.405785 0.087545
v 0.137949 0.555785 0.127949
v 0.270598 0.498880 0.260598
v 0.392847 0.406470 0.382847
v 0.500000 0.282107 0.490000
v 0.587937 0.130570 0.577938
v 0.653281 -0.042316 0.643281
v 0.693520 -0.229910 0.683519
v 0.707106 -0.425000 0.697106
v 0.693520 -0.620090 0.683519
v 0.653281 -0.807683 0.643281
v 0.587937 -0.980570 0.577938
v 0.500000 -1.132107 0.490000
v 0.392847 -1.256469 0.382847
v 0.270598 -1.348879 0.260598
v 0.137949 -1.405785 0.127949
v 0.097545 0.555785 0.158953
v 0.191341 0.498880 0.321413
v 0.277785 0.406470 0.471138
v 0.353553 0.282107 0.602372
v 0.415734 0.130570 0.710074
v 0.461939 -0.042316 0.790103
v 0.490392 -0.229910 0.839384
v 0.500000 -0.425000 0.856025
v 0.490392 -0.620090 0.839384
v 0.461939 -0.807683 0.790103
v 0.415734 -0.980570 0.710074
v 0.353553 -1.132107 0.602372
v 0.277785 -1.256469 0.471138
v 0.191341 -1.348879 0.321413
v 0.097545 -1.405785 0.158953
v 0.050493 0.555785 0.178442
v 0.099046 0.498880 0.359643
v 0.143792 0.406470 0.526639
v 0.183012 0.282107 0.673012
v 0.215200 0.130570 0.793138
v 0.239117 -0.042316 0.882399
v 0.253846 -0.229910 0.937365
v 0.258819 -0.425000 0.955925
v 0.253846 -0.620090 0.937365
v 0.239117 -0.807683 0.882399
v 0.215200 -0.980570 0.793138
v 0.183012 -1.132107 0.673012
v 0.143792 -1.256469 0.526639
v 0.099046 -1.348879 0.359643
v 0.050493 -1.405785 0.178442
v -0.000000 0.555785 0.185090
v -0.000000 0.498880 0.372683
v -0.000000 0.406470 0.545570
v -0.000000 0.282107 0.697106
v -0.000000 0.130570 0.821469
v -0.000000 -0.042316 0.913879
v -0.000000 -0.229910 0.970785
v -0.000000 -0.425000 0.989999
v -0.000000 -0.620090 0.970785
v -0.000000 -0.807683 0.913879
v -0.000000 -0.980570 0.821469
v -0.000000 -1.132107 0.697106
v -0.000000 -1.256469 0.545570
v -0.000000 -1.348879 0.372683
v -0.000000 -1.405785 0.185090
v -0.050493 0.555785 0.178442
v -0.099046 0.498880 0.359643
v -0.143792 0.406470 0.526639
v -0.183013 0.282107 0.673012
v -0.215200 0.130570 0.793137
v -0.239118 -0.042316 0.882399
v -0.253846 -0.229910 0.937365
v -0.258819 -0.425000 0.955925
v -0.253846 -0.620090 0.937365
v -0.239118 -0.807683 0.882399
v -0.215200 -0.980570 0.793137
v -0.183013 -1.132107 0.673012
v -0.143792 -1.256469 0.526639
v -0.099046 -1.348879 0.359643
v -0.050493 -1.405785 0.178442
v -0.000000 0.575000 -0.010000
v -0.097545 0.555785 0.158953
v -0.191342 0.498880 0.321413
v -0.277785 0.406470 0.471137
v -0.353553 0.282107 0.602372
v -0.415735 0.130570 0.710073
v -0.461940 -0.042316 0.790103
v -0.490393 -0.229910 0.839384
v -0.500000 -0.425000 0.856025
v -0.490393 -0.620090 0.839384
v -0.461940 -0.807683 0.790103
v -0.415735 -0.980570 0.710073
v -0.353553 -1.132107 0.602372
v -0.277785 -1.256469 0.471137
v -0.191342 -1.348879 0.321413
v -0.097545 -1.405785 0.158953
v -0.000000 -1.425000 -0.010000
v -0.137950 0.555785 0.127949
v -0.270598 0.498880 0.260598
v -0.392848 0.406470 0.382847
v -0.500000 0.282107 0.489999
v -0.587938 0.130570 0.577937
v -0.653282 -0.042316 0.643281
v -0.693520 -0.229910 0.683519
v -0.707107 -0.425000 0.697106
v -0.693520 -0.620090 0.683519
v -0.653282 -0.807683 0.643281
v -0.587938 -0.980570 0.577937
v -0.500000 -1.132107 0.489999
v -0.392848 -1.256469 0.382847
v -0.270598 -1.348879 0.260598
v -0.137950 -1.405785 0.127949
v -0.168953 0.555785 0.087545
v -0.331414 0.498880 0.181341
v -0.481138 0.406470 0.267785
v -0.612372 0.282107 0.343553
v -0.720074 0.130570 0.405734
v -0.800103 -0.042316 0.451939
v -0.849385 -0.229910 0.480392
v -0.866025 -0.425000 0.489999
v -0.849385 -0.620090 0.480392
v -0.800103 -0.807683 0.451939
v -0.720074 -0.980570 0.405734
v -0.612372 -1.132107 0.343553
v -0.481138 -1.256469 0.267785
v -0.331414 -1.348879 0.181341
v -0.168953 -1.405785 0.087545
v -0.188443 0.555785 0.040493
v -0.369644 0.498880 0.089045
v -0.536640 0.406470 0.133792
v -0.683012 0.282107 0.173012
v -0.803138 0.130570 0.205200
v -0.892399 -0.042316 0.229117
v -0.947366 -0.229910 0.243846
v -0.965926 -0.425000 0.248819
v -0.947366 -0.620090 0.243846
v -0.892399 -0.807683 0.229117
v -0.803138 -0.980570 0.205200
v -0.683012 -1.132107 0.173012
v -0.536640 -1.256469 0.133792
v -0.369644 -1.348879 0.089045
v -0.188443 -1.405785 0.040493
v -0.195090 0.555785 -0.010000
v -0.382684 0.498880 -0.010000
v -0.555570 0.406470 -0.010000
v -0.707106 0.282107 -0.010000
v -0.831470 0.130570 -0.010000
v -0.923879 -0.042316 -0.010000
v -0.980785 -0.229910 -0.010000
v -1.000000 -0.425000 -0.010000
v -0.980785 -0.620090 -0.010000
v -0.923879 -0.807683 -0.010000
v -0.831470 -0.980570 -0.010000
v -0.707106 -1.132107 -0.010000
v -0.555570 -1.256469 -0.010000
v -0.382684 -1.348879 -0.010000
v -0.195090 -1.405785 -0.010000
v -0.188443 0.555785 -0.060493
v -0.369644 0.498880 -0.109046
v -0.536640 0.406470 -0.153792
v -0.683012 0.282107 -0.193013
v -0.803138 0.130570 -0.225201
v -0.892399 -0.042316 -0.249118
v -0.947366 -0.229910 -0.263846
v -0.965925 -0.425000 -0.268819
v -0.947366 -0.620090 -0.263846
v -0.892399 -0.807683 -0.249118
v -0.803138 -0.980570 -0.225201
v -0.683012 -1.132107 -0.193013
v -0.536640 -1.256469 -0.153792
v -0.369644 -1.348879 -0.109046
v -0.188443 -1.405785 -0.060493
v -0.168953 0.555785 -0.107545
v -0.331414 0.498880 -0.201342
v -0.481138 0.406470 -0.287785
v -0.612372 0.282107 -0.363553
v -0.720074 0.130570 -0.425735
v -0.800103 -0.042316 -0.471940
v -0.849385 -0.229910 -0.500393
v -0.866025 -0.425000 -0.510000
v -0.849385 -0.620090 -0.500393
v -0.800103 -0.807683 -0.471940
v -0.720074 -0.980570 -0.425735
v -0.612372 -1.132107 -0.363553
v -0.481138 -1.256469 -0.287785
v -0.331414 -1.348879 -0.201342
v -0.168953 -1.405785 -0.107545
v -0.137950 0.555785 -0.147950
v -0.270598 0.498880 -0.280598
v -0.392847 0.406470 -0.402848
v -0.500000 0.282107 -0.510000
v -0.587938 0.130570 -0.597938
v -0.653281 -0.042316 -0.663282
v -0.693520 -0.229910 -0.703520
v -0.707106 -0.425000 -0.717107
v -0.693520 -0.620090 -0.703520
v -0.653281 -0.807683 -0.663282
v -0.587938 -0.980570 -0.597938
v -0.500000 -1.132107 -0.510000
v -0.392847 -1.256469 -0.402848
v -0.270598 -1.348879 -0.280598
v -0.137950 -1.405785 -0.147950
v -0.097545 0.555785 -0.178953
v -0.191342 0.498880 -0.341414
v -0.277785 0.406470 -0.491138
v -0.353553 0.282107 -0.622372
v -0.415735 0.130570 -0.730074
v -0.461940 -0.042316 -0.810103
v -0.490393 -0.229910 -0.859385
v -0.500000 -0.425000 -0.876025
v -0.490393 -0.620090 -0.859385
v -0.461940 -0.807683 -0.810103
v -0.415735 -0.980570 -0.730074
v -0.353553 -1.132107 -0.622372
v -0.277785 -1.256469 -0.491138
v -0.191342 -1.348879 -0.341414
v -0.097545 -1.405785 -0.178953
v -0.050493 0.555785 -0.198443
v -0.099046 0.498880 -0.379644
v -0.143792 0.406470 -0.546640
v -0.183013 0.282107 -0.693012
v -0.215200 0.130570 -0.813138
v -0.239117 -0.042316 -0.902399
v -0.253846 -0.229910 -0.957366
v -0.258819 -0.425000 -0.975926
v -0.253846 -0.620090 -0.957366
v -0.239117 -0.807683 -0.902399
v -0.215200 -0.980570 -0.813138
v -0.183013 -1.132107 -0.693012
v -0.143792 -1.256469 -0.546640
v -0.099046 -1.348879 -0.379644
v -0.050493 -1.405785 -0.198443
v -0.000000 0.555785 -0.205091
v -0.000000 0.498880 -0.392684
v -0.000000 0.406470 -0.565570
v -0.000000 0.282107 -0.717106
v -0.000000 -0.229910 -0.990785
v -0.000000 -0.425000 -1.010000
v -0.000000 -0.620090 -0.990785
v 0.000000 -0.807683 -0.933879
v -0.000000 -1.132107 -0.717106
v -0.000000 -1.256469 -0.565570
v -0.000000 -1.348879 -0.392684
v -0.000000 -1.405785 -0.205091
v 0.350000 1.406259 -0.048823
v 0.350000 1.351314 -0.085000
v 0.350000 1.150000 -0.139904
v 0.350000 1.017350 -0.154889
v 0.350000 0.875000 -0.160000
v 0.350000 0.732650 -0.154889
v 0.350000 0.600000 -0.139904
v 0.350000 0.398686 -0.085000
v 0.350000 0.343741 -0.048823
v 0.364857 1.406259 -0.045868
v 0.378701 1.351314 -0.079291
v 0.390590 1.263909 -0.107993
v 0.399712 1.150000 -0.130016
v 0.405446 1.017350 -0.143860
v 0.407402 0.875000 -0.148582
v 0.405446 0.732650 -0.143860
v 0.399712 0.600000 -0.130016
v 0.390590 0.486091 -0.107993
v 0.378701 0.398686 -0.079291
v 0.364857 0.343741 -0.045868
v 0.350000 1.425000 -0.010000
v 0.377452 1.406259 -0.037452
v 0.403033 1.351314 -0.063033
v 0.425000 1.263909 -0.085000
v 0.441856 1.150000 -0.101856
v 0.452452 1.017350 -0.112452
v 0.456066 0.875000 -0.116066
v 0.452452 0.732650 -0.112452
v 0.441856 0.600000 -0.101856
v 0.425000 0.486091 -0.085000
v 0.403033 0.398686 -0.063033
v 0.377452 0.343741 -0.037452
v 0.385867 1.406259 -0.024857
v 0.419291 1.351314 -0.038702
v 0.447992 1.263909 -0.050590
v 0.470015 1.150000 -0.059712
v 0.483860 1.017350 -0.065447
v 0.488582 0.875000 -0.067403
v 0.483860 0.732650 -0.065447
v 0.470015 0.600000 -0.059712
v 0.447992 0.486091 -0.050590
v 0.419291 0.398686 -0.038702
v 0.385867 0.343741 -0.024857
v 0.388823 1.406259 -0.010000
v 0.425000 1.351314 -0.010000
v 0.456066 1.263909 -0.010000
v 0.479904 1.150000 -0.010000
v 0.494889 1.017350 -0.010000
v 0.500000 0.875000 -0.010000
v 0.494889 0.732650 -0.010000
v 0.479904 0.600000 -0.010000
v 0.456066 0.486091 -0.010000
v 0.425000 0.398686 -0.010000
v 0.388823 0.343741 -0.010000
v 0.385867 1.406259 0.004857
v 0.419291 1.351314 0.018701
v 0.447992 1.263909 0.030589
v 0.470015 1.150000 0.039712
v 0.483860 1.017350 0.045446
v 0.488582 0.875000 0.047402
v 0.483860 0.732650 0.045446
v 0.470015 0.600000 0.039712
v 0.447992 0.486091 0.030589
v 0.419291 0.398686 0.018701
v 0.385867 0.343741 0.004857
v 0.377452 1.406259 0.017452
v 0.403033 1.351314 0.043033
v 0.425000 1.263909 0.065000
v 0.441856 1.150000 0.081856
v 0.452452 1.017350 0.092452
v 0.456066 0.875000 0.096066
v 0.452452 0.732650 0.092452
v 0.441856 0.600000 0.081856
v 0.425000 0.486091 0.065000
v 0.403033 0.398686 0.043033
v 0.377452 0.343741 0.017452
v 0.364857 1.406259 0.025867
v 0.378701 1.351314 0.059291
v 0.390589 1.263909 0.087992
v 0.399712 1.150000 0.110015
v 0.405446 1.017350 0.123860
v 0.407402 0.875000 0.128582
v 0.405446 0.732650 0.123860
v 0.399712 0.600000 0.110015
v 0.390589 0.486091 0.087992
v 0.378701 0.398686 0.059291
v 0.364857 0.343741 0.025867
v 0.350000 1.406259 0.028823
v 0.350000 1.351314 0.065000
v 0.350000 1.263909 0.096066
v 0.350000 1.150000 0.119904
v 0.350000 1.017350 0.134889
v 0.350000 0.875000 0.140000
v 0.350000 0.732650 0.134889
v 0.350000 0.600000 0.119904
v 0.350000 0.486091 0.096066
v 0.350000 0.398686 0.065000
v 0.350000 0.343741 0.028823
v 0.335143 1.406259 0.025867
v 0.321299 1.351314 0.059291
v 0.309410 1.263909 0.087992
v 0.300288 1.150000 0.110015
v 0.294553 1.017350 0.123860
v 0.292597 0.875000 0.128582
v 0.294553 0.732650 0.123860
v 0.300288 0.600000 0.110015
v 0.309410 0.486091 0.087992
v 0.321299 0.398686 0.059291
v 0.335143 0.343741 0.025867
v 0.350000 0.325000 -0.010000
v 0.322548 1.406259 0.017452
v 0.296967 1.351314 0.043033
v 0.275000 1.263909 0.065000
v 0.258144 1.150000 0.081856
v 0.247548 1.017350 0.092452
v 0.243934 0.875000 0.096066
v 0.247548 0.732650 0.092452
v 0.258144 0.600000 0.081856
v 0.275000 0.486091 0.065000
v 0.296967 0.398686 0.043033
v 0.322548 0.343741 0.017452
v 0.314132 1.406259 0.004857
v 0.280709 1.351314 0.018701
v 0.252008 1.263909 0.030589
v 0.229984 1.150000 0.039712
v 0.216140 1.017350 0.045446
v 0.211418 0.875000 0.047402
v 0.216140 0.732650 0.045446
v 0.229984 0.600000 0.039712
v 0.252008 0.486091 0.030589
v 0.280709 0.398686 0.018701
v 0.314132 0.343741 0.004857
v 0.311177 1.406259 -0.010000
v 0.275000 1.351314 -0.010000
v 0.243934 1.263909 -0.010000
v 0.220096 1.150000 -0.010000
v 0.205111 1.017350 -0.010000
v 0.200000 0.875000 -0.010000
v 0.205111 0.732650 -0.010000
v 0.220096 0.600000 -0.010000
v 0.243934 0.486091 -0.010000
v 0.275000 0.398686 -0.010000
v 0.311177 0.343741 -0.010000
v 0.314132 1.406259 -0.024857
v 0.280709 1.351314 -0.038702
v 0.252008 1.263909 -0.050590
v 0.229984 1.150000 -0.059712
v 0.216140 1.017350 -0.065447
v 0.211418 0.875000 -0.067403
v 0.216140 0.732650 -0.065447
v 0.229984 0.600000 -0.059712
v 0.252008 0.486091 -0.050590
v 0.280709 0.398686 -0.038702
v 0.314132 0.343741 -0.024857
v 0.322548 1.406259 -0.037452
v 0.296967 1.351314 -0.063033
v 0.275000 1.263909 -0.085000
v 0.258144 1.150000 -0.101856
v 0.247548 1.017350 -0.112452
v 0.243934 0.875000 -0.116066
v 0.247548 0.732650 -0.112452
v 0.258144 0.600000 -0.101856
v 0.275000 0.486091 -0.085000
v 0.296967 0.398686 -0.063033
v 0.322548 0.343741 -0.037452
v 0.335143 1.406259 -0.045868
v 0.321299 1.351314 -0.079291
v 0.309410 1.263909 -0.107993
v 0.300288 1.150000 -0.130016
v 0.294553 1.017350 -0.143860
v 0.292597 0.875000 -0.148582
v 0.294553 0.732650 -0.143860
v 0.300288 0.600000 -0.130016
v 0.309410 0.486091 -0.107993
v 0.321299 0.398686 -0.079291
v 0.335143 0.343741 -0.045868
v 0.350000 1.263909 -0.116066
v 0.350000 0.486091 -0.116066
v -0.350000 1.406259 -0.048823
v -0.350000 1.351314 -0.085000
v -0.350000 1.150000 -0.139904
v -0.350000 1.017350 -0.154889
v -0.350000 0.875000 -0.160000
v -0.350000 0.732650 -0.154889
v -0.350000 0.600000 -0.139904
v -0.350000 0.398686 -0.085000
v -0.350000 0.343741 -0.048823
v -0.335143 1.406259 -0.045868
v -0.321299 1.351314 -0.079291
v -0.309410 1.263909 -0.107993
v -0.300288 1.150000 -0.130016
v -0.294554 1.017350 -0.143860
v -0.292598 0.875000 -0.148582
v -0.294554 0.732650 -0.143860
v -0.300288 0.600000 -0.130016
v -0.309410 0.486091 -0.107993
v -0.321299 0.398686 -0.079291
v -0.335143 0.343741 -0.045868
v -0.350000 1.425000 -0.010000
v -0.322548 1.406259 -0.037452
v -0.296967 1.351314 -0.063033
v -0.275000 1.263909 -0.085000
v -0.258144 1.150000 -0.101856
v -0.247548 1.017350 -0.112452
v -0.243934 0.875000 -0.116066
v -0.247548 0.732650 -0.112452
v -0.258144 0.600000 -0.101856
v -0.275000 0.486091 -0.085000
v -0.296967 0.398686 -0.063033
v -0.322548 0.343741 -0.037452
v -0.314133 1.406259 -0.024857
v -0.280709 1.351314 -0.038702
v -0.252008 1.263909 -0.050590
v -0.229985 1.150000 -0.059712
v -0.216140 1.017350 -0.065447
v -0.211418 0.875000 -0.067403
v -0.216140 0.732650 -0.065447
v -0.229985 0.600000 -0.059712
v -0.252008 0.486091 -0.050590
v -0.280709 0.398686 -0.038702
v -0.314133 0.343741 -0.024857
v -0.311177 1.406259 -0.010000
v -0.275000 1.351314 -0.010000
v -0.243934 1.263909 -0.010000
v -0.220096 1.150000 -0.010000
v -0.205111 1.017350 -0.010000
v -0.200000 0.875000 -0.010000
v -0.205111 0.732650 -0.010000
v -0.220096 0.600000 -0.010000
v -0.243934 0.486091 -0.010000
v -0.275000 0.398686 -0.010000
v -0.311177 0.343741 -0.010000
v -0.314133 1.406259 0.004857
v -0.280709 1.351314 0.018701
v -0.252008 1.263909 0.030589
v -0.229985 1.150000 0.039712
v -0.216140 1.017350 0.045446
v -0.211418 0.875000 0.047402
v -0.216140 0.732650 0.045446
v -0.229985 0.600000 0.039712
v -0.252008 0.486091 0.030589
v -0.280709 0.398686 0.018701
v -0.314133 0.343741 0.004857
v -0.322548 1.406259 0.017452
v -0.296967 1.351314 0.043033
v -0.275000 1.263909 0.065000
v -0.258144 1.150000 0.081856
v -0.247548 1.017350 0.092452
v -0.243934 0.875000 0.096066
v -0.247548 0.732650 0.092452
v -0.258144 0.600000 0.081856
v -0.275000 0.486091 0.065000
v -0.296967 0.398686 0.043033
v -0.322548 0.343741 0.017452
v -0.335143 1.406259 0.025867
v -0.321299 1.351314 0.059291
v -0.309411 1.263909 0.087992
v -0.300288 1.150000 0.110015
v -0.294554 1.017350 0.123860
v -0.292598 0.875000 0.128582
v -0.294554 0.732650 0.123860
v -0.300288 0.600000 0.110015
v -0.309411 0.486091 0.087992
v -0.321299 0.398686 0.059291
v -0.335143 0.343741 0.025867
v -0.350000 1.406259 0.028823
v -0.350000 1.351314 0.065000
v -0.350000 1.263909 0.096066
v -0.350000 1.150000 0.119904
v -0.350000 1.017350 0.134889
v -0.350000 0.875000 0.140000
v -0.350000 0.732650 0.134889
v -0.350000 0.600000 0.119904
v -0.350000 0.486091 0.096066
v -0.350000 0.398686 0.065000
v -0.350000 0.343741 0.028823
v -0.364857 1.406259 0.025867
v -0.378701 1.351314 0.059291
v -0.390590 1.263909 0.087992
v -0.399712 1.150000 0.110015
v -0.405447 1.017350 0.123860
v -0.407403 0.875000 0.128582
v -0.405447 0.732650 0.123860
v -0.399712 0.600000 0.110015
v -0.390590 0.486091 0.087992
v -0.378701 0.398686 0.059291
v -0.364857 0.343741 0.025867
v -0.350000 0.325000 -0.010000
v -0.377452 1.406259 0.017452
v -0.403033 1.351314 0.043033
v -0.425000 1.263909 0.065000
v -0.441856 1.150000 0.081856
v -0.452452 1.017350 0.092452
v -0.456066 0.875000 0.096066
v -0.452452 0.732650 0.092452
v -0.441856 0.600000 0.081856
v -0.425000 0.486091 0.065000
v -0.403033 0.398686 0.043033
v -0.377452 0.343741 0.017452
v -0.385868 1.406259 0.004857
v -0.419291 1.351314 0.018701
v -0.447992 1.263909 0.030589
v -0.470016 1.150000 0.039712
v -0.483860 1.017350 0.045446
v -0.488582 0.875000 0.047402
v -0.483860 0.732650 0.045446
v -0.470016 0.600000 0.039712
v -0.447992 0.486091 0.030589
v -0.419291 0.398686 0.018701
v -0.385868 0.343741 0.004857
v -0.388823 1.406259 -0.010000
v -0.425000 1.351314 -0.010000
v -0.456066 1.263909 -0.010000
v -0.479904 1.150000 -0.010000
v -0.494889 1.017350 -0.010000
v -0.500000 0.875000 -0.010000
v -0.494889 0.732650 -0.010000
v -0.479904 0.600000 -0.010000
v -0.456066 0.486091 -0.010000
v -0.425000 0.398686 -0.010000
v -0.388823 0.343741 -0.010000
v -0.385868 1.406259 -0.024857
v -0.419291 1.351314 -0.038702
v -0.447992 1.263909 -0.050590
v -0.470016 1.150000 -0.059712
v -0.483860 1.017350 -0.065447
v -0.488582 0.875000 -0.067403
v -0.483860 0.732650 -0.065447
v -0.470016 0.600000 -0.059712
v -0.447992 0.486091 -0.050590
v -0.419291 0.398686 -0.038702
v -0.385868 0.343741 -0.024857
v -0.377452 1.406259 -0.037452
v -0.403033 1.351314 -0.063033
v -0.425000 1.263909 -0.085000
v -0.441856 1.150000 -0.101856
v -0.452452 1.017350 -0.112452
v -0.456066 0.875000 -0.116066
v -0.452452 0.732650 -0.112452
v -0.441856 0.600000 -0.101856
v -0.425000 0.486091 -0.085000
v -0.403033 0.398686 -0.063033
v -0.377452 0.343741 -0.037452
v -0.364857 1.406259 -0.045868
v -0.378701 1.351314 -0.079291
v -0.390590 1.263909 -0.107993
v -0.399712 1.150000 -0.130016
v -0.405447 1.017350 -0.143860
v -0.407403 0.875000 -0.148582
v -0.405447 0.732650 -0.143860
v -0.399712 0.600000 -0.130016
v -0.390590 0.486091 -0.107993
v -0.378701 0.398686 -0.079291
v -0.364857 0.343741 -0.045868
v -0.350000 1.263909 -0.116066
v -0.350000 0.486091 -0.116066
v 0.320000 -0.136732 0.817612
v 0.320000 -0.267388 0.871731
v 0.339134 -0.082612 0.876858
v 0.355355 -0.104289 0.848762
v 0.366194 -0.136732 0.829989
v 0.370000 -0.175000 0.823397
v 0.366194 -0.213268 0.829989
v 0.355355 -0.245711 0.848762
v 0.339134 -0.267388 0.876858
v 0.320000 -0.075000 0.910000
v 0.353141 -0.082612 0.890866
v 0.381237 -0.104289 0.874644
v 0.400010 -0.136732 0.863806
v 0.406602 -0.175000 0.860000
v 0.400010 -0.213268 0.863806
v 0.381237 -0.245711 0.874644
v 0.353141 -0.267388 0.890866
v 0.358268 -0.082612 0.910000
v 0.390710 -0.104289 0.910000
v 0.412388 -0.136732 0.910000
v 0.420000 -0.175000 0.910000
v 0.412388 -0.213268 0.910000
v 0.390710 -0.245711 0.910000
v 0.358268 -0.267388 0.910000
v 0.353141 -0.082612 0.929134
v 0.381237 -0.104289 0.945355
v 0.400010 -0.136732 0.956194
v 0.406602 -0.175000 0.960000
v 0.400010 -0.213268 0.956194
v 0.381237 -0.245711 0.945355
v 0.353141 -0.267388 0.929134
v 0.339134 -0.082612 0.943141
v 0.355355 -0.104289 0.971237
v 0.366194 -0.136732 0.990010
v 0.370000 -0.175000 0.996602
v 0.366194 -0.213268 0.990010
v 0.355355 -0.245711 0.971237
v 0.339134 -0.267388 0.943141
v 0.320000 -0.082612 0.948268
v 0.320000 -0.104289 0.980710
v 0.320000 -0.136732 1.002388
v 0.320000 -0.175000 1.010000
v 0.320000 -0.213268 1.002388
v 0.320000 -0.245711 0.980710
v 0.320000 -0.267388 0.948268
v 0.300866 -0.082612 0.943141
v 0.284644 -0.104289 0.971237
v 0.273806 -0.136732 0.990010
v 0.270000 -0.175000 0.996602
v 0.273806 -0.213268 0.990010
v 0.284644 -0.245711 0.971237
v 0.300866 -0.267388 0.943141
v 0.320000 -0.275000 0.910000
v 0.286858 -0.082612 0.929134
v 0.258763 -0.104289 0.945355
v 0.239990 -0.136732 0.956194
v 0.233397 -0.175000 0.960000
v 0.239990 -0.213268 0.956194
v 0.258763 -0.245711 0.945355
v 0.286858 -0.267388 0.929134
v 0.281731 -0.082612 0.910000
v 0.249289 -0.104289 0.910000
v 0.227612 -0.136732 0.910000
v 0.220000 -0.175000 0.910000
v 0.227612 -0.213268 0.910000
v 0.249289 -0.245711 0.910000
v 0.281731 -0.267388 0.910000
v 0.286858 -0.082612 0.890866
v 0.258763 -0.104289 0.874644
v 0.239990 -0.136732 0.863806
v 0.233397 -0.175000 0.860000
v 0.239990 -0.213268 0.863806
v 0.258763 -0.245711 0.874644
v 0.286858 -0.267388 0.890866
v 0.300866 -0.082612 0.876858
v 0.284644 -0.104289 0.848762
v 0.273806 -0.136732 0.829989
v 0.270000 -0.175000 0.823397
v 0.273806 -0.213268 0.829989
v 0.284644 -0.245711 0.848762
v 0.300866 -0.267388 0.876858
v 0.320000 -0.082612 0.871731
v 0.320000 -0.104289 0.839289
v 0.320000 -0.175000 0.810000
v 0.320000 -0.213268 0.817612
v 0.320000 -0.245711 0.839289
v -0.320000 -0.136732 0.817612
v -0.320000 -0.267388 0.871731
v -0.300866 -0.082612 0.876858
v -0.284645 -0.104289 0.848762
v -0.273806 -0.136732 0.829989
v -0.270000 -0.175000 0.823397
v -0.273806 -0.213268 0.829989
v -0.284645 -0.245711 0.848762
v -0.300866 -0.267388 0.876858
v -0.320000 -0.075000 0.910000
v -0.286859 -0.082612 0.890866
v -0.258763 -0.104289 0.874644
v -0.239990 -0.136732 0.863806
v -0.233398 -0.175000 0.860000
v -0.239990 -0.213268 0.863806
v -0.258763 -0.245711 0.874644
v -0.286859 -0.267388 0.890866
v -0.281732 -0.082612 0.910000
v -0.249289 -0.104289 0.910000
v -0.227612 -0.136732 0.910000
v -0.220000 -0.175000 0.910000
v -0.227612 -0.213268 0.910000
v -0.249289 -0.245711 0.910000
v -0.281732 -0.267388 0.910000
v -0.286859 -0.082612 0.929134
v -0.258763 -0.104289 0.945355
v -0.239990 -0.136732 0.956194
v -0.233398 -0.175000 0.960000
v -0.239990 -0.213268 0.956194
v -0.258763 -0.245711 0.945355
v -0.286859 -0.267388 0.929134
v -0.300866 -0.082612 0.943141
v -0.284645 -0.104289 0.971237
v -0.273806 -0.136732 0.990010
v -0.270000 -0.175000 0.996602
v -0.273806 -0.213268 0.990010
v -0.284645 -0.245711 0.971237
v -0.300866 -0.267388 0.943141
v -0.320000 -0.082612 0.948268
v -0.320000 -0.104289 0.980710
v -0.320000 -0.136732 1.002388
v -0.320000 -0.175000 1.010000
v -0.320000 -0.213268 1.002388
v -0.320000 -0.245711 0.980710
v -0.320000 -0.267388 0.948268
v -0.339134 -0.082612 0.943141
v -0.355356 -0.104289 0.971237
v -0.366194 -0.136732 0.990010
v -0.370000 -0.175000 0.996602
v -0.366194 -0.213268 0.990010
v -0.355356 -0.245711 0.971237
v -0.339134 -0.267388 0.943141
v -0.320000 -0.275000 0.910000
v -0.353142 -0.082612 0.929134
v -0.381237 -0.104289 0.945355
v -0.400010 -0.136732 0.956194
v -0.406603 -0.175000 0.960000
v -0.400010 -0.213268 0.956194
v -0.381237 -0.245711 0.945355
v -0.353142 -0.267388 0.929134
v -0.358268 -0.082612 0.910000
v -0.390711 -0.104289 0.910000
v -0.412388 -0.136732 0.910000
v -0.420000 -0.175000 0.910000
v -0.412388 -0.213268 0.910000
v -0.390711 -0.245711 0.910000
v -0.358268 -0.267388 0.910000
v -0.353142 -0.082612 0.890866
v -0.381237 -0.104289 0.874644
v -0.400010 -0.136732 0.863806
v -0.406603 -0.175000 0.860000
v -0.400010 -0.213268 0.863806
v -0.381237 -0.245711 0.874644
v -0.353142 -0.267388 0.890866
v -0.339134 -0.082612 0.876858
v -0.355356 -0.104289 0.848762
v -0.366194 -0.136732 0.829989
v -0.370000 -0.175000 0.823397
v -0.366194 -0.213268 0.829989
v -0.355356 -0.245711 0.848762
v -0.339134 -0.267388 0.876858
v -0.320000 -0.082612 0.871731
v -0.320000 -0.104289 0.839289
v -0.320000 -0.175000 0.810000
v -0.320000 -0.213268 0.817612
v -0.320000 -0.245711 0.839289
v 0.550000 -0.284460 0.853927
v 0.550000 -0.305704 0.840301
v 0.576788 -0.284460 0.856080
v 0.599497 -0.305704 0.844280
v 0.614671 -0.337497 0.836395
v 0.620000 -0.375000 0.833627
v 0.614671 -0.412503 0.836395
v 0.599497 -0.444296 0.844280
v 0.576788 -0.465540 0.856080
v 0.596398 -0.284460 0.861963
v 0.635732 -0.305704 0.855150
v 0.662014 -0.337497 0.850598
v 0.671243 -0.375000 0.849000
v 0.662014 -0.412503 0.850598
v 0.635732 -0.444296 0.855150
v 0.596398 -0.465540 0.861963
v 0.603576 -0.284460 0.870000
v 0.648995 -0.305704 0.870000
v 0.679343 -0.337497 0.870000
v 0.690000 -0.375000 0.870000
v 0.679343 -0.412503 0.870000
v 0.648995 -0.444296 0.870000
v 0.603576 -0.465540 0.870000
v 0.596398 -0.284460 0.878036
v 0.635732 -0.305704 0.884849
v 0.662014 -0.337497 0.889401
v 0.671243 -0.375000 0.891000
v 0.662014 -0.412503 0.889401
v 0.635732 -0.444296 0.884849
v 0.596398 -0.465540 0.878036
v 0.576788 -0.284460 0.883919
v 0.599497 -0.305704 0.895719
v 0.614671 -0.337497 0.903604
v 0.620000 -0.375000 0.906373
v 0.614671 -0.412503 0.903604
v 0.599497 -0.444296 0.895719
v 0.576788 -0.465540 0.883919
v 0.550000 -0.284460 0.886072
v 0.550000 -0.305704 0.899698
v 0.550000 -0.337497 0.908803
v 0.550000 -0.375000 0.912000
v 0.550000 -0.412503 0.908803
v 0.550000 -0.444296 0.899698
v 0.550000 -0.465540 0.886072
v 0.523212 -0.284460 0.883919
v 0.500502 -0.305704 0.895719
v 0.485328 -0.337497 0.903604
v 0.480000 -0.375000 0.906373
v 0.485328 -0.412503 0.903604
v 0.500502 -0.444296 0.895719
v 0.523212 -0.465540 0.883919
v 0.550000 -0.277000 0.870000
v 0.503602 -0.284460 0.878036
v 0.464268 -0.305704 0.884849
v 0.437985 -0.337497 0.889401
v 0.428756 -0.375000 0.891000
v 0.437985 -0.412503 0.889401
v 0.464268 -0.444296 0.884849
v 0.503602 -0.465540 0.878036
v 0.550000 -0.473000 0.870000
v 0.496424 -0.284460 0.870000
v 0.451005 -0.305704 0.870000
v 0.420657 -0.337497 0.870000
v 0.410000 -0.375000 0.870000
v 0.420657 -0.412503 0.870000
v 0.451005 -0.444296 0.870000
v 0.496424 -0.465540 0.870000
v 0.503602 -0.284460 0.861963
v 0.464268 -0.305704 0.855150
v 0.437985 -0.337497 0.850598
v 0.428756 -0.375000 0.849000
v 0.437985 -0.412503 0.850598
v 0.464268 -0.444296 0.855150
v 0.503602 -0.465540 0.861963
v 0.523212 -0.284460 0.856080
v 0.500502 -0.305704 0.844280
v 0.485328 -0.337497 0.836395
v 0.480000 -0.375000 0.833627
v 0.485328 -0.412503 0.836395
v 0.500502 -0.444296 0.844280
v 0.523212 -0.465540 0.856080
v 0.550000 -0.337497 0.831197
v 0.550000 -0.375000 0.828000
v 0.550000 -0.412503 0.831197
v 0.550000 -0.444296 0.840301
v 0.550000 -0.465540 0.853927
v -0.550000 -0.284460 0.853927
v -0.550000 -0.305704 0.840301
v -0.523212 -0.284460 0.856080
v -0.500503 -0.305704 0.844280
v -0.485329 -0.337497 0.836395
v -0.480000 -0.375000 0.833627
v -0.485329 -0.412503 0.836395
v -0.500503 -0.444296 0.844280
v -0.523212 -0.465540 0.856080
v -0.503602 -0.284460 0.861963
v -0.464268 -0.305704 0.855150
v -0.437986 -0.337497 0.850598
v -0.428757 -0.375000 0.849000
v -0.437986 -0.412503 0.850598
v -0.464268 -0.444296 0.855150
v -0.503602 -0.465540 0.861963
v -0.496424 -0.284460 0.870000
v -0.451005 -0.305704 0.870000
v -0.420657 -0.337497 0.870000
v -0.410000 -0.375000 0.870000
v -0.420657 -0.412503 0.870000
v -0.451005 -0.444296 0.870000
v -0.496424 -0.465540 0.870000
v -0.503602 -0.284460 0.878036
v -0.464268 -0.305704 0.884849
v -0.437986 -0.337497 0.889401
v -0.428757 -0.375000 0.891000
v -0.437986 -0.412503 0.889401
v -0.464268 -0.444296 0.884849
v -0.503602 -0.465540 0.878036
v -0.523212 -0.284460 0.883919
v -0.500503 -0.305704 0.895719
v -0.485329 -0.337497 0.903604
v -0.480000 -0.375000 0.906373
v -0.485329 -0.412503 0.903604
v -0.500503 -0.444296 0.895719
v -0.523212 -0.465540 0.883919
v -0.550000 -0.284460 0.886072
v -0.550000 -0.305704 0.899698
v -0.550000 -0.337497 0.908803
v -0.550000 -0.375000 0.912000
v -0.550000 -0.412503 0.908803
v -0.550000 -0.444296 0.899698
v -0.550000 -0.465540 0.886072
v -0.576788 -0.284460 0.883919
v -0.599498 -0.305704 0.895719
v -0.614672 -0.337497 0.903604
v -0.620000 -0.375000 0.906373
v -0.614672 -0.412503 0.903604
v -0.599498 -0.444296 0.895719
v -0.576788 -0.465540 0.883919
v -0.550000 -0.277000 0.870000
v -0.596398 -0.284460 0.878036
v -0.635732 -0.305704 0.884849
v -0.662015 -0.337497 0.889401
v -0.671244 -0.375000 0.891000
v -0.662015 -0.412503 0.889401
v -0.635732 -0.444296 0.884849
v -0.596398 -0.465540 0.878036
v -0.550000 -0.473000 0.870000
v -0.603576 -0.284460 0.870000
v -0.648995 -0.305704 0.870000
v -0.679343 -0.337497 0.870000
v -0.690000 -0.375000 0.870000
v -0.679343 -0.412503 0.870000
v -0.648995 -0.444296 0.870000
v -0.603576 -0.465540 0.870000
v -0.596398 -0.284460 0.861963
v -0.635732 -0.305704 0.855150
v -0.662015 -0.337497 0.850598
v -0.671244 -0.375000 0.849000
v -0.662015 -0.412503 0.850598
v -0.635732 -0.444296 0.855150
v -0.596398 -0.465540 0.861963
v -0.576788 -0.284460 0.856080
v -0.599498 -0.305704 0.844280
v -0.614672 -0.337497 0.836395
v -0.620000 -0.375000 0.833627
v -0.614672 -0.412503 0.836395
v -0.599498 -0.444296 0.844280
v -0.576788 -0.465540 0.856080
v -0.550000 -0.337497 0.831197
v -0.550000 -0.375000 0.828000
v -0.550000 -0.412503 0.831197
v -0.550000 -0.444296 0.840301
v -0.550000 -0.465540 0.853927
vt 0.750000 0.812500
vt 0.750000 0.875000
vt 0.708333 0.875000
vt 0.708333 0.812500
vt 0.750000 0.312500
vt 0.750000 0.375000
vt 0.708333 0.375000
vt 0.708333 0.312500
vt 0.750000 0.750000
vt 0.708333 0.750000
vt 0.750000 0.250000
vt 0.708333 0.250000
vt 0.750000 0.687500
vt 0.708333 0.687500
vt 0.750000 0.187500
vt 0.708333 0.187500
vt 0.750000 0.625000
vt 0.708333 0.625000
vt 0.750000 0.125000
vt 0.708333 0.125000
vt 0.750000 0.562500
vt 0.708333 0.562500
vt 0.750000 0.062500
vt 0.708333 0.062500
vt 0.750000 0.500000
vt 0.708333 0.500000
vt 0.750000 0.937500
vt 0.729167 1.000000
vt 0.708333 0.937500
vt 0.729167 0.000000
vt 0.750000 0.437500
vt 0.708333 0.437500
vt 0.666667 0.500000
vt 0.666667 0.437500
vt 0.666667 0.937500
vt 0.666667 0.875000
vt 0.666667 0.375000
vt 0.666667 0.812500
vt 0.666667 0.312500
vt 0.666667 0.750000
vt 0.666667 0.250000
vt 0.666667 0.687500
vt 0.666667 0.187500
vt 0.666667 0.625000
vt 0.666667 0.125000
vt 0.666667 0.562500
vt 0.666667 0.062500
vt 0.687500 1.000000
vt 0.687500 0.000000
vt 0.625000 0.250000
vt 0.625000 0.187500
vt 0.625000 0.687500
vt 0.625000 0.625000
vt 0.625000 0.125000
vt 0.625000 0.562500
vt 0.625000 0.062500
vt 0.625000 0.500000
vt 0.645833 1.000000
vt 0.625000 0.937500
vt 0.645833 0.000000
vt 0.625000 0.437500
vt 0.625000 0.875000
vt 0.625000 0.375000
vt 0.625000 0.812500
vt 0.625000 0.312500
vt 0.625000 0.750000
vt 0.583333 0.437500
vt 0.583333 0.375000
vt 0.583333 0.875000
vt 0.583333 0.812500
vt 0.583333 0.312500
vt 0.583333 0.750000
vt 0.583333 0.250000
vt 0.583333 0.687500
vt 0.583333 0.187500
vt 0.583333 0.625000
vt 0.583333 0.125000
vt 0.583333 0.562500
vt 0.583333 0.062500
vt 0.583333 0.500000
vt 0.604167 1.000000
vt 0.583333 0.937500
vt 0.604167 0.000000
vt 0.541667 0.187500
vt 0.541667 0.125000
vt 0.541667 0.625000
vt 0.541667 0.562500
vt 0.541667 0.062500
vt 0.541667 0.500000
vt 0.562500 1.000000
vt 0.541667 0.937500
vt 0.562500 0.000000
vt 0.541667 0.437500
vt 0.541667 0.875000
vt 0.541667 0.375000
vt 0.541667 0.812500
vt 0.541667 0.312500
vt 0.541667 0.750000
vt 0.541667 0.250000
vt 0.541667 0.687500
vt 0.500000 0.875000
vt 0.500000 0.812500
vt 0.500000 0.375000
vt 0.500000 0.312500
vt 0.500000 0.750000
vt 0.500000 0.250000
vt 0.500000 0.687500
vt 0.500000 0.187500
vt 0.500000 0.625000
vt 0.500000 0.125000
vt 0.500000 0.562500
vt 0.500000 0.062500
vt 0.500000 0.500000
vt 0.520833 1.000000
vt 0.500000 0.937500
vt 0.520833 0.000000
vt 0.500000 0.437500
vt 0.458333 0.625000
vt 0.458333 0.562500
vt 0.458333 0.125000
vt 0.458333 0.062500
vt 0.458333 0.500000
vt 0.479167 1.000000
vt 0.458333 0.937500
vt 0.479167 0.000000
vt 0.458333 0.437500
vt 0.458333 0.875000
vt 0.458333 0.375000
vt 0.458333 0.812500
vt 0.458333 0.312500
vt 0.458333 0.750000
vt 0.458333 0.250000
vt 0.458333 0.687500
vt 0.458333 0.187500
vt 0.416667 0.375000
vt 0.416667 0.312500
vt 0.416667 0.812500
vt 0.416667 0.750000
vt 0.416667 0.250000
vt 0.416667 0.687500
vt 0.416667 0.187500
vt 0.416667 0.625000
vt 0.416667 0.125000
vt 0.416667 0.562500
vt 0.416667 0.062500
vt 0.416667 0.500000
vt 0.437500 1.000000
vt 0.416667 0.937500
vt 0.437500 0.000000
vt 0.416667 0.437500
vt 0.416667 0.875000
vt 0.375000 0.125000
vt 0.375000 0.062500
vt 0.375000 0.562500
vt 0.375000 0.500000
vt 0.395833 1.000000
vt 0.375000 0.937500
vt 0.395833 0.000000
vt 0.375000 0.437500
vt 0.375000 0.875000
vt 0.375000 0.375000
vt 0.375000 0.812500
vt 0.375000 0.312500
vt 0.375000 0.750000
vt 0.375000 0.250000
vt 0.375000 0.687500
vt 0.375000 0.187500
vt 0.375000 0.625000
vt 0.333333 0.812500
vt 0.333333 0.750000
vt 0.333333 0.312500
vt 0.333333 0.250000
vt 0.333333 0.687500
vt 0.333333 0.187500
vt 0.333333 0.625000
vt 0.333333 0.125000
vt 0.333333 0.562500
vt 0.333333 0.062500
vt 0.333333 0.500000
vt 0.354167 1.000000
vt 0.333333 0.937500
vt 0.354167 0.000000
vt 0.333333 0.437500
vt 0.333333 0.875000
vt 0.333333 0.375000
vt 0.291667 0.562500
vt 0.291667 0.500000
vt 0.312500 1.000000
vt 0.291667 0.937500
vt 0.312500 0.000000
vt 0.291667 0.062500
vt 0.291667 0.437500
vt 0.291667 0.875000
vt 0.291667 0.375000
vt 0.291667 0.812500
vt 0.291667 0.312500
vt 0.291667 0.750000
vt 0.291667 0.250000
vt 0.291667 0.687500
vt 0.291667 0.187500
vt 0.291667 0.625000
vt 0.291667 0.125000
vt 0.250000 0.312500
vt 0.250000 0.250000
vt 0.250000 0.750000
vt 0.250000 0.687500
vt 0.250000 0.187500
vt 0.250000 0.625000
vt 0.250000 0.125000
vt 0.250000 0.562500
vt 0.250000 0.062500
vt 0.250000 0.500000
vt 0.270833 1.000000
vt 0.250000 0.937500
vt 0.270833 0.000000
vt 0.250000 0.437500
vt 0.250000 0.875000
vt 0.250000 0.375000
vt 0.250000 0.812500
vt 0.229167 0.000000
vt 0.208333 0.062500
vt 0.208333 0.500000
vt 0.208333 0.437500
vt 0.208333 0.937500
vt 0.208333 0.875000
vt 0.208333 0.375000
vt 0.208333 0.812500
vt 0.208333 0.312500
vt 0.208333 0.750000
vt 0.208333 0.250000
vt 0.208333 0.687500
vt 0.208333 0.187500
vt 0.208333 0.625000
vt 0.208333 0.125000
vt 0.208333 0.562500
vt 0.229167 1.000000
vt 0.166667 0.250000
vt 0.166667 0.187500
vt 0.166667 0.687500
vt 0.166667 0.625000
vt 0.166667 0.125000
vt 0.166667 0.562500
vt 0.166667 0.062500
vt 0.166667 0.500000
vt 0.187500 1.000000
vt 0.166667 0.937500
vt 0.187500 0.000000
vt 0.166667 0.437500
vt 0.166667 0.875000
vt 0.166667 0.375000
vt 0.166667 0.812500
vt 0.166667 0.312500
vt 0.166667 0.750000
vt 0.125000 0.937500
vt 0.125000 0.875000
vt 0.125000 0.437500
vt 0.125000 0.375000
vt 0.125000 0.812500
vt 0.125000 0.312500
vt 0.125000 0.750000
vt 0.125000 0.250000
vt 0.125000 0.687500
vt 0.125000 0.187500
vt 0.125000 0.625000
vt 0.125000 0.125000
vt 0.125000 0.562500
vt 0.125000 0.062500
vt 0.125000 0.500000
vt 0.145833 1.000000
vt 0.145833 0.000000
vt 0.083333 0.687500
vt 0.083333 0.625000
vt 0.083333 0.187500
vt 0.083333 0.125000
vt 0.083333 0.562500
vt 0.083333 0.062500
vt 0.083333 0.500000
vt 0.104167 1.000000
vt 0.083333 0.937500
vt 0.104167 0.000000
vt 0.083333 0.437500
vt 0.083333 0.875000
vt 0.083333 0.375000
vt 0.083333 0.812500
vt 0.083333 0.312500
vt 0.083333 0.750000
vt 0.083333 0.250000
vt 0.041667 0.437500
vt 0.041667 0.375000
vt 0.041667 0.875000
vt 0.041667 0.812500
vt 0.041667 0.312500
vt 0.041667 0.750000
vt 0.041667 0.250000
vt 0.041667 0.687500
vt 0.041667 0.187500
vt 0.041667 0.625000
vt 0.041667 0.125000
vt 0.041667 0.562500
vt 0.041667 0.062500
vt 0.041667 0.500000
vt 0.062500 1.000000
vt 0.041667 0.937500
vt 0.062500 0.000000
vt 0.000000 0.187500
vt 0.000000 0.125000
vt 0.000000 0.625000
vt 0.000000 0.562500
vt 0.000000 0.062500
vt 0.000000 0.500000
vt 0.020833 1.000000
vt 0.000000 0.937500
vt 0.020833 0.000000
vt 0.000000 0.437500
vt 0.000000 0.875000
vt 0.000000 0.375000
vt 0.000000 0.812500
vt 0.000000 0.312500
vt 0.000000 0.750000
vt 0.000000 0.250000
vt 0.000000 0.687500
vt 1.000000 0.812500
vt 1.000000 0.875000
vt 0.958333 0.875000
vt 0.958333 0.812500
vt 1.000000 0.312500
vt 1.000000 0.375000
vt 0.958333 0.375000
vt 0.958333 0.312500
vt 1.000000 0.750000
vt 0.958333 0.750000
vt 1.000000 0.250000
vt 0.958333 0.250000
vt 1.000000 0.687500
vt 0.958333 0.687500
vt 1.000000 0.187500
vt 0.958333 0.187500
vt 1.000000 0.625000
vt 0.958333 0.625000
vt 1.000000 0.125000
vt 0.958333 0.125000
vt 1.000000 0.562500
vt 0.958333 0.562500
vt 1.000000 0.062500
vt 0.958333 0.062500
vt 1.000000 0.500000
vt 0.958333 0.500000
vt 1.000000 0.937500
vt 0.979167 1.000000
vt 0.958333 0.937500
vt 0.979167 0.000000
vt 1.000000 0.437500
vt 0.958333 0.437500
vt 0.916667 0.625000
vt 0.916667 0.562500
vt 0.916667 0.125000
vt 0.916667 0.062500
vt 0.916667 0.500000
vt 0.937500 1.000000
vt 0.916667 0.937500
vt 0.937500 0.000000
vt 0.916667 0.437500
vt 0.916667 0.875000
vt 0.916667 0.375000
vt 0.916667 0.812500
vt 0.916667 0.312500
vt 0.916667 0.750000
vt 0.916667 0.250000
vt 0.916667 0.687500
vt 0.916667 0.187500
vt 0.875000 0.375000
vt 0.875000 0.312500
vt 0.875000 0.812500
vt 0.875000 0.750000
vt 0.875000 0.250000
vt 0.875000 0.687500
vt 0.875000 0.187500
vt 0.875000 0.625000
vt 0.875000 0.125000
vt 0.875000 0.562500
vt 0.875000 0.062500
vt 0.875000 0.500000
vt 0.895833 1.000000
vt 0.875000 0.937500
vt 0.895833 0.000000
vt 0.875000 0.437500
vt 0.875000 0.875000
vt 0.833333 0.125000
vt 0.833333 0.062500
vt 0.833333 0.562500
vt 0.833333 0.500000
vt 0.854167 1.000000
vt 0.833333 0.937500
vt 0.854167 0.000000
vt 0.833333 0.437500
vt 0.833333 0.875000
vt 0.833333 0.375000
vt 0.833333 0.812500
vt 0.833333 0.312500
vt 0.833333 0.750000
vt 0.833333 0.250000
vt 0.833333 0.687500
vt 0.833333 0.187500
vt 0.833333 0.625000
vt 0.791667 0.312500
vt 0.791667 0.250000
vt 0.791667 0.750000
vt 0.791667 0.687500
vt 0.791667 0.187500
vt 0.791667 0.625000
vt 0.791667 0.125000
vt 0.791667 0.562500
vt 0.791667 0.062500
vt 0.791667 0.500000
vt 0.812500 1.000000
vt 0.791667 0.937500
vt 0.812500 0.000000
vt 0.791667 0.437500
vt 0.791667 0.875000
vt 0.791667 0.375000
vt 0.791667 0.812500
vt 0.770833 1.000000
vt 0.770833 0.000000
vt 0.750000 0.416667
vt 0.750000 0.500000
vt 0.687500 0.500000
vt 0.687500 0.416667
vt 0.750000 0.666667
vt 0.750000 0.750000
vt 0.687500 0.750000
vt 0.687500 0.666667
vt 0.750000 0.083333
vt 0.750000 0.166667
vt 0.687500 0.166667
vt 0.687500 0.083333
vt 0.750000 0.916667
vt 0.718750 1.000000
vt 0.687500 0.916667
vt 0.750000 0.333333
vt 0.687500 0.333333
vt 0.750000 0.583333
vt 0.687500 0.583333
vt 0.718750 0.000000
vt 0.750000 0.833333
vt 0.687500 0.833333
vt 0.750000 0.250000
vt 0.687500 0.250000
vt 0.656250 0.000000
vt 0.625000 0.083333
vt 0.625000 0.916667
vt 0.625000 0.833333
vt 0.625000 0.333333
vt 0.625000 0.250000
vt 0.625000 0.583333
vt 0.625000 0.500000
vt 0.625000 0.750000
vt 0.625000 0.166667
vt 0.625000 0.416667
vt 0.625000 0.666667
vt 0.656250 1.000000
vt 0.562500 0.750000
vt 0.562500 0.666667
vt 0.562500 0.166667
vt 0.562500 0.083333
vt 0.593750 1.000000
vt 0.562500 0.916667
vt 0.562500 0.416667
vt 0.562500 0.333333
vt 0.562500 0.583333
vt 0.593750 0.000000
vt 0.562500 0.833333
vt 0.562500 0.250000
vt 0.562500 0.500000
vt 0.500000 0.833333
vt 0.500000 0.750000
vt 0.500000 0.250000
vt 0.500000 0.166667
vt 0.500000 0.500000
vt 0.500000 0.416667
vt 0.500000 0.666667
vt 0.500000 0.083333
vt 0.531250 1.000000
vt 0.500000 0.916667
vt 0.500000 0.333333
vt 0.500000 0.583333
vt 0.531250 0.000000
vt 0.437500 0.666667
vt 0.437500 0.583333
vt 0.468750 0.000000
vt 0.437500 0.083333
vt 0.437500 0.916667
vt 0.437500 0.833333
vt 0.437500 0.333333
vt 0.437500 0.250000
vt 0.437500 0.500000
vt 0.437500 0.750000
vt 0.437500 0.166667
vt 0.437500 0.416667
vt 0.468750 1.000000
vt 0.375000 0.750000
vt 0.375000 0.666667
vt 0.375000 0.166667
vt 0.375000 0.083333
vt 0.406250 1.000000
vt 0.375000 0.916667
vt 0.375000 0.416667
vt 0.375000 0.333333
vt 0.375000 0.583333
vt 0.406250 0.000000
vt 0.375000 0.833333
vt 0.375000 0.250000
vt 0.375000 0.500000
vt 0.312500 0.583333
vt 0.312500 0.500000
vt 0.312500 0.833333
vt 0.312500 0.750000
vt 0.312500 0.250000
vt 0.312500 0.166667
vt 0.312500 0.416667
vt 0.312500 0.666667
vt 0.312500 0.083333
vt 0.343750 1.000000
vt 0.312500 0.916667
vt 0.312500 0.333333
vt 0.343750 0.000000
vt 0.250000 0.666667
vt 0.250000 0.583333
vt 0.281250 0.000000
vt 0.250000 0.083333
vt 0.250000 0.916667
vt 0.250000 0.833333
vt 0.250000 0.333333
vt 0.250000 0.250000
vt 0.250000 0.500000
vt 0.250000 0.750000
vt 0.250000 0.166667
vt 0.250000 0.416667
vt 0.281250 1.000000
vt 0.187500 0.500000
vt 0.187500 0.416667
vt 0.187500 0.750000
vt 0.187500 0.666667
vt 0.187500 0.166667
vt 0.187500 0.083333
vt 0.218750 1.000000
vt 0.187500 0.916667
vt 0.187500 0.333333
vt 0.187500 0.583333
vt 0.218750 0.000000
vt 0.187500 0.833333
vt 0.187500 0.250000
vt 0.125000 0.583333
vt 0.125000 0.500000
vt 0.125000 0.833333
vt 0.125000 0.750000
vt 0.125000 0.250000
vt 0.125000 0.166667
vt 0.125000 0.416667
vt 0.125000 0.666667
vt 0.125000 0.083333
vt 0.156250 1.000000
vt 0.125000 0.916667
vt 0.125000 0.333333
vt 0.156250 0.000000
vt 0.062500 0.416667
vt 0.062500 0.333333
vt 0.062500 0.666667
vt 0.062500 0.583333
vt 0.093750 0.000000
vt 0.062500 0.083333
vt 0.062500 0.916667
vt 0.062500 0.833333
vt 0.062500 0.250000
vt 0.062500 0.500000
vt 0.062500 0.750000
vt 0.062500 0.166667
vt 0.093750 1.000000
vt 0.000000 0.500000
vt 0.000000 0.416667
vt 0.000000 0.750000
vt 0.000000 0.666667
vt 0.000000 0.166667
vt 0.000000 0.083333
vt 0.031250 1.000000
vt 0.000000 0.916667
vt 0.000000 0.333333
vt 0.000000 0.583333
vt 0.031250 0.000000
vt 0.000000 0.833333
vt 0.000000 0.250000
vt 1.000000 0.250000
vt 1.000000 0.333333
vt 0.937500 0.333333
vt 0.937500 0.250000
vt 1.000000 0.500000
vt 1.000000 0.583333
vt 0.937500 0.583333
vt 0.937500 0.500000
vt 1.000000 0.750000
vt 1.000000 0.833333
vt 0.937500 0.833333
vt 0.937500 0.750000
vt 1.000000 0.166667
vt 0.937500 0.166667
vt 1.000000 0.416667
vt 0.937500 0.416667
vt 1.000000 0.666667
vt 0.937500 0.666667
vt 1.000000 0.083333
vt 0.937500 0.083333
vt 1.000000 0.916667
vt 0.968750 1.000000
vt 0.937500 0.916667
vt 0.968750 0.000000
vt 0.906250 1.000000
vt 0.875000 0.916667
vt 0.875000 0.416667
vt 0.875000 0.333333
vt 0.875000 0.666667
vt 0.875000 0.583333
vt 0.906250 0.000000
vt 0.875000 0.083333
vt 0.875000 0.833333
vt 0.875000 0.250000
vt 0.875000 0.500000
vt 0.875000 0.750000
vt 0.875000 0.166667
vt 0.812500 0.250000
vt 0.812500 0.166667
vt 0.812500 0.500000
vt 0.812500 0.416667
vt 0.812500 0.750000
vt 0.812500 0.666667
vt 0.812500 0.083333
vt 0.843750 1.000000
vt 0.812500 0.916667
vt 0.812500 0.333333
vt 0.812500 0.583333
vt 0.843750 0.000000
vt 0.812500 0.833333
vt 0.781250 1.000000
vt 0.781250 0.000000
vt 0.750000 0.583333
vt 0.750000 0.666667
vt 0.687500 0.666667
vt 0.687500 0.583333
vt 0.718750 0.000000
vt 0.750000 0.083333
vt 0.687500 0.083333
vt 0.750000 0.833333
vt 0.750000 0.916667
vt 0.687500 0.916667
vt 0.687500 0.833333
vt 0.750000 0.250000
vt 0.750000 0.333333
vt 0.687500 0.333333
vt 0.687500 0.250000
vt 0.750000 0.500000
vt 0.687500 0.500000
vt 0.750000 0.750000
vt 0.687500 0.750000
vt 0.750000 0.166667
vt 0.687500 0.166667
vt 0.750000 0.416667
vt 0.687500 0.416667
vt 0.718750 1.000000
vt 0.625000 0.250000
vt 0.625000 0.166667
vt 0.625000 0.500000
vt 0.625000 0.416667
vt 0.625000 0.750000
vt 0.625000 0.666667
vt 0.625000 0.083333
vt 0.656250 1.000000
vt 0.625000 0.916667
vt 0.625000 0.333333
vt 0.625000 0.583333
vt 0.656250 0.000000
vt 0.625000 0.833333
vt 0.562500 0.916667
vt 0.562500 0.833333
vt 0.562500 0.333333
vt 0.562500 0.250000
vt 0.562500 0.583333
vt 0.562500 0.500000
vt 0.562500 0.750000
vt 0.562500 0.166667
vt 0.562500 0.416667
vt 0.562500 0.666667
vt 0.562500 0.083333
vt 0.593750 1.000000
vt 0.593750 0.000000
vt 0.500000 0.166667
vt 0.500000 0.083333
vt 0.531250 1.000000
vt 0.500000 0.916667
vt 0.500000 0.416667
vt 0.500000 0.333333
vt 0.500000 0.666667
vt 0.500000 0.583333
vt 0.531250 0.000000
vt 0.500000 0.833333
vt 0.500000 0.250000
vt 0.500000 0.500000
vt 0.500000 0.750000
vt 0.437500 0.833333
vt 0.437500 0.750000
vt 0.437500 0.250000
vt 0.437500 0.166667
vt 0.437500 0.500000
vt 0.437500 0.416667
vt 0.437500 0.666667
vt 0.437500 0.083333
vt 0.468750 1.000000
vt 0.437500 0.916667
vt 0.437500 0.333333
vt 0.437500 0.583333
vt 0.468750 0.000000
vt 0.406250 0.000000
vt 0.375000 0.083333
vt 0.375000 0.916667
vt 0.375000 0.833333
vt 0.375000 0.333333
vt 0.375000 0.250000
vt 0.375000 0.583333
vt 0.375000 0.500000
vt 0.375000 0.750000
vt 0.375000 0.166667
vt 0.375000 0.416667
vt 0.375000 0.666667
vt 0.406250 1.000000
vt 0.312500 0.750000
vt 0.312500 0.666667
vt 0.312500 0.166667
vt 0.312500 0.083333
vt 0.343750 1.000000
vt 0.312500 0.916667
vt 0.312500 0.416667
vt 0.312500 0.333333
vt 0.312500 0.583333
vt 0.343750 0.000000
vt 0.312500 0.833333
vt 0.312500 0.250000
vt 0.312500 0.500000
vt 0.250000 0.833333
vt 0.250000 0.750000
vt 0.250000 0.250000
vt 0.250000 0.166667
vt 0.250000 0.500000
vt 0.250000 0.416667
vt 0.250000 0.666667
vt 0.250000 0.083333
vt 0.281250 1.000000
vt 0.250000 0.916667
vt 0.250000 0.333333
vt 0.250000 0.583333
vt 0.281250 0.000000
vt 0.187500 0.666667
vt 0.187500 0.583333
vt 0.218750 0.000000
vt 0.187500 0.083333
vt 0.187500 0.916667
vt 0.187500 0.833333
vt 0.187500 0.333333
vt 0.187500 0.250000
vt 0.187500 0.500000
vt 0.187500 0.750000
vt 0.187500 0.166667
vt 0.187500 0.416667
vt 0.218750 1.000000
vt 0.125000 0.750000
vt 0.125000 0.666667
vt 0.125000 0.166667
vt 0.125000 0.083333
vt 0.156250 1.000000
vt 0.125000 0.916667
vt 0.125000 0.416667
vt 0.125000 0.333333
vt 0.125000 0.583333
vt 0.156250 0.000000
vt 0.125000 0.833333
vt 0.125000 0.250000
vt 0.125000 0.500000
vt 0.062500 0.583333
vt 0.062500 0.500000
vt 0.062500 0.833333
vt 0.062500 0.750000
vt 0.062500 0.250000
vt 0.062500 0.166667
vt 0.062500 0.416667
vt 0.062500 0.666667
vt 0.062500 0.083333
vt 0.093750 1.000000
vt 0.062500 0.916667
vt 0.062500 0.333333
vt 0.093750 0.000000
vt 0.000000 0.666667
vt 0.000000 0.583333
vt 0.031250 0.000000
vt 0.000000 0.083333
vt 0.000000 0.916667
vt 0.000000 0.833333
vt 0.000000 0.333333
vt 0.000000 0.250000
vt 0.000000 0.500000
vt 0.000000 0.750000
vt 0.000000 0.166667
vt 0.000000 0.416667
vt 0.031250 1.000000
vt 1.000000 0.416667
vt 1.000000 0.500000
vt 0.937500 0.500000
vt 0.937500 0.416667
vt 1.000000 0.666667
vt 1.000000 0.750000
vt 0.937500 0.750000
vt 0.937500 0.666667
vt 1.000000 0.083333
vt 1.000000 0.166667
vt 0.937500 0.166667
vt 0.937500 0.083333
vt 1.000000 0.916667
vt 0.968750 1.000000
vt 0.937500 0.916667
vt 1.000000 0.333333
vt 0.937500 0.333333
vt 1.000000 0.583333
vt 0.937500 0.583333
vt 0.968750 0.000000
vt 1.000000 0.833333
vt 0.937500 0.833333
vt 1.000000 0.250000
vt 0.937500 0.250000
vt 0.875000 0.583333
vt 0.875000 0.500000
vt 0.875000 0.833333
vt 0.875000 0.750000
vt 0.875000 0.250000
vt 0.875000 0.166667
vt 0.875000 0.416667
vt 0.875000 0.666667
vt 0.875000 0.083333
vt 0.906250 1.000000
vt 0.875000 0.916667
vt 0.875000 0.333333
vt 0.906250 0.000000
vt 0.812500 0.416667
vt 0.812500 0.333333
vt 0.812500 0.666667
vt 0.812500 0.583333
vt 0.843750 0.000000
vt 0.812500 0.083333
vt 0.812500 0.916667
vt 0.812500 0.833333
vt 0.812500 0.250000
vt 0.812500 0.500000
vt 0.812500 0.750000
vt 0.812500 0.166667
vt 0.843750 1.000000
vt 0.781250 1.000000
vt 0.781250 0.000000
vt 0.750000 0.500000
vt 0.750000 0.625000
vt 0.666667 0.625000
vt 0.666667 0.500000
vt 0.750000 0.750000
vt 0.750000 0.875000
vt 0.666667 0.875000
vt 0.666667 0.750000
vt 0.750000 0.125000
vt 0.750000 0.250000
vt 0.666667 0.250000
vt 0.666667 0.125000
vt 0.750000 0.375000
vt 0.666667 0.375000
vt 0.708333 1.000000
vt 0.708333 0.000000
vt 0.583333 0.250000
vt 0.583333 0.125000
vt 0.583333 0.500000
vt 0.583333 0.375000
vt 0.583333 0.750000
vt 0.583333 0.625000
vt 0.625000 1.000000
vt 0.583333 0.875000
vt 0.625000 0.000000
vt 0.541667 1.000000
vt 0.500000 0.875000
vt 0.541667 0.000000
vt 0.500000 0.125000
vt 0.500000 0.375000
vt 0.500000 0.250000
vt 0.500000 0.625000
vt 0.500000 0.500000
vt 0.500000 0.750000
vt 0.416667 0.375000
vt 0.416667 0.250000
vt 0.416667 0.625000
vt 0.416667 0.500000
vt 0.416667 0.875000
vt 0.416667 0.750000
vt 0.416667 0.125000
vt 0.458333 1.000000
vt 0.458333 0.000000
vt 0.333333 0.250000
vt 0.333333 0.125000
vt 0.333333 0.500000
vt 0.333333 0.375000
vt 0.333333 0.750000
vt 0.333333 0.625000
vt 0.375000 1.000000
vt 0.333333 0.875000
vt 0.375000 0.000000
vt 0.250000 0.500000
vt 0.250000 0.375000
vt 0.250000 0.750000
vt 0.250000 0.625000
vt 0.291667 1.000000
vt 0.250000 0.875000
vt 0.291667 0.000000
vt 0.250000 0.125000
vt 0.250000 0.250000
vt 0.208333 0.000000
vt 0.166667 0.125000
vt 0.166667 0.375000
vt 0.166667 0.250000
vt 0.166667 0.625000
vt 0.166667 0.500000
vt 0.166667 0.875000
vt 0.166667 0.750000
vt 0.208333 1.000000
vt 0.083333 0.625000
vt 0.083333 0.500000
vt 0.083333 0.875000
vt 0.083333 0.750000
vt 0.083333 0.250000
vt 0.083333 0.125000
vt 0.083333 0.375000
vt 0.125000 1.000000
vt 0.125000 0.000000
vt 0.000000 0.250000
vt 0.000000 0.125000
vt 0.000000 0.500000
vt 0.000000 0.375000
vt 0.000000 0.750000
vt 0.000000 0.625000
vt 0.041667 1.000000
vt 0.000000 0.875000
vt 0.041667 0.000000
vt 1.000000 0.625000
vt 1.000000 0.750000
vt 0.916667 0.750000
vt 0.916667 0.625000
vt 1.000000 0.875000
vt 0.958333 1.000000
vt 0.916667 0.875000
vt 0.958333 0.000000
vt 1.000000 0.125000
vt 0.916667 0.125000
vt 1.000000 0.250000
vt 1.000000 0.375000
vt 0.916667 0.375000
vt 0.916667 0.250000
vt 1.000000 0.500000
vt 0.916667 0.500000
vt 0.875000 0.000000
vt 0.833333 0.125000
vt 0.833333 0.375000
vt 0.833333 0.250000
vt 0.833333 0.625000
vt 0.833333 0.500000
vt 0.833333 0.875000
vt 0.833333 0.750000
vt 0.875000 1.000000
vt 0.791667 1.000000
vt 0.791667 0.000000
vt 0.750000 0.125000
vt 0.750000 0.250000
vt 0.666667 0.250000
vt 0.666667 0.125000
vt 0.750000 0.375000
vt 0.750000 0.500000
vt 0.666667 0.500000
vt 0.666667 0.375000
vt 0.750000 0.625000
vt 0.750000 0.750000
vt 0.666667 0.750000
vt 0.666667 0.625000
vt 0.750000 0.875000
vt 0.708333 1.000000
vt 0.666667 0.875000
vt 0.708333 0.000000
vt 0.625000 1.000000
vt 0.583333 0.875000
vt 0.625000 0.000000
vt 0.583333 0.125000
vt 0.583333 0.375000
vt 0.583333 0.250000
vt 0.583333 0.625000
vt 0.583333 0.500000
vt 0.583333 0.750000
vt 0.500000 0.375000
vt 0.500000 0.250000
vt 0.500000 0.625000
vt 0.500000 0.500000
vt 0.500000 0.875000
vt 0.500000 0.750000
vt 0.500000 0.125000
vt 0.541667 1.000000
vt 0.541667 0.000000
vt 0.416667 0.250000
vt 0.416667 0.125000
vt 0.416667 0.500000
vt 0.416667 0.375000
vt 0.416667 0.750000
vt 0.416667 0.625000
vt 0.458333 1.000000
vt 0.416667 0.875000
vt 0.458333 0.000000
vt 0.333333 0.500000
vt 0.333333 0.375000
vt 0.333333 0.750000
vt 0.333333 0.625000
vt 0.375000 1.000000
vt 0.333333 0.875000
vt 0.375000 0.000000
vt 0.333333 0.125000
vt 0.333333 0.250000
vt 0.291667 0.000000
vt 0.250000 0.125000
vt 0.250000 0.375000
vt 0.250000 0.250000
vt 0.250000 0.625000
vt 0.250000 0.500000
vt 0.250000 0.875000
vt 0.250000 0.750000
vt 0.291667 1.000000
vt 0.166667 0.625000
vt 0.166667 0.500000
vt 0.166667 0.875000
vt 0.166667 0.750000
vt 0.166667 0.250000
vt 0.166667 0.125000
vt 0.166667 0.375000
vt 0.208333 1.000000
vt 0.208333 0.000000
vt 0.083333 0.250000
vt 0.083333 0.125000
vt 0.083333 0.500000
vt 0.083333 0.375000
vt 0.083333 0.750000
vt 0.083333 0.625000
vt 0.125000 1.000000
vt 0.083333 0.875000
vt 0.125000 0.000000
vt 0.000000 0.750000
vt 0.000000 0.625000
vt 0.041667 1.000000
vt 0.000000 0.875000
vt 0.041667 0.000000
vt 0.000000 0.125000
vt 0.000000 0.375000
vt 0.000000 0.250000
vt 0.000000 0.500000
vt 0.958333 0.000000
vt 1.000000 0.125000
vt 0.916667 0.125000
vt 1.000000 0.250000
vt 1.000000 0.375000
vt 0.916667 0.375000
vt 0.916667 0.250000
vt 1.000000 0.500000
vt 1.000000 0.625000
vt 0.916667 0.625000
vt 0.916667 0.500000
vt 1.000000 0.750000
vt 1.000000 0.875000
vt 0.916667 0.875000
vt 0.916667 0.750000
vt 0.958333 1.000000
vt 0.833333 0.875000
vt 0.833333 0.750000
vt 0.833333 0.250000
vt 0.833333 0.125000
vt 0.833333 0.500000
vt 0.833333 0.375000
vt 0.833333 0.625000
vt 0.875000 1.000000
vt 0.875000 0.000000
vt 0.791667 1.000000
vt 0.791667 0.000000
vt 0.750000 0.625000
vt 0.750000 0.750000
vt 0.666667 0.750000
vt 0.666667 0.625000
vt 0.750000 0.875000
vt 0.708333 1.000000
vt 0.666667 0.875000
vt 0.708333 0.000000
vt 0.750000 0.125000
vt 0.666667 0.125000
vt 0.750000 0.250000
vt 0.750000 0.375000
vt 0.666667 0.375000
vt 0.666667 0.250000
vt 0.750000 0.500000
vt 0.666667 0.500000
vt 0.583333 0.375000
vt 0.583333 0.250000
vt 0.583333 0.625000
vt 0.583333 0.500000
vt 0.583333 0.875000
vt 0.583333 0.750000
vt 0.583333 0.125000
vt 0.625000 1.000000
vt 0.625000 0.000000
vt 0.500000 0.250000
vt 0.500000 0.125000
vt 0.500000 0.500000
vt 0.500000 0.375000
vt 0.500000 0.750000
vt 0.500000 0.625000
vt 0.541667 1.000000
vt 0.500000 0.875000
vt 0.541667 0.000000
vt 0.416667 0.500000
vt 0.416667 0.375000
vt 0.416667 0.750000
vt 0.416667 0.625000
vt 0.458333 1.000000
vt 0.416667 0.875000
vt 0.458333 0.000000
vt 0.416667 0.125000
vt 0.416667 0.250000
vt 0.375000 0.000000
vt 0.333333 0.125000
vt 0.333333 0.375000
vt 0.333333 0.250000
vt 0.333333 0.625000
vt 0.333333 0.500000
vt 0.333333 0.875000
vt 0.333333 0.750000
vt 0.375000 1.000000
vt 0.250000 0.625000
vt 0.250000 0.500000
vt 0.250000 0.875000
vt 0.250000 0.750000
vt 0.250000 0.250000
vt 0.250000 0.125000
vt 0.250000 0.375000
vt 0.291667 1.000000
vt 0.291667 0.000000
vt 0.166667 0.250000
vt 0.166667 0.125000
vt 0.166667 0.500000
vt 0.166667 0.375000
vt 0.166667 0.750000
vt 0.166667 0.625000
vt 0.208333 1.000000
vt 0.166667 0.875000
vt 0.208333 0.000000
vt 0.083333 0.750000
vt 0.083333 0.625000
vt 0.125000 1.000000
vt 0.083333 0.875000
vt 0.125000 0.000000
vt 0.083333 0.125000
vt 0.083333 0.375000
vt 0.083333 0.250000
vt 0.083333 0.500000
vt 0.041667 0.000000
vt 0.000000 0.125000
vt 0.000000 0.375000
vt 0.000000 0.250000
vt 0.000000 0.625000
vt 0.000000 0.500000
vt 0.000000 0.875000
vt 0.000000 0.750000
vt 0.041667 1.000000
vt 1.000000 0.750000
vt 1.000000 0.875000
vt 0.916667 0.875000
vt 0.916667 0.750000
vt 1.000000 0.125000
vt 1.000000 0.250000
vt 0.916667 0.250000
vt 0.916667 0.125000
vt 1.000000 0.375000
vt 1.000000 0.500000
vt 0.916667 0.500000
vt 0.916667 0.375000
vt 1.000000 0.625000
vt 0.916667 0.625000
vt 0.958333 1.000000
vt 0.958333 0.000000
vt 0.833333 0.250000
vt 0.833333 0.125000
vt 0.833333 0.500000
vt 0.833333 0.375000
vt 0.833333 0.750000
vt 0.833333 0.625000
vt 0.875000 1.000000
vt 0.833333 0.875000
vt 0.875000 0.000000
vt 0.791667 1.000000
vt 0.791667 0.000000
vt 0.750000 0.500000
vt 0.750000 0.625000
vt 0.666667 0.625000
vt 0.666667 0.500000
vt 0.750000 0.750000
vt 0.750000 0.875000
vt 0.666667 0.875000
vt 0.666667 0.750000
vt 0.750000 0.125000
vt 0.750000 0.250000
vt 0.666667 0.250000
vt 0.666667 0.125000
vt 0.750000 0.375000
vt 0.666667 0.375000
vt 0.708333 1.000000
vt 0.708333 0.000000
vt 0.583333 0.250000
vt 0.583333 0.125000
vt 0.583333 0.500000
vt 0.583333 0.375000
vt 0.583333 0.750000
vt 0.583333 0.625000
vt 0.625000 1.000000
vt 0.583333 0.875000
vt 0.625000 0.000000
vt 0.541667 1.000000
vt 0.500000 0.875000
vt 0.541667 0.000000
vt 0.500000 0.125000
vt 0.500000 0.375000
vt 0.500000 0.250000
vt 0.500000 0.625000
vt 0.500000 0.500000
vt 0.500000 0.750000
vt 0.416667 0.375000
vt 0.416667 0.250000
vt 0.416667 0.625000
vt 0.416667 0.500000
vt 0.416667 0.875000
vt 0.416667 0.750000
vt 0.416667 0.125000
vt 0.458333 1.000000
vt 0.458333 0.000000
vt 0.333333 0.250000
vt 0.333333 0.125000
vt 0.333333 0.500000
vt 0.333333 0.375000
vt 0.333333 0.750000
vt 0.333333 0.625000
vt 0.375000 1.000000
vt 0.333333 0.875000
vt 0.375000 0.000000
vt 0.250000 0.500000
vt 0.250000 0.375000
vt 0.250000 0.750000
vt 0.250000 0.625000
vt 0.291667 1.000000
vt 0.250000 0.875000
vt 0.291667 0.000000
vt 0.250000 0.125000
vt 0.250000 0.250000
vt 0.208333 0.000000
vt 0.166667 0.125000
vt 0.166667 0.375000
vt 0.166667 0.250000
vt 0.166667 0.625000
vt 0.166667 0.500000
vt 0.166667 0.875000
vt 0.166667 0.750000
vt 0.208333 1.000000
vt 0.083333 0.625000
vt 0.083333 0.500000
vt 0.083333 0.875000
vt 0.083333 0.750000
vt 0.083333 0.250000
vt 0.083333 0.125000
vt 0.083333 0.375000
vt 0.125000 1.000000
vt 0.125000 0.000000
vt 0.000000 0.250000
vt 0.000000 0.125000
vt 0.000000 0.500000
vt 0.000000 0.375000
vt 0.000000 0.750000
vt 0.000000 0.625000
vt 0.041667 1.000000
vt 0.000000 0.875000
vt 0.041667 0.000000
vt 1.000000 0.625000
vt 1.000000 0.750000
vt 0.916667 0.750000
vt 0.916667 0.625000
vt 1.000000 0.875000
vt 0.958333 1.000000
vt 0.916667 0.875000
vt 0.958333 0.000000
vt 1.000000 0.125000
vt 0.916667 0.125000
vt 1.000000 0.250000
vt 1.000000 0.375000
vt 0.916667 0.375000
vt 0.916667 0.250000
vt 1.000000 0.500000
vt 0.916667 0.500000
vt 0.875000 0.000000
vt 0.833333 0.125000
vt 0.833333 0.375000
vt 0.833333 0.250000
vt 0.833333 0.625000
vt 0.833333 0.500000
vt 0.833333 0.875000
vt 0.833333 0.750000
vt 0.875000 1.000000
vt 0.791667 1.000000
vt 0.791667 0.000000
vn -0.0000 0.8277 -0.5612
vn -0.0000 0.9210 -0.3896
vn 0.1008 0.9210 -0.3763
vn 0.1452 0.8277 -0.5420
vn -0.0000 -0.5518 -0.8340
vn -0.0000 -0.3798 -0.9251
vn 0.2394 -0.3798 -0.8935
vn 0.2158 -0.5518 -0.8055
vn -0.0000 0.7031 -0.7111
vn 0.1841 0.7031 -0.6869
vn -0.0000 -0.7031 -0.7111
vn 0.1841 -0.7031 -0.6869
vn -0.0000 0.5518 -0.8340
vn 0.2158 0.5518 -0.8055
vn -0.0000 -0.8277 -0.5612
vn 0.1452 -0.8277 -0.5420
vn -0.0000 0.3798 -0.9251
vn 0.2394 0.3798 -0.8935
vn -0.0000 -0.9210 -0.3896
vn 0.1008 -0.9210 -0.3763
vn -0.0000 0.1935 -0.9811
vn 0.2539 0.1935 -0.9477
vn -0.0000 -0.9792 -0.2029
vn 0.0525 -0.9792 -0.1960
vn -0.0000 -0.0000 -1.0000
vn 0.2588 -0.0000 -0.9659
vn -0.0000 0.9792 -0.2029
vn -0.0000 1.0000 -0.0000
vn 0.0525 0.9792 -0.1960
vn -0.0000 -1.0000 -0.0000
vn -0.0000 -0.1935 -0.9811
vn 0.2539 -0.1935 -0.9477
vn 0.5000 -0.0000 -0.8660
vn 0.4905 -0.1935 -0.8496
vn 0.1015 0.9792 -0.1757
vn 0.1948 0.9210 -0.3374
vn 0.4625 -0.3798 -0.8011
vn 0.2806 0.8277 -0.4860
vn 0.4170 -0.5518 -0.7222
vn 0.3556 0.7031 -0.6159
vn 0.3556 -0.7031 -0.6159
vn 0.4170 0.5518 -0.7222
vn 0.2806 -0.8277 -0.4860
vn 0.4625 0.3798 -0.8011
vn 0.1948 -0.9210 -0.3374
vn 0.4905 0.1935 -0.8496
vn 0.1015 -0.9792 -0.1757
vn 0.5029 -0.7031 -0.5029
vn 0.3968 -0.8277 -0.3968
vn 0.5897 0.5518 -0.5897
vn 0.6541 0.3798 -0.6541
vn 0.2755 -0.9210 -0.2755
vn 0.6937 0.1935 -0.6937
vn 0.1435 -0.9792 -0.1435
vn 0.7071 -0.0000 -0.7071
vn 0.1435 0.9792 -0.1435
vn 0.6937 -0.1935 -0.6937
vn 0.2755 0.9210 -0.2755
vn 0.6541 -0.3798 -0.6541
vn 0.3968 0.8277 -0.3968
vn 0.5897 -0.5518 -0.5897
vn 0.5029 0.7031 -0.5029
vn 0.8496 -0.1935 -0.4905
vn 0.8011 -0.3798 -0.4625
vn 0.3374 0.9210 -0.1948
vn 0.4860 0.8277 -0.2806
vn 0.7222 -0.5518 -0.4170
vn 0.6159 0.7031 -0.3556
vn 0.6159 -0.7031 -0.3556
vn 0.7222 0.5518 -0.4170
vn 0.4860 -0.8277 -0.2806
vn 0.8011 0.3798 -0.4625
vn 0.3374 -0.9210 -0.1948
vn 0.8496 0.1935 -0.4905
vn 0.1757 -0.9792 -0.1015
vn 0.8660 -0.0000 -0.5000
vn 0.1757 0.9792 -0.1015
vn 0.5420 -0.8277 -0.1452
vn 0.3763 -0.9210 -0.1008
vn 0.8935 0.3798 -0.2394
vn 0.9477 0.1935 -0.2539
vn 0.1960 -0.9792 -0.0525
vn 0.9659 -0.0000 -0.2588
vn 0.1960 0.9792 -0.0525
vn 0.9477 -0.1935 -0.2539
vn 0.3763 0.9210 -0.1008
vn 0.8935 -0.3798 -0.2394
vn 0.5420 0.8277 -0.1452
vn 0.8055 -0.5518 -0.2158
vn 0.6869 0.7031 -0.1841
vn 0.6869 -0.7031 -0.1841
vn 0.8055 0.5518 -0.2158
vn 0.3896 0.9210 0.0000
vn 0.5612 0.8277 0.0000
vn 0.9251 -0.3798 0.0000
vn 0.8340 -0.5518 0.0000
vn 0.7111 0.7031 0.0000
vn 0.7111 -0.7031 0.0000
vn 0.8340 0.5518 0.0000
vn 0.5612 -0.8277 -0.0000
vn 0.9251 0.3798 0.0000
vn 0.3896 -0.9210 -0.0000
vn 0.9811 0.1935 0.0000
vn 0.2029 -0.9792 -0.0000
vn 1.0000 -0.0000 0.0000
vn 0.2029 0.9792 -0.0000
vn 0.9811 -0.1935 0.0000
vn 0.8935 0.3798 0.2394
vn 0.9477 0.1935 0.2539
vn 0.3763 -0.9210 0.1008
vn 0.1960 -0.9792 0.0525
vn 0.9659 -0.0000 0.2588
vn 0.1960 0.9792 0.0525
vn 0.9477 -0.1935 0.2539
vn 0.3763 0.9210 0.1008
vn 0.8935 -0.3798 0.2394
vn 0.5420 0.8277 0.1452
vn 0.8055 -0.5518 0.2158
vn 0.6869 0.7031 0.1841
vn 0.6869 -0.7031 0.1841
vn 0.8055 0.5518 0.2158
vn 0.5420 -0.8277 0.1452
vn 0.8011 -0.3798 0.4625
vn 0.7222 -0.5518 0.4170
vn 0.4860 0.8277 0.2806
vn 0.6159 0.7031 0.3556
vn 0.6159 -0.7031 0.3556
vn 0.7222 0.5518 0.4170
vn 0.4860 -0.8277 0.2806
vn 0.8011 0.3798 0.4625
vn 0.3374 -0.9210 0.1948
vn 0.8496 0.1935 0.4905
vn 0.1757 -0.9792 0.1015
vn 0.8660 -0.0000 0.5000
vn 0.1757 0.9792 0.1015
vn 0.8496 -0.1935 0.4905
vn 0.3374 0.9210 0.1948
vn 0.2755 -0.9210 0.2755
vn 0.1435 -0.9792 0.1435
vn 0.6937 0.1935 0.6937
vn 0.7071 -0.0000 0.7071
vn 0.1435 0.9792 0.1435
vn 0.6937 -0.1935 0.6937
vn 0.2755 0.9210 0.2755
vn 0.6541 -0.3798 0.6541
vn 0.3968 0.8277 0.3968
vn 0.5897 -0.5518 0.5897
vn 0.5029 0.7031 0.5029
vn 0.5029 -0.7031 0.5029
vn 0.5897 0.5518 0.5897
vn 0.3968 -0.8277 0.3968
vn 0.6541 0.3798 0.6541
vn 0.2806 0.8277 0.4860
vn 0.3556 0.7031 0.6159
vn 0.4170 -0.5518 0.7222
vn 0.3556 -0.7031 0.6159
vn 0.4170 0.5518 0.7222
vn 0.2806 -0.8277 0.4860
vn 0.4625 0.3798 0.8011
vn 0.1948 -0.9210 0.3374
vn 0.4905 0.1935 0.8496
vn 0.1015 -0.9792 0.1757
vn 0.5000 -0.0000 0.8660
vn 0.1015 0.9792 0.1757
vn 0.4905 -0.1935 0.8496
vn 0.1948 0.9210 0.3374
vn 0.4625 -0.3798 0.8011
vn 0.2539 0.1935 0.9477
vn 0.2588 -0.0000 0.9659
vn 0.0525 0.9792 0.1960
vn 0.0525 -0.9792 0.1960
vn 0.2539 -0.1935 0.9477
vn 0.1008 0.9210 0.3763
vn 0.2394 -0.3798 0.8935
vn 0.1452 0.8277 0.5420
vn 0.2158 -0.5518 0.8055
vn 0.1841 0.7031 0.6869
vn 0.1841 -0.7031 0.6869
vn 0.2158 0.5518 0.8055
vn 0.1452 -0.8277 0.5420
vn 0.2394 0.3798 0.8935
vn 0.1008 -0.9210 0.3763
vn -0.0000 -0.5518 0.8340
vn -0.0000 -0.7031 0.7111
vn -0.0000 0.7031 0.7111
vn -0.0000 0.5518 0.8340
vn -0.0000 -0.8277 0.5612
vn -0.0000 0.3798 0.9251
vn 0.0000 -0.9210 0.3896
vn 0.0000 0.1935 0.9811
vn 0.0000 -0.9792 0.2029
vn -0.0000 -0.0000 1.0000
vn 0.0000 0.9792 0.2029
vn 0.0000 -0.1935 0.9811
vn -0.0000 0.9210 0.3896
vn -0.0000 -0.3798 0.9251
vn -0.0000 0.8277 0.5612
vn -0.0525 -0.9792 0.1960
vn -0.2588 0.0000 0.9659
vn -0.2539 -0.1935 0.9477
vn -0.0525 0.9792 0.1960
vn -0.1008 0.9210 0.3763
vn -0.2394 -0.3798 0.8935
vn -0.1452 0.8277 0.5420
vn -0.2158 -0.5518 0.8055
vn -0.1841 0.7031 0.6869
vn -0.1841 -0.7031 0.6869
vn -0.2158 0.5518 0.8055
vn -0.1452 -0.8277 0.5420
vn -0.2394 0.3798 0.8935
vn -0.1008 -0.9210 0.3763
vn -0.2539 0.1935 0.9477
vn -0.3556 -0.7031 0.6159
vn -0.2806 -0.8277 0.4860
vn -0.4170 0.5518 0.7222
vn -0.4625 0.3798 0.8011
vn -0.1948 -0.9210 0.3374
vn -0.4905 0.1935 0.8496
vn -0.1015 -0.9792 0.1757
vn -0.5000 0.0000 0.8660
vn -0.1015 0.9792 0.1757
vn -0.4905 -0.1935 0.8496
vn -0.1948 0.9210 0.3374
vn -0.4625 -0.3798 0.8011
vn -0.2806 0.8277 0.4860
vn -0.4170 -0.5518 0.7222
vn -0.3556 0.7031 0.6159
vn -0.1435 0.9792 0.1435
vn -0.2755 0.9210 0.2755
vn -0.6937 -0.1935 0.6937
vn -0.6541 -0.3798 0.6541
vn -0.3968 0.8277 0.3968
vn -0.5897 -0.5518 0.5897
vn -0.5029 0.7031 0.5029
vn -0.5029 -0.7031 0.5029
vn -0.5897 0.5518 0.5897
vn -0.3968 -0.8277 0.3968
vn -0.6541 0.3798 0.6541
vn -0.2755 -0.9210 0.2755
vn -0.6937 0.1935 0.6937
vn -0.1435 -0.9792 0.1435
vn -0.7071 -0.0000 0.7071
vn -0.7222 0.5518 0.4170
vn -0.8011 0.3798 0.4625
vn -0.4860 -0.8277 0.2806
vn -0.3374 -0.9210 0.1948
vn -0.8496 0.1935 0.4905
vn -0.1757 -0.9792 0.1015
vn -0.8660 -0.0000 0.5000
vn -0.1757 0.9792 0.1015
vn -0.8496 -0.1935 0.4905
vn -0.3374 0.9210 0.1948
vn -0.8011 -0.3798 0.4625
vn -0.4860 0.8277 0.2806
vn -0.7222 -0.5518 0.4170
vn -0.6159 0.7031 0.3556
vn -0.6159 -0.7031 0.3556
vn -0.9477 -0.1935 0.2539
vn -0.8935 -0.3798 0.2394
vn -0.3763 0.9210 0.1008
vn -0.5420 0.8277 0.1452
vn -0.8055 -0.5518 0.2158
vn -0.6869 0.7031 0.1841
vn -0.6869 -0.7031 0.1841
vn -0.8055 0.5518 0.2158
vn -0.5420 -0.8277 0.1452
vn -0.8935 0.3798 0.2394
vn -0.3763 -0.9210 0.1008
vn -0.9477 0.1935 0.2539
vn -0.1960 -0.9792 0.0525
vn -0.9659 -0.0000 0.2588
vn -0.1960 0.9792 0.0525
vn -0.5612 -0.8277 -0.0000
vn -0.3896 -0.9210 0.0000
vn -0.9251 0.3798 -0.0000
vn -0.9811 0.1935 0.0000
vn -0.2029 -0.9792 0.0000
vn -1.0000 -0.0000 -0.0000
vn -0.2029 0.9792 0.0000
vn -0.9811 -0.1935 0.0000
vn -0.3896 0.9210 -0.0000
vn -0.9251 -0.3798 -0.0000
vn -0.5612 0.8277 -0.0000
vn -0.8340 -0.5518 -0.0000
vn -0.7111 0.7031 -0.0000
vn -0.7111 -0.7031 -0.0000
vn -0.8340 0.5518 -0.0000
vn -0.3763 0.9210 -0.1008
vn -0.5420 0.8277 -0.1452
vn -0.8935 -0.3798 -0.2394
vn -0.8055 -0.5518 -0.2158
vn -0.6869 0.7031 -0.1841
vn -0.6869 -0.7031 -0.1841
vn -0.8055 0.5518 -0.2158
vn -0.5420 -0.8277 -0.1452
vn -0.8935 0.3798 -0.2394
vn -0.3763 -0.9210 -0.1008
vn -0.9477 0.1935 -0.2539
vn -0.1960 -0.9792 -0.0525
vn -0.9659 -0.0000 -0.2588
vn -0.1960 0.9792 -0.0525
vn -0.9477 -0.1935 -0.2539
vn -0.8011 0.3798 -0.4625
vn -0.8496 0.1935 -0.4905
vn -0.3374 -0.9210 -0.1948
vn -0.1757 -0.9792 -0.1015
vn -0.8660 0.0000 -0.5000
vn -0.1757 0.9792 -0.1015
vn -0.8496 -0.1935 -0.4905
vn -0.3374 0.9210 -0.1948
vn -0.8011 -0.3798 -0.4625
vn -0.4860 0.8277 -0.2806
vn -0.7222 -0.5518 -0.4170
vn -0.6159 0.7031 -0.3556
vn -0.6159 -0.7031 -0.3556
vn -0.7222 0.5518 -0.4170
vn -0.4860 -0.8277 -0.2806
vn -0.6541 -0.3798 -0.6541
vn -0.5897 -0.5518 -0.5897
vn -0.3968 0.8277 -0.3968
vn -0.5029 0.7031 -0.5029
vn -0.5029 -0.7031 -0.5029
vn -0.5897 0.5518 -0.5897
vn -0.3968 -0.8277 -0.3968
vn -0.6541 0.3798 -0.6541
vn -0.2755 -0.9210 -0.2755
vn -0.6937 0.1935 -0.6937
vn -0.1435 -0.9792 -0.1435
vn -0.7071 -0.0000 -0.7071
vn -0.1435 0.9792 -0.1435
vn -0.6937 -0.1935 -0.6937
vn -0.2755 0.9210 -0.2755
vn -0.1948 -0.9210 -0.3374
vn -0.1015 -0.9792 -0.1757
vn -0.4905 0.1935 -0.8496
vn -0.5000 -0.0000 -0.8660
vn -0.1015 0.9792 -0.1757
vn -0.4905 -0.1935 -0.8496
vn -0.1948 0.9210 -0.3374
vn -0.4625 -0.3798 -0.8011
vn -0.2806 0.8277 -0.4860
vn -0.4170 -0.5518 -0.7222
vn -0.3556 0.7031 -0.6159
vn -0.3556 -0.7031 -0.6159
vn -0.4170 0.5518 -0.7222
vn -0.2806 -0.8277 -0.4860
vn -0.4625 0.3798 -0.8011
vn -0.2158 -0.5518 -0.8055
vn -0.1841 -0.7031 -0.6869
vn -0.1841 0.7031 -0.6869
vn -0.2158 0.5518 -0.8055
vn -0.1452 -0.8277 -0.5420
vn -0.2394 0.3798 -0.8935
vn -0.1008 -0.9210 -0.3763
vn -0.2539 0.1935 -0.9477
vn -0.0525 -0.9792 -0.1960
vn -0.2588 -0.0000 -0.9659
vn -0.0525 0.9792 -0.1960
vn -0.2539 -0.1935 -0.9477
vn -0.1008 0.9210 -0.3763
vn -0.2394 -0.3798 -0.8935
vn -0.1452 0.8277 -0.5420
vn -0.0000 -0.0738 -0.9973
vn 0.3827 0.0000 -0.9239
vn 0.3816 -0.0738 -0.9214
vn -0.0000 0.1578 -0.9875
vn 0.0000 0.2683 -0.9633
vn 0.3686 0.2683 -0.8900
vn 0.3779 0.1578 -0.9123
vn -0.0000 -0.7362 -0.6767
vn 0.0000 -0.4398 -0.8981
vn 0.3437 -0.4398 -0.8297
vn 0.2590 -0.7362 -0.6252
vn -0.0000 0.7362 -0.6767
vn 0.2590 0.7362 -0.6252
vn -0.0000 -0.1578 -0.9875
vn 0.3779 -0.1578 -0.9123
vn -0.0000 0.0738 -0.9973
vn 0.3816 0.0738 -0.9214
vn 0.0000 0.4398 -0.8981
vn 0.3437 0.4398 -0.8297
vn 0.0000 -0.2683 -0.9633
vn 0.3686 -0.2683 -0.8900
vn 0.4785 -0.7362 -0.4785
vn 0.4785 0.7362 -0.4785
vn 0.6351 0.4398 -0.6351
vn 0.6982 -0.1578 -0.6982
vn 0.6812 -0.2683 -0.6812
vn 0.7052 0.0738 -0.7052
vn 0.6812 0.2683 -0.6812
vn 0.6351 -0.4398 -0.6351
vn 0.7052 -0.0738 -0.7052
vn 0.6982 0.1578 -0.6982
vn 0.8900 0.2683 -0.3686
vn 0.9123 0.1578 -0.3779
vn 0.8297 -0.4398 -0.3437
vn 0.6252 -0.7362 -0.2590
vn 0.6252 0.7362 -0.2590
vn 0.9214 -0.0738 -0.3816
vn 0.9123 -0.1578 -0.3779
vn 0.9214 0.0738 -0.3816
vn 0.8297 0.4398 -0.3437
vn 0.8900 -0.2683 -0.3686
vn 0.9239 -0.0000 -0.3827
vn 0.8981 0.4398 0.0000
vn 0.9633 0.2683 0.0000
vn 0.9633 -0.2683 0.0000
vn 0.8981 -0.4398 0.0000
vn 0.9973 -0.0738 0.0000
vn 0.9875 0.1578 0.0000
vn 0.6767 -0.7362 0.0000
vn 0.6767 0.7362 0.0000
vn 0.9875 -0.1578 0.0000
vn 0.9973 0.0738 0.0000
vn 0.9123 0.1578 0.3779
vn 0.9214 0.0738 0.3816
vn 0.6252 -0.7362 0.2590
vn 0.6252 0.7362 0.2590
vn 0.8297 0.4398 0.3437
vn 0.9123 -0.1578 0.3779
vn 0.8900 -0.2683 0.3687
vn 0.9239 0.0000 0.3827
vn 0.8900 0.2683 0.3687
vn 0.8297 -0.4398 0.3437
vn 0.9214 -0.0738 0.3816
vn 0.6812 0.2683 0.6812
vn 0.6982 0.1578 0.6982
vn 0.6351 -0.4398 0.6351
vn 0.4785 -0.7362 0.4785
vn 0.4785 0.7362 0.4785
vn 0.7052 -0.0738 0.7052
vn 0.6982 -0.1578 0.6982
vn 0.7052 0.0738 0.7052
vn 0.6351 0.4398 0.6351
vn 0.6812 -0.2683 0.6812
vn 0.3816 0.0738 0.9214
vn 0.3827 0.0000 0.9239
vn 0.3437 0.4398 0.8297
vn 0.3686 0.2683 0.8900
vn 0.3686 -0.2683 0.8900
vn 0.3437 -0.4398 0.8297
vn 0.3816 -0.0738 0.9214
vn 0.3779 0.1578 0.9123
vn 0.2590 -0.7362 0.6252
vn 0.2590 0.7362 0.6252
vn 0.3779 -0.1578 0.9123
vn -0.0000 0.1578 0.9875
vn -0.0000 0.0738 0.9973
vn -0.0000 -0.7362 0.6767
vn -0.0000 0.7362 0.6767
vn -0.0000 0.4398 0.8981
vn -0.0000 -0.1578 0.9875
vn -0.0000 -0.2683 0.9633
vn -0.0000 0.2683 0.9633
vn -0.0000 -0.4398 0.8981
vn -0.0000 -0.0738 0.9973
vn -0.3827 -0.0000 0.9239
vn -0.3816 -0.0738 0.9214
vn -0.3687 0.2683 0.8900
vn -0.3779 0.1578 0.9123
vn -0.3437 -0.4398 0.8297
vn -0.2590 -0.7362 0.6252
vn -0.2590 0.7362 0.6252
vn -0.3779 -0.1578 0.9123
vn -0.3816 0.0738 0.9214
vn -0.3437 0.4398 0.8297
vn -0.3687 -0.2683 0.8900
vn -0.7052 0.0738 0.7052
vn -0.6351 0.4398 0.6351
vn -0.6812 0.2683 0.6812
vn -0.6812 -0.2683 0.6812
vn -0.6351 -0.4398 0.6351
vn -0.7052 -0.0738 0.7052
vn -0.6982 0.1578 0.6982
vn -0.4785 -0.7362 0.4785
vn -0.4785 0.7362 0.4785
vn -0.6982 -0.1578 0.6982
vn -0.9214 -0.0738 0.3816
vn -0.9123 -0.1578 0.3779
vn -0.9123 0.1578 0.3779
vn -0.9214 0.0738 0.3816
vn -0.6252 -0.7362 0.2590
vn -0.6252 0.7362 0.2590
vn -0.8297 0.4398 0.3437
vn -0.8900 -0.2683 0.3686
vn -0.9239 -0.0000 0.3827
vn -0.8900 0.2683 0.3686
vn -0.8297 -0.4398 0.3437
vn -0.9973 -0.0738 -0.0000
vn -0.9633 0.2683 -0.0000
vn -0.9875 0.1578 -0.0000
vn -0.8981 -0.4398 -0.0000
vn -0.6767 -0.7362 -0.0000
vn -0.6767 0.7362 -0.0000
vn -0.9875 -0.1578 -0.0000
vn -0.9973 0.0738 -0.0000
vn -0.8981 0.4398 -0.0000
vn -0.9633 -0.2683 -0.0000
vn -0.9123 -0.1578 -0.3779
vn -0.8900 -0.2683 -0.3687
vn -0.9214 0.0738 -0.3816
vn -0.9239 -0.0000 -0.3827
vn -0.8297 0.4398 -0.3437
vn -0.8900 0.2683 -0.3687
vn -0.8297 -0.4398 -0.3437
vn -0.9214 -0.0738 -0.3816
vn -0.9123 0.1578 -0.3779
vn -0.6252 -0.7362 -0.2590
vn -0.6252 0.7362 -0.2590
vn -0.4785 0.7362 -0.4785
vn -0.7052 -0.0738 -0.7052
vn -0.6982 -0.1578 -0.6982
vn -0.6982 0.1578 -0.6982
vn -0.7052 0.0738 -0.7052
vn -0.4785 -0.7362 -0.4785
vn -0.6351 0.4398 -0.6351
vn -0.6812 -0.2683 -0.6812
vn -0.6812 0.2683 -0.6812
vn -0.6351 -0.4398 -0.6351
vn -0.3686 -0.2683 -0.8900
vn -0.3437 -0.4398 -0.8297
vn -0.3827 0.0000 -0.9239
vn -0.3816 -0.0738 -0.9214
vn -0.3686 0.2683 -0.8900
vn -0.3779 0.1578 -0.9123
vn -0.2590 -0.7362 -0.6252
vn -0.2590 0.7362 -0.6252
vn -0.3779 -0.1578 -0.9123
vn -0.3816 0.0738 -0.9214
vn -0.3437 0.4398 -0.8297
vn -0.0000 0.3718 -0.9283
vn 0.4642 0.3718 -0.8040
vn -0.0000 0.6913 -0.7226
vn 0.0000 0.9122 -0.4097
vn 0.2049 0.9122 -0.3548
vn 0.3613 0.6913 -0.6258
vn 0.0000 -0.9122 -0.4097
vn -0.0000 -0.6913 -0.7226
vn 0.3613 -0.6913 -0.6258
vn 0.2049 -0.9122 -0.3548
vn 0.0000 -0.3718 -0.9283
vn 0.4642 -0.3718 -0.8040
vn 0.6258 -0.6913 -0.3613
vn 0.3548 -0.9122 -0.2048
vn 0.8040 -0.3718 -0.4642
vn 0.6258 0.6913 -0.3613
vn 0.8040 0.3718 -0.4642
vn 0.3548 0.9122 -0.2048
vn 0.4097 0.9122 0.0000
vn 0.4097 -0.9122 0.0000
vn 0.9283 -0.3718 0.0000
vn 0.7226 -0.6913 0.0000
vn 0.9283 0.3718 0.0000
vn 0.7226 0.6913 0.0000
vn 0.8040 -0.3718 0.4642
vn 0.6258 -0.6913 0.3613
vn 0.8040 0.3718 0.4642
vn 0.3548 0.9122 0.2048
vn 0.6258 0.6913 0.3613
vn 0.3548 -0.9122 0.2048
vn 0.3613 -0.6913 0.6258
vn 0.2049 -0.9122 0.3548
vn 0.4642 -0.3718 0.8040
vn 0.3613 0.6913 0.6258
vn 0.4642 0.3718 0.8040
vn 0.2049 0.9122 0.3548
vn -0.0000 -0.3718 0.9283
vn -0.0000 0.6913 0.7226
vn -0.0000 0.3718 0.9283
vn 0.0000 0.9122 0.4097
vn 0.0000 -0.9122 0.4097
vn 0.0000 -0.6913 0.7226
vn -0.2049 -0.9122 0.3548
vn -0.4642 -0.3718 0.8040
vn -0.3613 -0.6913 0.6258
vn -0.4642 0.3718 0.8040
vn -0.2049 0.9122 0.3548
vn -0.3613 0.6913 0.6258
vn -0.8040 0.3718 0.4642
vn -0.3548 0.9122 0.2048
vn -0.6258 0.6913 0.3613
vn -0.6258 -0.6913 0.3613
vn -0.3548 -0.9122 0.2049
vn -0.8040 -0.3718 0.4642
vn -0.7226 -0.6913 0.0000
vn -0.4097 -0.9122 -0.0000
vn -0.9283 -0.3718 -0.0000
vn -0.7226 0.6913 -0.0000
vn -0.9283 0.3718 -0.0000
vn -0.4097 0.9122 -0.0000
vn -0.6258 0.6913 -0.3613
vn -0.8040 0.3718 -0.4642
vn -0.3548 0.9122 -0.2048
vn -0.3548 -0.9122 -0.2048
vn -0.8040 -0.3718 -0.4642
vn -0.6258 -0.6913 -0.3613
vn -0.2049 -0.9122 -0.3548
vn -0.4642 -0.3718 -0.8040
vn -0.3613 -0.6913 -0.6258
vn -0.4642 0.3718 -0.8040
vn -0.2049 0.9122 -0.3548
vn -0.3613 0.6913 -0.6258
vn 0.3548 -0.9122 -0.2049
vn -0.0000 0.1801 -0.9836
vn -0.0000 0.4092 -0.9124
vn 0.1665 0.4633 -0.8704
vn 0.1879 0.2104 -0.9594
vn -0.0000 0.7464 -0.6655
vn 0.1042 0.7808 -0.6161
vn -0.0000 -0.7464 -0.6655
vn 0.1042 -0.7808 -0.6161
vn -0.0000 -0.4092 -0.9124
vn -0.0000 -0.1801 -0.9836
vn 0.1879 -0.2104 -0.9594
vn 0.1665 -0.4633 -0.8704
vn 0.1929 -0.0000 -0.9812
vn 0.5171 -0.3370 -0.7868
vn 0.3975 -0.6320 -0.6653
vn 0.5171 0.3370 -0.7868
vn 0.5618 -0.0000 -0.8273
vn 0.2246 0.8653 -0.4482
vn 0.3975 0.6320 -0.6653
vn 0.2246 -0.8653 -0.4482
vn 0.6329 -0.7742 -0.0000
vn 0.3442 -0.9389 -0.0000
vn 0.8897 -0.4566 0.0000
vn 0.6329 0.7742 0.0000
vn 0.8897 0.4566 -0.0000
vn 0.3442 0.9389 0.0000
vn 0.5618 0.0000 0.8273
vn 0.5171 -0.3370 0.7868
vn 0.3975 0.6320 0.6653
vn 0.5171 0.3370 0.7868
vn 0.2246 0.8653 0.4482
vn 0.2246 -0.8653 0.4482
vn 0.3975 -0.6320 0.6653
vn 0.1042 -0.7808 0.6161
vn 0.1879 -0.2104 0.9594
vn 0.1665 -0.4633 0.8704
vn 0.1879 0.2104 0.9594
vn 0.1929 0.0000 0.9812
vn 0.1042 0.7808 0.6161
vn 0.1665 0.4633 0.8704
vn 0.0000 0.1801 0.9836
vn 0.0000 0.7464 0.6655
vn -0.0000 0.4092 0.9124
vn 0.0000 -0.4092 0.9124
vn 0.0000 -0.7464 0.6655
vn 0.0000 -0.1801 0.9836
vn -0.1665 -0.4633 0.8704
vn -0.1042 -0.7808 0.6161
vn -0.1929 -0.0000 0.9812
vn -0.1879 -0.2104 0.9594
vn -0.1665 0.4633 0.8704
vn -0.1879 0.2104 0.9594
vn -0.1042 0.7808 0.6161
vn -0.3975 0.6320 0.6653
vn -0.5171 0.3370 0.7868
vn -0.2246 0.8653 0.4482
vn -0.2246 -0.8653 0.4482
vn -0.5171 -0.3370 0.7868
vn -0.3975 -0.6320 0.6653
vn -0.5618 -0.0000 0.8273
vn -0.3442 -0.9389 -0.0000
vn -0.8897 -0.4566 -0.0000
vn -0.6329 -0.7742 -0.0000
vn -0.8897 0.4566 -0.0000
vn -0.3442 0.9389 -0.0000
vn -0.6329 0.7742 -0.0000
vn -0.2246 0.8653 -0.4482
vn -0.3975 0.6320 -0.6653
vn -0.3975 -0.6320 -0.6653
vn -0.2246 -0.8653 -0.4482
vn -0.5618 0.0000 -0.8273
vn -0.5171 -0.3370 -0.7868
vn -0.5171 0.3370 -0.7868
vn -0.1665 -0.4633 -0.8704
vn -0.1042 -0.7808 -0.6161
vn -0.1929 0.0000 -0.9812
vn -0.1879 -0.2104 -0.9594
vn -0.1665 0.4633 -0.8704
vn -0.1879 0.2104 -0.9594
vn -0.1042 0.7808 -0.6161
usemtl M_Yellow
s 1
f 353/1/1 352/2/2 5/3/3 6/4/4
f 3/5/5 358/6/6 13/7/7 14/8/8
f 354/9/9 353/1/1 6/4/4 7/10/10
f 359/11/11 3/5/5 14/8/8 15/12/12
f 1/13/13 354/9/9 7/10/10 8/14/14
f 360/15/15 359/11/11 15/12/12 16/16/16
f 2/17/17 1/13/13 8/14/14 9/18/18
f 361/19/19 360/15/15 16/16/16 17/20/20
f 355/21/21 2/17/17 9/18/18 10/22/22
f 362/23/23 361/19/19 17/20/20 18/24/24
f 356/25/25 355/21/21 10/22/22 11/26/26
f 351/27/27 199/28/28 4/29/29
f 215/30/30 362/23/23 18/24/24
f 357/31/31 356/25/25 11/26/26 12/32/32
f 352/2/2 351/27/27 4/29/29 5/3/3
f 358/6/6 357/31/31 12/32/32 13/7/7
f 12/32/32 11/26/26 26/33/33 27/34/34
f 5/3/3 4/29/29 19/35/35 20/36/36
f 13/7/7 12/32/32 27/34/34 28/37/37
f 6/4/4 5/3/3 20/36/36 21/38/38
f 14/8/8 13/7/7 28/37/37 29/39/39
f 7/10/10 6/4/4 21/38/38 22/40/40
f 15/12/12 14/8/8 29/39/39 30/41/41
f 8/14/14 7/10/10 22/40/40 23/42/42
f 16/16/16 15/12/12 30/41/41 31/43/43
f 9/18/18 8/14/14 23/42/42 24/44/44
f 17/20/20 16/16/16 31/43/43 32/45/45
f 10/22/22 9/18/18 24/44/44 25/46/46
f 18/24/24 17/20/20 32/45/45 33/47/47
f 11/26/26 10/22/22 25/46/46 26/33/33
f 4/29/29 199/48/28 19/35/35
f 215/49/30 18/24/24 33/47/47
f 31/43/43 30/41/41 45/50/48 46/51/49
f 24/44/44 23/42/42 38/52/50 39/53/51
f 32/45/45 31/43/43 46/51/49 47/54/52
f 25/46/46 24/44/44 39/53/51 40/55/53
f 33/47/47 32/45/45 47/54/52 48/56/54
f 26/33/33 25/46/46 40/55/53 41/57/55
f 19/35/35 199/58/28 34/59/56
f 215/60/30 33/47/47 48/56/54
f 27/34/34 26/33/33 41/57/55 42/61/57
f 20/36/36 19/35/35 34/59/56 35/62/58
f 28/37/37 27/34/34 42/61/57 43/63/59
f 21/38/38 20/36/36 35/62/58 36/64/60
f 29/39/39 28/37/37 43/63/59 44/65/61
f 22/40/40 21/38/38 36/64/60 37/66/62
f 30/41/41 29/39/39 44/65/61 45/50/48
f 23/42/42 22/40/40 37/66/62 38/52/50
f 43/63/59 42/61/57 57/67/63 58/68/64
f 36/64/60 35/62/58 50/69/65 51/70/66
f 44/65/61 43/63/59 58/68/64 59/71/67
f 37/66/62 36/64/60 51/70/66 52/72/68
f 45/50/48 44/65/61 59/71/67 60/73/69
f 38/52/50 37/66/62 52/72/68 53/74/70
f 46/51/49 45/50/48 60/73/69 61/75/71
f 39/53/51 38/52/50 53/74/70 54/76/72
f 47/54/52 46/51/49 61/75/71 62/77/73
f 40/55/53 39/53/51 54/76/72 55/78/74
f 48/56/54 47/54/52 62/77/73 63/79/75
f 41/57/55 40/55/53 55/78/74 56/80/76
f 34/59/56 199/81/28 49/82/77
f 215/83/30 48/56/54 63/79/75
f 42/61/57 41/57/55 56/80/76 57/67/63
f 35/62/58 34/59/56 49/82/77 50/69/65
f 62/77/73 61/75/71 76/84/78 77/85/79
f 55/78/74 54/76/72 69/86/80 70/87/81
f 63/79/75 62/77/73 77/85/79 78/88/82
f 56/80/76 55/78/74 70/87/81 71/89/83
f 49/82/77 199/90/28 64/91/84
f 215/92/30 63/79/75 78/88/82
f 57/67/63 56/80/76 71/89/83 72/93/85
f 50/69/65 49/82/77 64/91/84 65/94/86
f 58/68/64 57/67/63 72/93/85 73/95/87
f 51/70/66 50/69/65 65/94/86 66/96/88
f 59/71/67 58/68/64 73/95/87 74/97/89
f 52/72/68 51/70/66 66/96/88 67/98/90
f 60/73/69 59/71/67 74/97/89 75/99/91
f 53/74/70 52/72/68 67/98/90 68/100/92
f 61/75/71 60/73/69 75/99/91 76/84/78
f 54/76/72 53/74/70 68/100/92 69/86/80
f 66/96/88 65/94/86 80/101/93 81/102/94
f 74/97/89 73/95/87 88/103/95 89/104/96
f 67/98/90 66/96/88 81/102/94 82/105/97
f 75/99/91 74/97/89 89/104/96 90/106/98
f 68/100/92 67/98/90 82/105/97 83/107/99
f 76/84/78 75/99/91 90/106/98 91/108/100
f 69/86/80 68/100/92 83/107/99 84/109/101
f 77/85/79 76/84/78 91/108/100 92/110/102
f 70/87/81 69/86/80 84/109/101 85/111/103
f 78/88/82 77/85/79 92/110/102 93/112/104
f 71/89/83 70/87/81 85/111/103 86/113/105
f 64/91/84 199/114/28 79/115/106
f 215/116/30 78/88/82 93/112/104
f 72/93/85 71/89/83 86/113/105 87/117/107
f 65/94/86 64/91/84 79/115/106 80/101/93
f 73/95/87 72/93/85 87/117/107 88/103/95
f 85/111/103 84/109/101 99/118/108 100/119/109
f 93/112/104 92/110/102 107/120/110 108/121/111
f 86/113/105 85/111/103 100/119/109 101/122/112
f 79/115/106 199/123/28 94/124/113
f 215/125/30 93/112/104 108/121/111
f 87/117/107 86/113/105 101/122/112 102/126/114
f 80/101/93 79/115/106 94/124/113 95/127/115
f 88/103/95 87/117/107 102/126/114 103/128/116
f 81/102/94 80/101/93 95/127/115 96/129/117
f 89/104/96 88/103/95 103/128/116 104/130/118
f 82/105/97 81/102/94 96/129/117 97/131/119
f 90/106/98 89/104/96 104/130/118 105/132/120
f 83/107/99 82/105/97 97/131/119 98/133/121
f 91/108/100 90/106/98 105/132/120 106/134/122
f 84/109/101 83/107/99 98/133/121 99/118/108
f 92/110/102 91/108/100 106/134/122 107/120/110
f 104/130/118 103/128/116 118/135/123 119/136/124
f 97/131/119 96/129/117 111/137/125 112/138/126
f 105/132/120 104/130/118 119/136/124 120/139/127
f 98/133/121 97/131/119 112/138/126 113/140/128
f 106/134/122 105/132/120 120/139/127 121/141/129
f 99/118/108 98/133/121 113/140/128 114/142/130
f 107/120/110 106/134/122 121/141/129 122/143/131
f 100/119/109 99/118/108 114/142/130 115/144/132
f 108/121/111 107/120/110 122/143/131 123/145/133
f 101/122/112 100/119/109 115/144/132 116/146/134
f 94/124/113 199/147/28 109/148/135
f 215/149/30 108/121/111 123/145/133
f 102/126/114 101/122/112 116/146/134 117/150/136
f 95/127/115 94/124/113 109/148/135 110/151/137
f 103/128/116 102/126/114 117/150/136 118/135/123
f 96/129/117 95/127/115 110/151/137 111/137/125
f 123/145/133 122/143/131 137/152/138 138/153/139
f 116/146/134 115/144/132 130/154/140 131/155/141
f 109/148/135 199/156/28 124/157/142
f 215/158/30 123/145/133 138/153/139
f 117/150/136 116/146/134 131/155/141 132/159/143
f 110/151/137 109/148/135 124/157/142 125/160/144
f 118/135/123 117/150/136 132/159/143 133/161/145
f 111/137/125 110/151/137 125/160/144 126/162/146
f 119/136/124 118/135/123 133/161/145 134/163/147
f 112/138/126 111/137/125 126/162/146 127/164/148
f 120/139/127 119/136/124 134/163/147 135/165/149
f 113/140/128 112/138/126 127/164/148 128/166/150
f 121/141/129 120/139/127 135/165/149 136/167/151
f 114/142/130 113/140/128 128/166/150 129/168/152
f 122/143/131 121/141/129 136/167/151 137/152/138
f 115/144/132 114/142/130 129/168/152 130/154/140
f 127/164/148 126/162/146 141/169/153 142/170/154
f 135/165/149 134/163/147 149/171/155 150/172/156
f 128/166/150 127/164/148 142/170/154 143/173/157
f 136/167/151 135/165/149 150/172/156 151/174/158
f 129/168/152 128/166/150 143/173/157 144/175/159
f 137/152/138 136/167/151 151/174/158 152/176/160
f 130/154/140 129/168/152 144/175/159 145/177/161
f 138/153/139 137/152/138 152/176/160 153/178/162
f 131/155/141 130/154/140 145/177/161 146/179/163
f 124/157/142 199/180/28 139/181/164
f 215/182/30 138/153/139 153/178/162
f 132/159/143 131/155/141 146/179/163 147/183/165
f 125/160/144 124/157/142 139/181/164 140/184/166
f 133/161/145 132/159/143 147/183/165 148/185/167
f 126/162/146 125/160/144 140/184/166 141/169/153
f 134/163/147 133/161/145 148/185/167 149/171/155
f 146/179/163 145/177/161 160/186/168 161/187/169
f 139/181/164 199/188/28 154/189/170
f 215/190/30 153/178/162 168/191/171
f 147/183/165 146/179/163 161/187/169 162/192/172
f 140/184/166 139/181/164 154/189/170 155/193/173
f 148/185/167 147/183/165 162/192/172 163/194/174
f 141/169/153 140/184/166 155/193/173 156/195/175
f 149/171/155 148/185/167 163/194/174 164/196/176
f 142/170/154 141/169/153 156/195/175 157/197/177
f 150/172/156 149/171/155 164/196/176 165/198/178
f 143/173/157 142/170/154 157/197/177 158/199/179
f 151/174/158 150/172/156 165/198/178 166/200/180
f 144/175/159 143/173/157 158/199/179 159/201/181
f 152/176/160 151/174/158 166/200/180 167/202/182
f 145/177/161 144/175/159 159/201/181 160/186/168
f 153/178/162 152/176/160 167/202/182 168/191/171
f 165/198/178 164/196/176 179/203/183 180/204/184
f 158/199/179 157/197/177 172/205/185 173/206/186
f 166/200/180 165/198/178 180/204/184 181/207/187
f 159/201/181 158/199/179 173/206/186 174/208/188
f 167/202/182 166/200/180 181/207/187 182/209/189
f 160/186/168 159/201/181 174/208/188 175/210/190
f 168/191/171 167/202/182 182/209/189 183/211/191
f 161/187/169 160/186/168 175/210/190 176/212/192
f 154/189/170 199/213/28 169/214/193
f 215/215/30 168/191/171 183/211/191
f 162/192/172 161/187/169 176/212/192 177/216/194
f 155/193/173 154/189/170 169/214/193 170/217/195
f 163/194/174 162/192/172 177/216/194 178/218/196
f 156/195/175 155/193/173 170/217/195 171/219/197
f 164/196/176 163/194/174 178/218/196 179/203/183
f 157/197/177 156/195/175 171/219/197 172/205/185
f 215/220/30 183/211/191 198/221/198
f 177/216/194 176/212/192 191/222/199 192/223/200
f 170/217/195 169/214/193 184/224/201 185/225/202
f 178/218/196 177/216/194 192/223/200 193/226/203
f 171/219/197 170/217/195 185/225/202 186/227/204
f 179/203/183 178/218/196 193/226/203 194/228/205
f 172/205/185 171/219/197 186/227/204 187/229/206
f 180/204/184 179/203/183 194/228/205 195/230/207
f 173/206/186 172/205/185 187/229/206 188/231/208
f 181/207/187 180/204/184 195/230/207 196/232/209
f 174/208/188 173/206/186 188/231/208 189/233/210
f 182/209/189 181/207/187 196/232/209 197/234/211
f 175/210/190 174/208/188 189/233/210 190/235/212
f 183/211/191 182/209/189 197/234/211 198/221/198
f 176/212/192 175/210/190 190/235/212 191/222/199
f 169/214/193 199/236/28 184/224/201
f 196/232/209 195/230/207 211/237/213 212/238/214
f 189/233/210 188/231/208 204/239/215 205/240/216
f 197/234/211 196/232/209 212/238/214 213/241/217
f 190/235/212 189/233/210 205/240/216 206/242/218
f 198/221/198 197/234/211 213/241/217 214/243/219
f 191/222/199 190/235/212 206/242/218 207/244/220
f 184/224/201 199/245/28 200/246/221
f 215/247/30 198/221/198 214/243/219
f 192/223/200 191/222/199 207/244/220 208/248/222
f 185/225/202 184/224/201 200/246/221 201/249/223
f 193/226/203 192/223/200 208/248/222 209/250/224
f 186/227/204 185/225/202 201/249/223 202/251/225
f 194/228/205 193/226/203 209/250/224 210/252/226
f 187/229/206 186/227/204 202/251/225 203/253/227
f 195/230/207 194/228/205 210/252/226 211/237/213
f 188/231/208 187/229/206 203/253/227 204/239/215
f 201/249/223 200/246/221 216/254/228 217/255/229
f 209/250/224 208/248/222 224/256/230 225/257/231
f 202/251/225 201/249/223 217/255/229 218/258/232
f 210/252/226 209/250/224 225/257/231 226/259/233
f 203/253/227 202/251/225 218/258/232 219/260/234
f 211/237/213 210/252/226 226/259/233 227/261/235
f 204/239/215 203/253/227 219/260/234 220/262/236
f 212/238/214 211/237/213 227/261/235 228/263/237
f 205/240/216 204/239/215 220/262/236 221/264/238
f 213/241/217 212/238/214 228/263/237 229/265/239
f 206/242/218 205/240/216 221/264/238 222/266/240
f 214/243/219 213/241/217 229/265/239 230/267/241
f 207/244/220 206/242/218 222/266/240 223/268/242
f 200/246/221 199/269/28 216/254/228
f 215/270/30 214/243/219 230/267/241
f 208/248/222 207/244/220 223/268/242 224/256/230
f 221/264/238 220/262/236 235/271/243 236/272/244
f 229/265/239 228/263/237 243/273/245 244/274/246
f 222/266/240 221/264/238 236/272/244 237/275/247
f 230/267/241 229/265/239 244/274/246 245/276/248
f 223/268/242 222/266/240 237/275/247 238/277/249
f 216/254/228 199/278/28 231/279/250
f 215/280/30 230/267/241 245/276/248
f 224/256/230 223/268/242 238/277/249 239/281/251
f 217/255/229 216/254/228 231/279/250 232/282/252
f 225/257/231 224/256/230 239/281/251 240/283/253
f 218/258/232 217/255/229 232/282/252 233/284/254
f 226/259/233 225/257/231 240/283/253 241/285/255
f 219/260/234 218/258/232 233/284/254 234/286/256
f 227/261/235 226/259/233 241/285/255 242/287/257
f 220/262/236 219/260/234 234/286/256 235/271/243
f 228/263/237 227/261/235 242/287/257 243/273/245
f 240/283/253 239/281/251 254/288/258 255/289/259
f 233/284/254 232/282/252 247/290/260 248/291/261
f 241/285/255 240/283/253 255/289/259 256/292/262
f 234/286/256 233/284/254 248/291/261 249/293/263
f 242/287/257 241/285/255 256/292/262 257/294/264
f 235/271/243 234/286/256 249/293/263 250/295/265
f 243/273/245 242/287/257 257/294/264 258/296/266
f 236/272/244 235/271/243 250/295/265 251/297/267
f 244/274/246 243/273/245 258/296/266 259/298/268
f 237/275/247 236/272/244 251/297/267 252/299/269
f 245/276/248 244/274/246 259/298/268 260/300/270
f 238/277/249 237/275/247 252/299/269 253/301/271
f 231/279/250 199/302/28 246/303/272
f 215/304/30 245/276/248 260/300/270
f 239/281/251 238/277/249 253/301/271 254/288/258
f 232/282/252 231/279/250 246/303/272 247/290/260
f 259/298/268 258/296/266 273/305/273 274/306/274
f 252/299/269 251/297/267 266/307/275 267/308/276
f 260/300/270 259/298/268 274/306/274 275/309/277
f 253/301/271 252/299/269 267/308/276 268/310/278
f 246/303/272 199/311/28 261/312/279
f 215/313/30 260/300/270 275/309/277
f 254/288/258 253/301/271 268/310/278 269/314/280
f 247/290/260 246/303/272 261/312/279 262/315/281
f 255/289/259 254/288/258 269/314/280 270/316/282
f 248/291/261 247/290/260 262/315/281 263/317/283
f 256/292/262 255/289/259 270/316/282 271/318/284
f 249/293/263 248/291/261 263/317/283 264/319/285
f 257/294/264 256/292/262 271/318/284 272/320/286
f 250/295/265 249/293/263 264/319/285 265/321/287
f 258/296/266 257/294/264 272/320/286 273/305/273
f 251/297/267 250/295/265 265/321/287 266/307/275
f 263/322/283 262/323/281 277/324/288 278/325/289
f 271/326/284 270/327/282 285/328/290 286/329/291
f 264/330/285 263/322/283 278/325/289 279/331/292
f 272/332/286 271/326/284 286/329/291 287/333/293
f 265/334/287 264/330/285 279/331/292 280/335/294
f 273/336/273 272/332/286 287/333/293 288/337/295
f 266/338/275 265/334/287 280/335/294 281/339/296
f 274/340/274 273/336/273 288/337/295 289/341/297
f 267/342/276 266/338/275 281/339/296 282/343/298
f 275/344/277 274/340/274 289/341/297 290/345/299
f 268/346/278 267/342/276 282/343/298 283/347/300
f 261/348/279 199/349/28 276/350/301
f 215/351/30 275/344/277 290/345/299
f 269/352/280 268/346/278 283/347/300 284/353/302
f 262/323/281 261/348/279 276/350/301 277/324/288
f 270/327/282 269/352/280 284/353/302 285/328/290
f 282/343/298 281/339/296 296/354/303 297/355/304
f 290/345/299 289/341/297 304/356/305 305/357/306
f 283/347/300 282/343/298 297/355/304 298/358/307
f 276/350/301 199/359/28 291/360/308
f 215/361/30 290/345/299 305/357/306
f 284/353/302 283/347/300 298/358/307 299/362/309
f 277/324/288 276/350/301 291/360/308 292/363/310
f 285/328/290 284/353/302 299/362/309 300/364/311
f 278/325/289 277/324/288 292/363/310 293/365/312
f 286/329/291 285/328/290 300/364/311 301/366/313
f 279/331/292 278/325/289 293/365/312 294/367/314
f 287/333/293 286/329/291 301/366/313 302/368/315
f 280/335/294 279/331/292 294/367/314 295/369/316
f 288/337/295 287/333/293 302/368/315 303/370/317
f 281/339/296 280/335/294 295/369/316 296/354/303
f 289/341/297 288/337/295 303/370/317 304/356/305
f 301/366/313 300/364/311 315/371/318 316/372/319
f 294/367/314 293/365/312 308/373/320 309/374/321
f 302/368/315 301/366/313 316/372/319 317/375/322
f 295/369/316 294/367/314 309/374/321 310/376/323
f 303/370/317 302/368/315 317/375/322 318/377/324
f 296/354/303 295/369/316 310/376/323 311/378/325
f 304/356/305 303/370/317 318/377/324 319/379/326
f 297/355/304 296/354/303 311/378/325 312/380/327
f 305/357/306 304/356/305 319/379/326 320/381/328
f 298/358/307 297/355/304 312/380/327 313/382/329
f 291/360/308 199/383/28 306/384/330
f 215/385/30 305/357/306 320/381/328
f 299/362/309 298/358/307 313/382/329 314/386/331
f 292/363/310 291/360/308 306/384/330 307/387/332
f 300/364/311 299/362/309 314/386/331 315/371/318
f 293/365/312 292/363/310 307/387/332 308/373/320
f 320/381/328 319/379/326 334/388/333 335/389/334
f 313/382/329 312/380/327 327/390/335 328/391/336
f 306/384/330 199/392/28 321/393/337
f 215/394/30 320/381/328 335/389/334
f 314/386/331 313/382/329 328/391/336 329/395/338
f 307/387/332 306/384/330 321/393/337 322/396/339
f 315/371/318 314/386/331 329/395/338 330/397/340
f 308/373/320 307/387/332 322/396/339 323/398/341
f 316/372/319 315/371/318 330/397/340 331/399/342
f 309/374/321 308/373/320 323/398/341 324/400/343
f 317/375/322 316/372/319 331/399/342 332/401/344
f 310/376/323 309/374/321 324/400/343 325/402/345
f 318/377/324 317/375/322 332/401/344 333/403/346
f 311/378/325 310/376/323 325/402/345 326/404/347
f 319/379/326 318/377/324 333/403/346 334/388/333
f 312/380/327 311/378/325 326/404/347 327/390/335
f 332/401/344 331/399/342 346/405/348 347/406/349
f 325/402/345 324/400/343 339/407/350 340/408/351
f 333/403/346 332/401/344 347/406/349 348/409/352
f 326/404/347 325/402/345 340/408/351 341/410/353
f 334/388/333 333/403/346 348/409/352 349/411/354
f 327/390/335 326/404/347 341/410/353 342/412/355
f 335/389/334 334/388/333 349/411/354 350/413/356
f 328/391/336 327/390/335 342/412/355 343/414/357
f 321/393/337 199/415/28 336/416/358
f 215/417/30 335/389/334 350/413/356
f 329/395/338 328/391/336 343/414/357 344/418/359
f 322/396/339 321/393/337 336/416/358 337/419/360
f 330/397/340 329/395/338 344/418/359 345/420/361
f 323/398/341 322/396/339 337/419/360 338/421/362
f 331/399/342 330/397/340 345/420/361 346/405/348
f 324/400/343 323/398/341 338/421/362 339/407/350
f 336/416/358 199/422/28 351/27/27
f 215/423/30 350/413/356 362/23/23
f 344/418/359 343/414/357 356/25/25 357/31/31
f 337/419/360 336/416/358 351/27/27 352/2/2
f 345/420/361 344/418/359 357/31/31 358/6/6
f 338/421/362 337/419/360 352/2/2 353/1/1
f 346/405/348 345/420/361 358/6/6 3/5/5
f 339/407/350 338/421/362 353/1/1 354/9/9
f 347/406/349 346/405/348 3/5/5 359/11/11
f 340/408/351 339/407/350 354/9/9 1/13/13
f 348/409/352 347/406/349 359/11/11 360/15/15
f 341/410/353 340/408/351 1/13/13 2/17/17
f 349/411/354 348/409/352 360/15/15 361/19/19
f 342/412/355 341/410/353 2/17/17 355/21/21
f 350/413/356 349/411/354 361/19/19 362/23/23
f 343/414/357 342/412/355 355/21/21 356/25/25
f 368/424/363 367/425/25 377/426/364 378/427/365
f 365/428/366 539/429/367 374/430/368 375/431/369
f 371/432/370 370/433/371 381/434/372 382/435/373
f 363/436/374 383/437/28 372/438/375
f 369/439/376 368/424/363 378/427/365 379/440/377
f 366/441/378 365/428/366 375/431/369 376/442/379
f 472/443/30 371/432/370 382/435/373
f 364/444/380 363/436/374 372/438/375 373/445/381
f 540/446/382 369/439/376 379/440/377 380/447/383
f 367/425/25 366/441/378 376/442/379 377/426/364
f 539/429/367 364/444/380 373/445/381 374/430/368
f 370/433/371 540/446/382 380/447/383 381/434/372
f 472/448/30 382/435/373 394/449/384
f 373/445/381 372/438/375 384/450/385 385/451/386
f 380/447/383 379/440/377 391/452/387 392/453/388
f 377/426/364 376/442/379 388/454/389 389/455/55
f 374/430/368 373/445/381 385/451/386 386/456/390
f 381/434/372 380/447/383 392/453/388 393/457/391
f 378/427/365 377/426/364 389/455/55 390/458/392
f 375/431/369 374/430/368 386/456/390 387/459/393
f 382/435/373 381/434/372 393/457/391 394/449/384
f 372/438/375 383/460/28 384/450/385
f 379/440/377 378/427/365 390/458/392 391/452/387
f 376/442/379 375/431/369 387/459/393 388/454/389
f 387/459/393 386/456/390 397/461/394 398/462/395
f 394/449/384 393/457/391 404/463/396 405/464/397
f 384/450/385 383/465/28 395/466/398
f 391/452/387 390/458/392 401/467/399 402/468/400
f 388/454/389 387/459/393 398/462/395 399/469/401
f 472/470/30 394/449/384 405/464/397
f 385/451/386 384/450/385 395/466/398 396/471/402
f 392/453/388 391/452/387 402/468/400 403/472/403
f 389/455/55 388/454/389 399/469/401 400/473/404
f 386/456/390 385/451/386 396/471/402 397/461/394
f 393/457/391 392/453/388 403/472/403 404/463/396
f 390/458/392 389/455/55 400/473/404 401/467/399
f 397/461/394 396/471/402 407/474/405 408/475/406
f 404/463/396 403/472/403 414/476/407 415/477/408
f 401/467/399 400/473/404 411/478/105 412/479/409
f 398/462/395 397/461/394 408/475/406 409/480/410
f 405/464/397 404/463/396 415/477/408 416/481/411
f 395/466/398 383/482/28 406/483/412
f 402/468/400 401/467/399 412/479/409 413/484/413
f 399/469/401 398/462/395 409/480/410 410/485/414
f 472/486/30 405/464/397 416/481/411
f 396/471/402 395/466/398 406/483/412 407/474/405
f 403/472/403 402/468/400 413/484/413 414/476/407
f 400/473/404 399/469/401 410/485/414 411/478/105
f 410/485/414 409/480/410 420/487/415 421/488/416
f 472/489/30 416/481/411 427/490/417
f 407/474/405 406/483/412 417/491/418 418/492/419
f 414/476/407 413/484/413 424/493/420 425/494/421
f 411/478/105 410/485/414 421/488/416 422/495/422
f 408/475/406 407/474/405 418/492/419 419/496/423
f 415/477/408 414/476/407 425/494/421 426/497/424
f 412/479/409 411/478/105 422/495/422 423/498/425
f 409/480/410 408/475/406 419/496/423 420/487/415
f 416/481/411 415/477/408 426/497/424 427/490/417
f 406/483/412 383/499/28 417/491/418
f 413/484/413 412/479/409 423/498/425 424/493/420
f 420/487/415 419/496/423 430/500/426 431/501/427
f 427/490/417 426/497/424 437/502/428 438/503/429
f 417/491/418 383/504/28 428/505/430
f 424/493/420 423/498/425 434/506/431 435/507/432
f 421/488/416 420/487/415 431/501/427 432/508/433
f 472/509/30 427/490/417 438/503/429
f 418/492/419 417/491/418 428/505/430 429/510/434
f 425/494/421 424/493/420 435/507/432 436/511/435
f 422/495/422 421/488/416 432/508/433 433/512/141
f 419/496/423 418/492/419 429/510/434 430/500/426
f 426/497/424 425/494/421 436/511/435 437/502/428
f 423/498/425 422/495/422 433/512/141 434/506/431
f 433/512/141 432/508/433 443/513/436 444/514/437
f 430/500/426 429/510/434 440/515/438 441/516/439
f 437/502/428 436/511/435 447/517/440 448/518/441
f 434/506/431 433/512/141 444/514/437 445/519/442
f 431/501/427 430/500/426 441/516/439 442/520/443
f 438/503/429 437/502/428 448/518/441 449/521/444
f 428/505/430 383/522/28 439/523/445
f 435/507/432 434/506/431 445/519/442 446/524/446
f 432/508/433 431/501/427 442/520/443 443/513/436
f 472/525/30 438/503/429 449/521/444
f 429/510/434 428/505/430 439/523/445 440/515/438
f 436/511/435 435/507/432 446/524/446 447/517/440
f 443/513/436 442/520/443 453/526/447 454/527/448
f 472/528/30 449/521/444 460/529/449
f 440/515/438 439/523/445 450/530/450 451/531/451
f 447/517/440 446/524/446 457/532/452 458/533/453
f 444/514/437 443/513/436 454/527/448 455/534/192
f 441/516/439 440/515/438 451/531/451 452/535/454
f 448/518/441 447/517/440 458/533/453 459/536/455
f 445/519/442 444/514/437 455/534/192 456/537/456
f 442/520/443 441/516/439 452/535/454 453/526/447
f 449/521/444 448/518/441 459/536/455 460/529/449
f 439/523/445 383/538/28 450/530/450
f 446/524/446 445/519/442 456/537/456 457/532/452
f 456/537/456 455/534/192 466/539/457 467/540/458
f 453/526/447 452/535/454 463/541/459 464/542/460
f 460/529/449 459/536/455 470/543/461 471/544/462
f 450/530/450 383/545/28 461/546/463
f 457/532/452 456/537/456 467/540/458 468/547/464
f 454/527/448 453/526/447 464/542/460 465/548/465
f 472/549/30 460/529/449 471/544/462
f 451/531/451 450/530/450 461/546/463 462/550/466
f 458/533/453 457/532/452 468/547/464 469/551/467
f 455/534/192 454/527/448 465/548/465 466/539/457
f 452/535/454 451/531/451 462/550/466 463/541/459
f 459/536/455 458/533/453 469/551/467 470/543/461
f 466/539/457 465/548/465 477/552/468 478/553/242
f 463/541/459 462/550/466 474/554/469 475/555/470
f 470/543/461 469/551/467 481/556/471 482/557/472
f 467/540/458 466/539/457 478/553/242 479/558/473
f 464/542/460 463/541/459 475/555/470 476/559/474
f 471/544/462 470/543/461 482/557/472 483/560/475
f 461/546/463 383/561/28 473/562/476
f 468/547/464 467/540/458 479/558/473 480/563/477
f 465/548/465 464/542/460 476/559/474 477/552/468
f 472/564/30 471/544/462 483/560/475
f 462/550/466 461/546/463 473/562/476 474/554/469
f 469/551/467 468/547/464 480/563/477 481/556/471
f 480/563/477 479/558/473 490/565/478 491/566/479
f 477/552/468 476/559/474 487/567/480 488/568/481
f 472/569/30 483/560/475 494/570/482
f 474/554/469 473/562/476 484/571/483 485/572/484
f 481/556/471 480/563/477 491/566/479 492/573/485
f 478/553/242 477/552/468 488/568/481 489/574/486
f 475/555/470 474/554/469 485/572/484 486/575/487
f 482/557/472 481/556/471 492/573/485 493/576/488
f 479/558/473 478/553/242 489/574/486 490/565/478
f 476/559/474 475/555/470 486/575/487 487/567/480
f 483/560/475 482/557/472 493/576/488 494/570/482
f 473/562/476 383/577/28 484/571/483
f 490/565/478 489/574/486 500/578/278 501/579/489
f 487/567/480 486/575/487 497/580/490 498/581/491
f 494/570/482 493/576/488 504/582/492 505/583/493
f 484/571/483 383/584/28 495/585/494
f 491/566/479 490/565/478 501/579/489 502/586/495
f 488/568/481 487/567/480 498/581/491 499/587/496
f 472/588/30 494/570/482 505/583/493
f 485/572/484 484/571/483 495/585/494 496/589/497
f 492/573/485 491/566/479 502/586/495 503/590/498
f 489/574/486 488/568/481 499/587/496 500/578/278
f 486/575/487 485/572/484 496/589/497 497/580/490
f 493/576/488 492/573/485 503/590/498 504/582/492
f 503/591/498 502/592/495 513/593/499 514/594/500
f 500/595/278 499/596/496 510/597/501 511/598/502
f 497/599/490 496/600/497 507/601/503 508/602/504
f 504/603/492 503/591/498 514/594/500 515/604/505
f 501/605/489 500/595/278 511/598/502 512/606/506
f 498/607/491 497/599/490 508/602/504 509/608/507
f 505/609/493 504/603/492 515/604/505 516/610/508
f 495/611/494 383/612/28 506/613/509
f 502/592/495 501/605/489 512/606/506 513/593/499
f 499/596/496 498/607/491 509/608/507 510/597/501
f 472/614/30 505/609/493 516/610/508
f 496/600/497 495/611/494 506/613/509 507/601/503
f 506/613/509 383/615/28 517/616/510
f 513/593/499 512/606/506 523/617/511 524/618/512
f 510/597/501 509/608/507 520/619/513 521/620/514
f 472/621/30 516/610/508 527/622/515
f 507/601/503 506/613/509 517/616/510 518/623/516
f 514/594/500 513/593/499 524/618/512 525/624/517
f 511/598/502 510/597/501 521/620/514 522/625/329
f 508/602/504 507/601/503 518/623/516 519/626/518
f 515/604/505 514/594/500 525/624/517 526/627/519
f 512/606/506 511/598/502 522/625/329 523/617/511
f 509/608/507 508/602/504 519/626/518 520/619/513
f 516/610/508 515/604/505 526/627/519 527/622/515
f 526/627/519 525/624/517 536/628/520 537/629/521
f 523/617/511 522/625/329 533/630/522 534/631/523
f 520/619/513 519/626/518 530/632/524 531/633/525
f 527/622/515 526/627/519 537/629/521 538/634/526
f 517/616/510 383/635/28 528/636/527
f 524/618/512 523/617/511 534/631/523 535/637/528
f 521/620/514 520/619/513 531/633/525 532/638/529
f 472/639/30 527/622/515 538/634/526
f 518/623/516 517/616/510 528/636/527 529/640/530
f 525/624/517 524/618/512 535/637/528 536/628/520
f 522/625/329 521/620/514 532/638/529 533/630/522
f 519/626/518 518/623/516 529/640/530 530/632/524
f 529/640/530 528/636/527 363/436/374 364/444/380
f 536/628/520 535/637/528 369/439/376 540/446/382
f 533/630/522 532/638/529 366/441/378 367/425/25
f 530/632/524 529/640/530 364/444/380 539/429/367
f 537/629/521 536/628/520 540/446/382 370/433/371
f 534/631/523 533/630/522 367/425/25 368/424/363
f 531/633/525 530/632/524 539/429/367 365/428/366
f 538/634/526 537/629/521 370/433/371 371/432/370
f 528/636/527 383/641/28 363/436/374
f 535/637/528 534/631/523 368/424/363 369/439/376
f 532/638/529 531/633/525 365/428/366 366/441/378
f 472/642/30 538/634/526 371/432/370
f 544/643/378 543/644/366 553/645/369 554/646/379
f 650/647/30 549/648/370 560/649/373
f 542/650/380 541/651/374 550/652/375 551/653/381
f 718/654/382 547/655/376 557/656/377 558/657/383
f 545/658/25 544/643/378 554/646/379 555/659/364
f 717/660/367 542/650/380 551/653/381 552/661/368
f 548/662/371 718/654/382 558/657/383 559/663/372
f 546/664/363 545/658/25 555/659/364 556/665/365
f 543/644/366 717/660/367 552/661/368 553/645/369
f 549/648/370 548/662/371 559/663/372 560/649/373
f 541/651/374 561/666/28 550/652/375
f 547/655/376 546/664/363 556/665/365 557/656/377
f 559/663/372 558/657/383 570/667/388 571/668/391
f 556/665/365 555/659/364 567/669/55 568/670/392
f 553/645/369 552/661/368 564/671/390 565/672/393
f 560/649/373 559/663/372 571/668/391 572/673/384
f 550/652/375 561/674/28 562/675/385
f 557/656/377 556/665/365 568/670/392 569/676/387
f 554/646/379 553/645/369 565/672/393 566/677/389
f 650/678/30 560/649/373 572/673/384
f 551/653/381 550/652/375 562/675/385 563/679/386
f 558/657/383 557/656/377 569/676/387 570/667/388
f 555/659/364 554/646/379 566/677/389 567/669/55
f 552/661/368 551/653/381 563/679/386 564/671/390
f 563/679/386 562/675/385 573/680/398 574/681/402
f 570/667/388 569/676/387 580/682/400 581/683/403
f 567/669/55 566/677/389 577/684/401 578/685/404
f 564/671/390 563/679/386 574/681/402 575/686/394
f 571/668/391 570/667/388 581/683/403 582/687/396
f 568/670/392 567/669/55 578/685/404 579/688/399
f 565/672/393 564/671/390 575/686/394 576/689/395
f 572/673/384 571/668/391 582/687/396 583/690/397
f 562/675/385 561/691/28 573/680/398
f 569/676/387 568/670/392 579/688/399 580/682/400
f 566/677/389 565/672/393 576/689/395 577/684/401
f 650/692/30 572/673/384 583/690/397
f 583/690/397 582/687/396 593/693/408 594/694/411
f 573/680/398 561/695/28 584/696/412
f 580/682/400 579/688/399 590/697/409 591/698/413
f 577/684/401 576/689/395 587/699/410 588/700/414
f 650/701/30 583/690/397 594/694/411
f 574/681/402 573/680/398 584/696/412 585/702/405
f 581/683/403 580/682/400 591/698/413 592/703/407
f 578/685/404 577/684/401 588/700/414 589/704/105
f 575/686/394 574/681/402 585/702/405 586/705/406
f 582/687/396 581/683/403 592/703/407 593/693/408
f 579/688/399 578/685/404 589/704/105 590/697/409
f 576/689/395 575/686/394 586/705/406 587/699/410
f 586/705/406 585/702/405 596/706/419 597/707/423
f 593/693/408 592/703/407 603/708/421 604/709/424
f 590/697/409 589/704/105 600/710/422 601/711/425
f 587/699/410 586/705/406 597/707/423 598/712/415
f 594/694/411 593/693/408 604/709/424 605/713/417
f 584/696/412 561/714/28 595/715/418
f 591/698/413 590/697/409 601/711/425 602/716/420
f 588/700/414 587/699/410 598/712/415 599/717/416
f 650/718/30 594/694/411 605/713/417
f 585/702/405 584/696/412 595/715/418 596/706/419
f 592/703/407 591/698/413 602/716/420 603/708/421
f 589/704/105 588/700/414 599/717/416 600/710/422
f 650/719/30 605/713/417 616/720/429
f 596/706/419 595/715/418 606/721/430 607/722/434
f 603/708/421 602/716/420 613/723/432 614/724/435
f 600/710/422 599/717/416 610/725/433 611/726/141
f 597/707/423 596/706/419 607/722/434 608/727/426
f 604/709/424 603/708/421 614/724/435 615/728/428
f 601/711/425 600/710/422 611/726/141 612/729/431
f 598/712/415 597/707/423 608/727/426 609/730/427
f 605/713/417 604/709/424 615/728/428 616/720/429
f 595/715/418 561/731/28 606/721/430
f 602/716/420 601/711/425 612/729/431 613/723/432
f 599/717/416 598/712/415 609/730/427 610/725/433
f 609/730/427 608/727/426 619/732/439 620/733/443
f 616/720/429 615/728/428 626/734/441 627/735/444
f 606/721/430 561/736/28 617/737/445
f 613/723/432 612/729/431 623/738/442 624/739/446
f 610/725/433 609/730/427 620/733/443 621/740/436
f 650/741/30 616/720/429 627/735/444
f 607/722/434 606/721/430 617/737/445 618/742/438
f 614/724/435 613/723/432 624/739/446 625/743/440
f 611/726/141 610/725/433 621/740/436 622/744/437
f 608/727/426 607/722/434 618/742/438 619/732/439
f 615/728/428 614/724/435 625/743/440 626/734/441
f 612/729/431 611/726/141 622/744/437 623/738/442
f 619/732/439 618/742/438 629/745/451 630/746/454
f 626/734/441 625/743/440 636/747/453 637/748/455
f 623/738/442 622/744/437 633/749/192 634/750/456
f 620/733/443 619/732/439 630/746/454 631/751/447
f 627/735/444 626/734/441 637/748/455 638/752/449
f 617/737/445 561/753/28 628/754/450
f 624/739/446 623/738/442 634/750/456 635/755/452
f 621/740/436 620/733/443 631/751/447 632/756/448
f 650/757/30 627/735/444 638/752/449
f 618/742/438 617/737/445 628/754/450 629/745/451
f 625/743/440 624/739/446 635/755/452 636/747/453
f 622/744/437 621/740/436 632/756/448 633/749/192
f 632/756/448 631/751/447 642/758/460 643/759/465
f 650/760/30 638/752/449 649/761/462
f 629/745/451 628/754/450 639/762/463 640/763/466
f 636/747/453 635/755/452 646/764/464 647/765/467
f 633/749/192 632/756/448 643/759/465 644/766/457
f 630/746/454 629/745/451 640/763/466 641/767/459
f 637/748/455 636/747/453 647/765/467 648/768/461
f 634/750/456 633/749/192 644/766/457 645/769/458
f 631/751/447 630/746/454 641/767/459 642/758/460
f 638/752/449 637/748/455 648/768/461 649/761/462
f 628/754/450 561/770/28 639/762/463
f 635/755/452 634/750/456 645/769/458 646/764/464
f 642/758/460 641/767/459 653/771/470 654/772/474
f 649/761/462 648/768/461 660/773/472 661/774/475
f 639/762/463 561/775/28 651/776/476
f 646/764/464 645/769/458 657/777/473 658/778/477
f 643/759/465 642/758/460 654/772/474 655/779/468
f 650/780/30 649/761/462 661/774/475
f 640/763/466 639/762/463 651/776/476 652/781/469
f 647/765/467 646/764/464 658/778/477 659/782/471
f 644/766/457 643/759/465 655/779/468 656/783/242
f 641/767/459 640/763/466 652/781/469 653/771/470
f 648/768/461 647/765/467 659/782/471 660/773/472
f 645/769/458 644/766/457 656/783/242 657/777/473
f 656/783/242 655/779/468 666/784/481 667/785/486
f 653/771/470 652/781/469 663/786/484 664/787/487
f 660/773/472 659/782/471 670/788/485 671/789/488
f 657/777/473 656/783/242 667/785/486 668/790/478
f 654/772/474 653/771/470 664/787/487 665/791/480
f 661/774/475 660/773/472 671/789/488 672/792/482
f 651/776/476 561/793/28 662/794/483
f 658/778/477 657/777/473 668/790/478 669/795/479
f 655/779/468 654/772/474 665/791/480 666/784/481
f 650/796/30 661/774/475 672/792/482
f 652/781/469 651/776/476 662/794/483 663/786/484
f 659/782/471 658/778/477 669/795/479 670/788/485
f 666/784/481 665/791/480 676/797/491 677/798/496
f 650/799/30 672/792/482 683/800/493
f 663/786/484 662/794/483 673/801/494 674/802/497
f 670/788/485 669/795/479 680/803/495 681/804/498
f 667/785/486 666/784/481 677/798/496 678/805/278
f 664/787/487 663/786/484 674/802/497 675/806/490
f 671/789/488 670/788/485 681/804/498 682/807/492
f 668/790/478 667/785/486 678/805/278 679/808/489
f 665/791/480 664/787/487 675/806/490 676/797/491
f 672/792/482 671/789/488 682/807/492 683/800/493
f 662/794/483 561/809/28 673/801/494
f 669/795/479 668/790/478 679/808/489 680/803/495
f 679/810/489 678/811/278 689/812/502 690/813/506
f 676/814/491 675/815/490 686/816/504 687/817/507
f 683/818/493 682/819/492 693/820/505 694/821/508
f 673/822/494 561/823/28 684/824/509
f 680/825/495 679/810/489 690/813/506 691/826/499
f 677/827/496 676/814/491 687/817/507 688/828/501
f 650/829/30 683/818/493 694/821/508
f 674/830/497 673/822/494 684/824/509 685/831/503
f 681/832/498 680/825/495 691/826/499 692/833/500
f 678/811/278 677/827/496 688/828/501 689/812/502
f 675/815/490 674/830/497 685/831/503 686/816/504
f 682/819/492 681/832/498 692/833/500 693/820/505
f 689/812/502 688/828/501 699/834/514 700/835/329
f 686/816/504 685/831/503 696/836/516 697/837/518
f 693/820/505 692/833/500 703/838/517 704/839/519
f 690/813/506 689/812/502 700/835/329 701/840/511
f 687/817/507 686/816/504 697/837/518 698/841/513
f 694/821/508 693/820/505 704/839/519 705/842/515
f 684/824/509 561/843/28 695/844/510
f 691/826/499 690/813/506 701/840/511 702/845/512
f 688/828/501 687/817/507 698/841/513 699/834/514
f 650/846/30 694/821/508 705/842/515
f 685/831/503 684/824/509 695/844/510 696/836/516
f 692/833/500 691/826/499 702/845/512 703/838/517
f 702/845/512 701/840/511 712/847/523 713/848/528
f 699/834/514 698/841/513 709/849/525 710/850/529
f 650/851/30 705/842/515 716/852/526
f 696/836/516 695/844/510 706/853/527 707/854/530
f 703/838/517 702/845/512 713/848/528 714/855/520
f 700/835/329 699/834/514 710/850/529 711/856/522
f 697/837/518 696/836/516 707/854/530 708/857/524
f 704/839/519 703/838/517 714/855/520 715/858/521
f 701/840/511 700/835/329 711/856/522 712/847/523
f 698/841/513 697/837/518 708/857/524 709/849/525
f 705/842/515 704/839/519 715/858/521 716/852/526
f 695/844/510 561/859/28 706/853/527
f 712/847/523 711/856/522 545/658/25 546/664/363
f 709/849/525 708/857/524 717/660/367 543/644/366
f 716/852/526 715/858/521 548/662/371 549/648/370
f 706/853/527 561/860/28 541/651/374
f 713/848/528 712/847/523 546/664/363 547/655/376
f 710/850/529 709/849/525 543/644/366 544/643/378
f 650/861/30 716/852/526 549/648/370
f 707/854/530 706/853/527 541/651/374 542/650/380
f 714/855/520 713/848/528 547/655/376 718/654/382
f 711/856/522 710/850/529 544/643/378 545/658/25
f 708/857/524 707/854/530 542/650/380 717/660/367
f 715/858/521 714/855/520 718/654/382 548/662/371
usemtl M_Black
f 802/862/25 719/863/531 723/864/532 724/865/33
f 801/866/533 800/867/534 721/868/535 722/869/536
f 720/870/537 804/871/538 726/872/539 727/873/540
f 803/874/541 802/862/25 724/865/33 725/875/542
f 719/863/531 801/866/533 722/869/536 723/864/532
f 800/867/534 728/876/28 721/868/535
f 771/877/30 720/870/537 727/873/540
f 804/871/538 803/874/541 725/875/542 726/872/539
f 727/873/540 726/872/539 734/878/543 735/879/544
f 725/875/542 724/865/33 732/880/76 733/881/545
f 723/864/532 722/869/536 730/882/546 731/883/547
f 721/868/535 728/884/28 729/885/548
f 771/886/30 727/873/540 735/879/544
f 726/872/539 725/875/542 733/881/545 734/878/543
f 724/865/33 723/864/532 731/883/547 732/880/76
f 722/869/536 721/868/535 729/885/548 730/882/546
f 729/885/548 728/887/28 736/888/549
f 771/889/30 735/879/544 742/890/550
f 734/878/543 733/881/545 740/891/551 741/892/552
f 732/880/76 731/883/547 738/893/553 739/894/105
f 730/882/546 729/885/548 736/888/549 737/895/554
f 735/879/544 734/878/543 741/892/552 742/890/550
f 733/881/545 732/880/76 739/894/105 740/891/551
f 731/883/547 730/882/546 737/895/554 738/893/553
f 741/892/552 740/891/551 747/896/555 748/897/556
f 739/894/105 738/893/553 745/898/557 746/899/134
f 737/895/554 736/888/549 743/900/558 744/901/559
f 742/890/550 741/892/552 748/897/556 749/902/560
f 740/891/551 739/894/105 746/899/134 747/896/555
f 738/893/553 737/895/554 744/901/559 745/898/557
f 736/888/549 728/903/28 743/900/558
f 771/904/30 742/890/550 749/902/560
f 749/902/560 748/897/556 755/905/561 756/906/562
f 747/896/555 746/899/134 753/907/163 754/908/563
f 745/898/557 744/901/559 751/909/564 752/910/565
f 743/900/558 728/911/28 750/912/566
f 771/913/30 749/902/560 756/906/562
f 748/897/556 747/896/555 754/908/563 755/905/561
f 746/899/134 745/898/557 752/910/565 753/907/163
f 744/901/559 743/900/558 750/912/566 751/909/564
f 754/908/563 753/907/163 760/914/192 761/915/567
f 752/910/565 751/909/564 758/916/568 759/917/569
f 750/912/566 728/918/28 757/919/570
f 771/920/30 756/906/562 763/921/571
f 755/905/561 754/908/563 761/915/567 762/922/572
f 753/907/163 752/910/565 759/917/569 760/914/192
f 751/909/564 750/912/566 757/919/570 758/916/568
f 756/906/562 755/905/561 762/922/572 763/921/571
f 771/923/30 763/921/571 770/924/573
f 762/922/572 761/915/567 768/925/574 769/926/575
f 760/914/192 759/917/569 766/927/576 767/928/220
f 758/916/568 757/919/570 764/929/577 765/930/578
f 763/921/571 762/922/572 769/926/575 770/924/573
f 761/915/567 760/914/192 767/928/220 768/925/574
f 759/917/569 758/916/568 765/930/578 766/927/576
f 757/919/570 728/931/28 764/929/577
f 767/928/220 766/927/576 774/932/579 775/933/249
f 765/930/578 764/929/577 772/934/580 773/935/581
f 770/924/573 769/926/575 777/936/582 778/937/583
f 768/925/574 767/928/220 775/933/249 776/938/584
f 766/927/576 765/930/578 773/935/581 774/932/579
f 764/929/577 728/939/28 772/934/580
f 771/940/30 770/924/573 778/937/583
f 769/926/575 768/925/574 776/938/584 777/936/582
f 778/937/583 777/936/582 784/941/585 785/942/586
f 776/938/584 775/933/249 782/943/278 783/944/587
f 774/932/579 773/935/581 780/945/588 781/946/589
f 772/934/580 728/947/28 779/948/590
f 771/949/30 778/937/583 785/942/586
f 777/936/582 776/938/584 783/944/587 784/941/585
f 775/933/249 774/932/579 781/946/589 782/943/278
f 773/935/581 772/934/580 779/948/590 780/945/588
f 781/950/589 780/951/588 787/952/591 788/953/592
f 779/954/590 728/955/28 786/956/593
f 771/957/30 785/958/586 792/959/594
f 784/960/585 783/961/587 790/962/595 791/963/596
f 782/964/278 781/950/589 788/953/592 789/965/307
f 780/951/588 779/954/590 786/956/593 787/952/591
f 785/958/586 784/960/585 791/963/596 792/959/594
f 783/961/587 782/964/278 789/965/307 790/962/595
f 771/966/30 792/959/594 799/967/597
f 791/963/596 790/962/595 797/968/598 798/969/599
f 789/965/307 788/953/592 795/970/600 796/971/336
f 787/952/591 786/956/593 793/972/601 794/973/602
f 792/959/594 791/963/596 798/969/599 799/967/597
f 790/962/595 789/965/307 796/971/336 797/968/598
f 788/953/592 787/952/591 794/973/602 795/970/600
f 786/956/593 728/974/28 793/972/601
f 794/973/602 793/972/601 800/867/534 801/866/533
f 799/967/597 798/969/599 804/871/538 720/870/537
f 797/968/598 796/971/336 802/862/25 803/874/541
f 795/970/600 794/973/602 801/866/533 719/863/531
f 793/972/601 728/975/28 800/867/534
f 771/976/30 799/967/597 720/870/537
f 798/969/599 797/968/598 803/874/541 804/871/538
f 796/971/336 795/970/600 719/863/531 802/862/25
f 806/977/537 890/978/538 812/979/539 813/980/540
f 889/981/541 888/982/25 810/983/33 811/984/542
f 805/985/531 887/986/533 808/987/536 809/988/532
f 886/989/534 814/990/28 807/991/535
f 857/992/30 806/977/537 813/980/540
f 890/978/538 889/981/541 811/984/542 812/979/539
f 888/982/25 805/985/531 809/988/532 810/983/33
f 887/986/533 886/989/534 807/991/535 808/987/536
f 807/991/535 814/993/28 815/994/548
f 857/995/30 813/980/540 821/996/603
f 812/979/539 811/984/542 819/997/545 820/998/543
f 810/983/33 809/988/532 817/999/547 818/1000/76
f 808/987/536 807/991/535 815/994/548 816/1001/546
f 813/980/540 812/979/539 820/998/543 821/996/603
f 811/984/542 810/983/33 818/1000/76 819/997/545
f 809/988/532 808/987/536 816/1001/546 817/999/547
f 820/998/543 819/997/545 826/1002/551 827/1003/552
f 818/1000/76 817/999/547 824/1004/553 825/1005/105
f 816/1001/546 815/994/548 822/1006/549 823/1007/554
f 821/996/603 820/998/543 827/1003/552 828/1008/550
f 819/997/545 818/1000/76 825/1005/105 826/1002/551
f 817/999/547 816/1001/546 823/1007/554 824/1004/553
f 815/994/548 814/1009/28 822/1006/549
f 857/1010/30 821/996/603 828/1008/550
f 828/1008/550 827/1003/552 834/1011/556 835/1012/560
f 826/1002/551 825/1005/105 832/1013/134 833/1014/555
f 824/1004/553 823/1007/554 830/1015/559 831/1016/557
f 822/1006/549 814/1017/28 829/1018/558
f 857/1019/30 828/1008/550 835/1012/560
f 827/1003/552 826/1002/551 833/1014/555 834/1011/556
f 825/1005/105 824/1004/553 831/1016/557 832/1013/134
f 823/1007/554 822/1006/549 829/1018/558 830/1015/559
f 833/1014/555 832/1013/134 839/1020/163 840/1021/563
f 831/1016/557 830/1015/559 837/1022/564 838/1023/565
f 829/1018/558 814/1024/28 836/1025/566
f 857/1026/30 835/1012/560 842/1027/562
f 834/1011/556 833/1014/555 840/1021/563 841/1028/561
f 832/1013/134 831/1016/557 838/1023/565 839/1020/163
f 830/1015/559 829/1018/558 836/1025/566 837/1022/564
f 835/1012/560 834/1011/556 841/1028/561 842/1027/562
f 857/1029/30 842/1027/562 849/1030/571
f 841/1028/561 840/1021/563 847/1031/567 848/1032/572
f 839/1020/163 838/1023/565 845/1033/569 846/1034/192
f 837/1022/564 836/1025/566 843/1035/570 844/1036/568
f 842/1027/562 841/1028/561 848/1032/572 849/1030/571
f 840/1021/563 839/1020/163 846/1034/192 847/1031/567
f 838/1023/565 837/1022/564 844/1036/568 845/1033/569
f 836/1025/566 814/1037/28 843/1035/570
f 846/1034/192 845/1033/569 852/1038/576 853/1039/220
f 844/1036/568 843/1035/570 850/1040/577 851/1041/578
f 849/1030/571 848/1032/572 855/1042/575 856/1043/573
f 847/1031/567 846/1034/192 853/1039/220 854/1044/574
f 845/1033/569 844/1036/568 851/1041/578 852/1038/576
f 843/1035/570 814/1045/28 850/1040/577
f 857/1046/30 849/1030/571 856/1043/573
f 848/1032/572 847/1031/567 854/1044/574 855/1042/575
f 856/1043/573 855/1042/575 863/1047/582 864/1048/583
f 854/1044/574 853/1039/220 861/1049/249 862/1050/584
f 852/1038/576 851/1041/578 859/1051/581 860/1052/579
f 850/1040/577 814/1053/28 858/1054/580
f 857/1055/30 856/1043/573 864/1048/583
f 855/1042/575 854/1044/574 862/1050/584 863/1047/582
f 853/1039/220 852/1038/576 860/1052/579 861/1049/249
f 851/1041/578 850/1040/577 858/1054/580 859/1051/581
f 860/1052/579 859/1051/581 866/1056/588 867/1057/589
f 858/1054/580 814/1058/28 865/1059/590
f 857/1060/30 864/1048/583 871/1061/586
f 863/1047/582 862/1050/584 869/1062/587 870/1063/585
f 861/1049/249 860/1052/579 867/1057/589 868/1064/278
f 859/1051/581 858/1054/580 865/1059/590 866/1056/588
f 864/1048/583 863/1047/582 870/1063/585 871/1061/586
f 862/1050/584 861/1049/249 868/1064/278 869/1062/587
f 857/1065/30 871/1066/586 878/1067/594
f 870/1068/585 869/1069/587 876/1070/595 877/1071/596
f 868/1072/278 867/1073/589 874/1074/592 875/1075/307
f 866/1076/588 865/1077/590 872/1078/593 873/1079/591
f 871/1066/586 870/1068/585 877/1071/596 878/1067/594
f 869/1069/587 868/1072/278 875/1075/307 876/1070/595
f 867/1073/589 866/1076/588 873/1079/591 874/1074/592
f 865/1077/590 814/1080/28 872/1078/593
f 873/1079/591 872/1078/593 879/1081/601 880/1082/602
f 878/1067/594 877/1071/596 884/1083/599 885/1084/597
f 876/1070/595 875/1075/307 882/1085/336 883/1086/598
f 874/1074/592 873/1079/591 880/1082/602 881/1087/600
f 872/1078/593 814/1088/28 879/1081/601
f 857/1089/30 878/1067/594 885/1084/597
f 877/1071/596 876/1070/595 883/1086/598 884/1083/599
f 875/1075/307 874/1074/592 881/1087/600 882/1085/336
f 885/1084/597 884/1083/599 890/978/538 806/977/537
f 883/1086/598 882/1085/336 888/982/25 889/981/541
f 881/1087/600 880/1082/602 887/986/533 805/985/531
f 879/1081/601 814/1090/28 886/989/534
f 857/1091/30 885/1084/597 806/977/537
f 884/1083/599 883/1086/598 889/981/541 890/978/538
f 882/1085/336 881/1087/600 805/985/531 888/982/25
f 880/1082/602 879/1081/601 886/989/534 887/986/533
usemtl M_Blush
f 972/1092/604 892/1093/605 894/1094/606 895/1095/607
f 891/1096/608 942/1097/28 893/1098/609
f 950/1099/30 976/1100/610 899/1101/611
f 975/1102/612 974/1103/613 897/1104/614 898/1105/615
f 973/1106/25 972/1092/604 895/1095/607 896/1107/616
f 892/1093/605 891/1096/608 893/1098/609 894/1094/606
f 976/1100/610 975/1102/612 898/1105/615 899/1101/611
f 974/1103/613 973/1106/25 896/1107/616 897/1104/614
f 898/1105/615 897/1104/614 904/1108/617 905/1109/618
f 896/1107/616 895/1095/607 902/1110/619 903/1111/620
f 894/1094/606 893/1098/609 900/1112/621 901/1113/622
f 899/1101/611 898/1105/615 905/1109/618 906/1114/623
f 897/1104/614 896/1107/616 903/1111/620 904/1108/617
f 895/1095/607 894/1094/606 901/1113/622 902/1110/619
f 893/1098/609 942/1115/28 900/1112/621
f 950/1116/30 899/1101/611 906/1114/623
f 906/1114/623 905/1109/618 912/1117/624 913/1118/625
f 904/1108/617 903/1111/620 910/1119/105 911/1120/626
f 902/1110/619 901/1113/622 908/1121/627 909/1122/628
f 900/1112/621 942/1123/28 907/1124/629
f 950/1125/30 906/1114/623 913/1118/625
f 905/1109/618 904/1108/617 911/1120/626 912/1117/624
f 903/1111/620 902/1110/619 909/1122/628 910/1119/105
f 901/1113/622 900/1112/621 907/1124/629 908/1121/627
f 911/1120/626 910/1119/105 917/1126/630 918/1127/631
f 909/1122/628 908/1121/627 915/1128/632 916/1129/633
f 907/1124/629 942/1130/28 914/1131/634
f 950/1132/30 913/1118/625 920/1133/635
f 912/1117/624 911/1120/626 918/1127/631 919/1134/636
f 910/1119/105 909/1122/628 916/1129/633 917/1126/630
f 908/1121/627 907/1124/629 914/1131/634 915/1128/632
f 913/1118/625 912/1117/624 919/1134/636 920/1133/635
f 950/1135/30 920/1133/635 927/1136/637
f 919/1134/636 918/1127/631 925/1137/638 926/1138/639
f 917/1126/630 916/1129/633 923/1139/640 924/1140/641
f 915/1128/632 914/1131/634 921/1141/642 922/1142/643
f 920/1133/635 919/1134/636 926/1138/639 927/1136/637
f 918/1127/631 917/1126/630 924/1140/641 925/1137/638
f 916/1129/633 915/1128/632 922/1142/643 923/1139/640
f 914/1131/634 942/1143/28 921/1141/642
f 924/1140/641 923/1139/640 930/1144/644 931/1145/192
f 922/1142/643 921/1141/642 928/1146/645 929/1147/646
f 927/1136/637 926/1138/639 933/1148/647 934/1149/648
f 925/1137/638 924/1140/641 931/1145/192 932/1150/649
f 923/1139/640 922/1142/643 929/1147/646 930/1144/644
f 921/1141/642 942/1151/28 928/1146/645
f 950/1152/30 927/1136/637 934/1149/648
f 926/1138/639 925/1137/638 932/1150/649 933/1148/647
f 934/1149/648 933/1148/647 940/1153/650 941/1154/651
f 932/1150/649 931/1145/192 938/1155/652 939/1156/653
f 930/1144/644 929/1147/646 936/1157/654 937/1158/655
f 928/1146/645 942/1159/28 935/1160/656
f 950/1161/30 934/1149/648 941/1154/651
f 933/1148/647 932/1150/649 939/1156/653 940/1153/650
f 931/1145/192 930/1144/644 937/1158/655 938/1155/652
f 929/1147/646 928/1146/645 935/1160/656 936/1157/654
f 937/1158/655 936/1157/654 944/1162/657 945/1163/658
f 935/1160/656 942/1164/28 943/1165/659
f 950/1166/30 941/1154/651 949/1167/660
f 940/1153/650 939/1156/653 947/1168/661 948/1169/662
f 938/1155/652 937/1158/655 945/1163/658 946/1170/663
f 936/1157/654 935/1160/656 943/1165/659 944/1162/657
f 941/1154/651 940/1153/650 948/1169/662 949/1167/660
f 939/1156/653 938/1155/652 946/1170/663 947/1168/661
f 950/1171/30 949/1167/660 957/1172/664
f 948/1169/662 947/1168/661 955/1173/665 956/1174/666
f 946/1170/663 945/1163/658 953/1175/667 954/1176/278
f 944/1162/657 943/1165/659 951/1177/668 952/1178/669
f 949/1167/660 948/1169/662 956/1174/666 957/1172/664
f 947/1168/661 946/1170/663 954/1176/278 955/1173/665
f 945/1163/658 944/1162/657 952/1178/669 953/1175/667
f 943/1165/659 942/1179/28 951/1177/668
f 952/1180/669 951/1181/668 958/1182/670 959/1183/671
f 957/1184/664 956/1185/666 963/1186/672 964/1187/673
f 955/1188/665 954/1189/278 961/1190/674 962/1191/675
f 953/1192/667 952/1180/669 959/1183/671 960/1193/676
f 951/1181/668 942/1194/28 958/1182/670
f 950/1195/30 957/1184/664 964/1187/673
f 956/1185/666 955/1188/665 962/1191/675 963/1186/672
f 954/1189/278 953/1192/667 960/1193/676 961/1190/674
f 964/1187/673 963/1186/672 970/1196/677 971/1197/678
f 962/1191/675 961/1190/674 968/1198/679 969/1199/680
f 960/1193/676 959/1183/671 966/1200/681 967/1201/682
f 958/1182/670 942/1202/28 965/1203/683
f 950/1204/30 964/1187/673 971/1197/678
f 963/1186/672 962/1191/675 969/1199/680 970/1196/677
f 961/1190/674 960/1193/676 967/1201/682 968/1198/679
f 959/1183/671 958/1182/670 965/1203/683 966/1200/681
f 965/1203/683 942/1205/28 891/1096/608
f 950/1206/30 971/1197/678 976/1100/610
f 970/1196/677 969/1199/680 974/1103/613 975/1102/612
f 968/1198/679 967/1201/682 972/1092/604 973/1106/25
f 966/1200/681 965/1203/683 891/1096/608 892/1093/605
f 971/1197/678 970/1196/677 975/1102/612 976/1100/610
f 969/1199/680 968/1198/679 973/1106/25 974/1103/613
f 967/1201/682 966/1200/681 892/1093/605 972/1092/604
f 1059/1207/25 1058/1208/604 981/1209/607 982/1210/616
f 978/1211/605 977/1212/608 979/1213/609 980/1214/606
f 1062/1215/610 1061/1216/612 984/1217/615 985/1218/611
f 1060/1219/613 1059/1207/25 982/1210/616 983/1220/614
f 1058/1208/604 978/1211/605 980/1214/606 981/1209/607
f 977/1212/608 1028/1221/28 979/1213/609
f 1036/1222/30 1062/1215/610 985/1218/611
f 1061/1216/612 1060/1219/613 983/1220/614 984/1217/615
f 985/1218/611 984/1217/615 991/1223/618 992/1224/623
f 983/1220/614 982/1210/616 989/1225/620 990/1226/617
f 981/1209/607 980/1214/606 987/1227/622 988/1228/619
f 979/1213/609 1028/1229/28 986/1230/621
f 1036/1231/30 985/1218/611 992/1224/623
f 984/1217/615 983/1220/614 990/1226/617 991/1223/618
f 982/1210/616 981/1209/607 988/1228/619 989/1225/620
f 980/1214/606 979/1213/609 986/1230/621 987/1227/622
f 986/1230/621 1028/1232/28 993/1233/629
f 1036/1234/30 992/1224/623 999/1235/625
f 991/1223/618 990/1226/617 997/1236/626 998/1237/624
f 989/1225/620 988/1228/619 995/1238/628 996/1239/105
f 987/1227/622 986/1230/621 993/1233/629 994/1240/627
f 992/1224/623 991/1223/618 998/1237/624 999/1235/625
f 990/1226/617 989/1225/620 996/1239/105 997/1236/626
f 988/1228/619 987/1227/622 994/1240/627 995/1238/628
f 998/1237/624 997/1236/626 1004/1241/631 1005/1242/636
f 996/1239/105 995/1238/628 1002/1243/633 1003/1244/630
f 994/1240/627 993/1233/629 1000/1245/634 1001/1246/632
f 999/1235/625 998/1237/624 1005/1242/636 1006/1247/635
f 997/1236/626 996/1239/105 1003/1244/630 1004/1241/631
f 995/1238/628 994/1240/627 1001/1246/632 1002/1243/633
f 993/1233/629 1028/1248/28 1000/1245/634
f 1036/1249/30 999/1235/625 1006/1247/635
f 1006/1247/635 1005/1242/636 1012/1250/639 1013/1251/637
f 1004/1241/631 1003/1244/630 1010/1252/641 1011/1253/638
f 1002/1243/633 1001/1246/632 1008/1254/643 1009/1255/640
f 1000/1245/634 1028/1256/28 1007/1257/642
f 1036/1258/30 1006/1247/635 1013/1251/637
f 1005/1242/636 1004/1241/631 1011/1253/638 1012/1250/639
f 1003/1244/630 1002/1243/633 1009/1255/640 1010/1252/641
f 1001/1246/632 1000/1245/634 1007/1257/642 1008/1254/643
f 1011/1253/638 1010/1252/641 1017/1259/192 1018/1260/649
f 1009/1255/640 1008/1254/643 1015/1261/646 1016/1262/644
f 1007/1257/642 1028/1263/28 1014/1264/645
f 1036/1265/30 1013/1251/637 1020/1266/648
f 1012/1250/639 1011/1253/638 1018/1260/649 1019/1267/647
f 1010/1252/641 1009/1255/640 1016/1262/644 1017/1259/192
f 1008/1254/643 1007/1257/642 1014/1264/645 1015/1261/646
f 1013/1251/637 1012/1250/639 1019/1267/647 1020/1266/648
f 1036/1268/30 1020/1266/648 1027/1269/651
f 1019/1267/647 1018/1260/649 1025/1270/653 1026/1271/650
f 1017/1259/192 1016/1262/644 1023/1272/655 1024/1273/652
f 1015/1261/646 1014/1264/645 1021/1274/656 1022/1275/654
f 1020/1266/648 1019/1267/647 1026/1271/650 1027/1269/651
f 1018/1260/649 1017/1259/192 1024/1273/652 1025/1270/653
f 1016/1262/644 1015/1261/646 1022/1275/654 1023/1272/655
f 1014/1264/645 1028/1276/28 1021/1274/656
f 1024/1273/652 1023/1272/655 1031/1277/658 1032/1278/663
f 1022/1275/654 1021/1274/656 1029/1279/659 1030/1280/657
f 1027/1269/651 1026/1271/650 1034/1281/662 1035/1282/660
f 1025/1270/653 1024/1273/652 1032/1278/663 1033/1283/661
f 1023/1272/655 1022/1275/654 1030/1280/657 1031/1277/658
f 1021/1274/656 1028/1284/28 1029/1279/659
f 1036/1285/30 1027/1269/651 1035/1282/660
f 1026/1271/650 1025/1270/653 1033/1283/661 1034/1281/662
f 1035/1282/660 1034/1281/662 1042/1286/666 1043/1287/664
f 1033/1283/661 1032/1278/663 1040/1288/278 1041/1289/665
f 1031/1277/658 1030/1280/657 1038/1290/669 1039/1291/667
f 1029/1279/659 1028/1292/28 1037/1293/668
f 1036/1294/30 1035/1282/660 1043/1287/664
f 1034/1281/662 1033/1283/661 1041/1289/665 1042/1286/666
f 1032/1278/663 1031/1277/658 1039/1291/667 1040/1288/278
f 1030/1280/657 1029/1279/659 1037/1293/668 1038/1290/669
f 1039/1295/667 1038/1296/669 1045/1297/671 1046/1298/676
f 1037/1299/668 1028/1300/28 1044/1301/670
f 1036/1302/30 1043/1303/664 1050/1304/673
f 1042/1305/666 1041/1306/665 1048/1307/675 1049/1308/672
f 1040/1309/278 1039/1295/667 1046/1298/676 1047/1310/674
f 1038/1296/669 1037/1299/668 1044/1301/670 1045/1297/671
f 1043/1303/664 1042/1305/666 1049/1308/672 1050/1304/673
f 1041/1306/665 1040/1309/278 1047/1310/674 1048/1307/675
f 1036/1311/30 1050/1304/673 1057/1312/678
f 1049/1308/672 1048/1307/675 1055/1313/680 1056/1314/677
f 1047/1310/674 1046/1298/676 1053/1315/682 1054/1316/679
f 1045/1297/671 1044/1301/670 1051/1317/683 1052/1318/681
f 1050/1304/673 1049/1308/672 1056/1314/677 1057/1312/678
f 1048/1307/675 1047/1310/674 1054/1316/679 1055/1313/680
f 1046/1298/676 1045/1297/671 1052/1318/681 1053/1315/682
f 1044/1301/670 1028/1319/28 1051/1317/683
f 1052/1318/681 1051/1317/683 977/1212/608 978/1211/605
f 1057/1312/678 1056/1314/677 1061/1216/612 1062/1215/610
f 1055/1313/680 1054/1316/679 1059/1207/25 1060/1219/613
f 1053/1315/682 1052/1318/681 978/1211/605 1058/1208/604
f 1051/1317/683 1028/1320/28 977/1212/608
f 1036/1321/30 1057/1312/678 1062/1215/610
f 1056/1314/677 1055/1313/680 1060/1219/613 1061/1216/612
f 1054/1316/679 1053/1315/682 1058/1208/604 1059/1207/25
