# Blender v3.6.23 OBJ File: 'mcp-tesst.blend'
# www.blender.org
mtllib froggo.mtl
o Character_froggo_Sphere.089
v -0.000000 0.470570 -0.831470
v -0.000000 0.297683 -0.923880
v -0.000000 -0.640570 -0.831470
v 0.050493 0.895785 -0.188443
v 0.099046 0.838879 -0.369644
v 0.143792 0.746470 -0.536640
v 0.183013 0.622107 -0.683013
v 0.215200 0.470570 -0.803138
v 0.239117 0.297683 -0.892399
v 0.253846 0.110090 -0.947366
v 0.258819 -0.085000 -0.965926
v 0.253846 -0.280090 -0.947366
v 0.239117 -0.467683 -0.892399
v 0.215200 -0.640570 -0.803138
v 0.183013 -0.792107 -0.683013
v 0.143792 -0.916470 -0.536640
v 0.099046 -1.008880 -0.369644
v 0.050493 -1.065785 -0.188443
v 0.097545 0.895785 -0.168953
v 0.191342 0.838879 -0.331414
v 0.277785 0.746470 -0.481138
v 0.353553 0.622107 -0.612373
v 0.415735 0.470570 -0.720074
v 0.461940 0.297683 -0.800103
v 0.490392 0.110090 -0.849385
v 0.500000 -0.085000 -0.866026
v 0.490392 -0.280090 -0.849385
v 0.461940 -0.467683 -0.800103
v 0.415735 -0.640570 -0.720074
v 0.353553 -0.792107 -0.612373
v 0.277785 -0.916470 -0.481138
v 0.191342 -1.008880 -0.331414
v 0.097545 -1.065785 -0.168953
v 0.137950 0.895785 -0.137950
v 0.270598 0.838879 -0.270598
v 0.392847 0.746470 -0.392848
v 0.500000 0.622107 -0.500000
v 0.587938 0.470570 -0.587938
v 0.653281 0.297683 -0.653282
v 0.693520 0.110090 -0.693520
v 0.707107 -0.085000 -0.707107
v 0.693520 -0.280090 -0.693520
v 0.653281 -0.467683 -0.653282
v 0.587938 -0.640570 -0.587938
v 0.500000 -0.792107 -0.500000
v 0.392847 -0.916470 -0.392848
v 0.270598 -1.008880 -0.270598
v 0.137950 -1.065785 -0.137950
v 0.168953 0.895785 -0.097545
v 0.331413 0.838879 -0.191342
v 0.481138 0.746470 -0.277785
v 0.612372 0.622107 -0.353554
v 0.720074 0.470570 -0.415735
v 0.800103 0.297683 -0.461940
v 0.849385 0.110090 -0.490393
v 0.866025 -0.085000 -0.500000
v 0.849385 -0.280090 -0.490393
v 0.800103 -0.467683 -0.461940
v 0.720074 -0.640570 -0.415735
v 0.612372 -0.792107 -0.353554
v 0.481138 -0.916470 -0.277785
v 0.331413 -1.008880 -0.191342
v 0.168953 -1.065785 -0.097545
v 0.188443 0.895785 -0.050493
v 0.369644 0.838879 -0.099046
v 0.536639 0.746470 -0.143792
v 0.683012 0.622107 -0.183013
v 0.803138 0.470570 -0.215200
v 0.892399 0.297683 -0.239118
v 0.947365 0.110090 -0.253846
v 0.965926 -0.085000 -0.258819
v 0.947365 -0.280090 -0.253846
v 0.892399 -0.467683 -0.239118
v 0.803138 -0.640570 -0.215200
v 0.683012 -0.792107 -0.183013
v 0.536639 -0.916470 -0.143792
v 0.369644 -1.008880 -0.099046
v 0.188443 -1.065785 -0.050493
v 0.195090 0.895785 -0.000000
v 0.382683 0.838879 -0.000000
v 0.555570 0.746470 -0.000000
v 0.707106 0.622107 -0.000000
v 0.831469 0.470570 -0.000000
v 0.923879 0.297683 -0.000000
v 0.980785 0.110090 -0.000000
v 1.000000 -0.085000 -0.000000
v 0.980785 -0.280090 -0.000000
v 0.923879 -0.467683 -0.000000
v 0.831469 -0.640570 -0.000000
v 0.707106 -0.792107 -0.000000
v 0.555570 -0.916470 -0.000000
v 0.382683 -1.008880 -0.000000
v 0.195090 -1.065785 -0.000000
v 0.188443 0.895785 0.050493
v 0.369644 0.838879 0.099046
v 0.536639 0.746470 0.143792
v 0.683012 0.622107 0.183013
v 0.803138 0.470570 0.215200
v 0.892399 0.297683 0.239117
v 0.947365 0.110090 0.253846
v 0.965925 -0.085000 0.258819
v 0.947365 -0.280090 0.253846
v 0.892399 -0.467683 0.239117
v 0.803138 -0.640570 0.215200
v 0.683012 -0.792107 0.183013
v 0.536639 -0.916470 0.143792
v 0.369644 -1.008880 0.099046
v 0.188443 -1.065785 0.050493
v 0.168953 0.895785 0.097545
v 0.331413 0.838879 0.191342
v 0.481138 0.746470 0.277785
v 0.612372 0.622107 0.353553
v 0.720074 0.470570 0.415735
v 0.800103 0.297683 0.461940
v 0.849385 0.110090 0.490392
v 0.866025 -0.085000 0.500000
v 0.849385 -0.280090 0.490392
v 0.800103 -0.467683 0.461940
v 0.720074 -0.640570 0.415735
v 0.612372 -0.792107 0.353553
v 0.481138 -0.916470 0.277785
v 0.331413 -1.008880 0.191342
v 0.168953 -1.065785 0.097545
v 0.137949 0.895785 0.137950
v 0.270598 0.838879 0.270598
v 0.392847 0.746470 0.392847
v 0.500000 0.622107 0.500000
v 0.587937 0.470570 0.587938
v 0.653281 0.297683 0.653281
v 0.693520 0.110090 0.693520
v 0.707106 -0.085000 0.707106
v 0.693520 -0.280090 0.693520
v 0.653281 -0.467683 0.653281
v 0.587937 -0.640570 0.587938
v 0.500000 -0.792107 0.500000
v 0.392847 -0.916470 0.392847
v 0.270598 -1.008880 0.270598
v 0.137949 -1.065785 0.137950
v 0.097545 0.895785 0.168953
v 0.191341 0.838879 0.331413
v 0.277785 0.746470 0.481138
v 0.353553 0.622107 0.612372
v 0.415734 0.470570 0.720074
v 0.461939 0.297683 0.800103
v 0.490392 0.110090 0.849385
v 0.500000 -0.085000 0.866025
v 0.490392 -0.280090 0.849385
v 0.461939 -0.467683 0.800103
v 0.415734 -0.640570 0.720074
v 0.353553 -0.792107 0.612372
v 0.277785 -0.916470 0.481138
v 0.191341 -1.008880 0.331413
v 0.097545 -1.065785 0.168953
v 0.050493 0.895785 0.188443
v 0.099046 0.838879 0.369644
v 0.143792 0.746470 0.536639
v 0.183012 0.622107 0.683012
v 0.215200 0.470570 0.803138
v 0.239117 0.297683 0.892399
v 0.253846 0.110090 0.947365
v 0.258819 -0.085000 0.965925
v 0.253846 -0.280090 0.947365
v 0.239117 -0.467683 0.892399
v 0.215200 -0.640570 0.803138
v 0.183012 -0.792107 0.683012
v 0.143792 -0.916470 0.536639
v 0.099046 -1.008880 0.369644
v 0.050493 -1.065785 0.188443
v -0.000000 0.895785 0.195090
v -0.000000 0.838879 0.382683
v -0.000000 0.746470 0.555570
v -0.000000 0.622107 0.707106
v -0.000000 0.470570 0.831469
v -0.000000 0.297683 0.923879
v -0.000000 0.110090 0.980785
v -0.000000 -0.085000 1.000000
v -0.000000 -0.280090 0.980785
v -0.000000 -0.467683 0.923879
v -0.000000 -0.640570 0.831469
v -0.000000 -0.792107 0.707106
v -0.000000 -0.916470 0.555570
v -0.000000 -1.008880 0.382683
v -0.000000 -1.065785 0.195090
v -0.050493 0.895785 0.188443
v -0.099046 0.838879 0.369644
v -0.143792 0.746470 0.536639
v -0.183013 0.622107 0.683012
v -0.215200 0.470570 0.803138
v -0.239118 0.297683 0.892399
v -0.253846 0.110090 0.947365
v -0.258819 -0.085000 0.965925
v -0.253846 -0.280090 0.947365
v -0.239118 -0.467683 0.892399
v -0.215200 -0.640570 0.803138
v -0.183013 -0.792107 0.683012
v -0.143792 -0.916470 0.536639
v -0.099046 -1.008880 0.369644
v -0.050493 -1.065785 0.188443
v -0.000000 0.915000 -0.000000
v -0.097545 0.895785 0.168953
v -0.191342 0.838879 0.331413
v -0.277785 0.746470 0.481138
v -0.353553 0.622107 0.612372
v -0.415735 0.470570 0.720073
v -0.461940 0.297683 0.800103
v -0.490393 0.110090 0.849385
v -0.500000 -0.085000 0.866025
v -0.490393 -0.280090 0.849385
v -0.461940 -0.467683 0.800103
v -0.415735 -0.640570 0.720073
v -0.353553 -0.792107 0.612372
v -0.277785 -0.916470 0.481138
v -0.191342 -1.008880 0.331413
v -0.097545 -1.065785 0.168953
v -0.000000 -1.085000 -0.000000
v -0.137950 0.895785 0.137950
v -0.270598 0.838879 0.270598
v -0.392848 0.746470 0.392847
v -0.500000 0.622107 0.500000
v -0.587938 0.470570 0.587937
v -0.653282 0.297683 0.653281
v -0.693520 0.110090 0.693520
v -0.707107 -0.085000 0.707106
v -0.693520 -0.280090 0.693520
v -0.653282 -0.467683 0.653281
v -0.587938 -0.640570 0.587937
v -0.500000 -0.792107 0.500000
v -0.392848 -0.916470 0.392847
v -0.270598 -1.008880 0.270598
v -0.137950 -1.065785 0.137950
v -0.168953 0.895785 0.097545
v -0.331414 0.838879 0.191342
v -0.481138 0.746470 0.277785
v -0.612372 0.622107 0.353553
v -0.720074 0.470570 0.415734
v -0.800103 0.297683 0.461939
v -0.849385 0.110090 0.490392
v -0.866025 -0.085000 0.500000
v -0.849385 -0.280090 0.490392
v -0.800103 -0.467683 0.461939
v -0.720074 -0.640570 0.415734
v -0.612372 -0.792107 0.353553
v -0.481138 -0.916470 0.277785
v -0.331414 -1.008880 0.191342
v -0.168953 -1.065785 0.097545
v -0.188443 0.895785 0.050493
v -0.369644 0.838879 0.099046
v -0.536640 0.746470 0.143792
v -0.683012 0.622107 0.183012
v -0.803138 0.470570 0.215200
v -0.892399 0.297683 0.239117
v -0.947366 0.110090 0.253846
v -0.965926 -0.085000 0.258819
v -0.947366 -0.280090 0.253846
v -0.892399 -0.467683 0.239117
v -0.803138 -0.640570 0.215200
v -0.683012 -0.792107 0.183012
v -0.536640 -0.916470 0.143792
v -0.369644 -1.008880 0.099046
v -0.188443 -1.065785 0.050493
v -0.195090 0.895785 -0.000000
v -0.382684 0.838879 -0.000000
v -0.555570 0.746470 -0.000000
v -0.707106 0.622107 -0.000000
v -0.831470 0.470570 -0.000000
v -0.923879 0.297683 -0.000000
v -0.980785 0.110090 -0.000000
v -1.000000 -0.085000 -0.000000
v -0.980785 -0.280090 -0.000000
v -0.923879 -0.467683 -0.000000
v -0.831470 -0.640570 -0.000000
v -0.707106 -0.792107 -0.000000
v -0.555570 -0.916470 -0.000000
v -0.382684 -1.008880 -0.000000
v -0.195090 -1.065785 -0.000000
v -0.188443 0.895785 -0.050493
v -0.369644 0.838879 -0.099046
v -0.536640 0.746470 -0.143792
v -0.683012 0.622107 -0.183013
v -0.803138 0.470570 -0.215200
v -0.892399 0.297683 -0.239118
v -0.947366 0.110090 -0.253846
v -0.965925 -0.085000 -0.258819
v -0.947366 -0.280090 -0.253846
v -0.892399 -0.467683 -0.239118
v -0.803138 -0.640570 -0.215200
v -0.683012 -0.792107 -0.183013
v -0.536640 -0.916470 -0.143792
v -0.369644 -1.008880 -0.099046
v -0.188443 -1.065785 -0.050493
v -0.168953 0.895785 -0.097545
v -0.331414 0.838879 -0.191342
v -0.481138 0.746470 -0.277785
v -0.612372 0.622107 -0.353553
v -0.720074 0.470570 -0.415735
v -0.800103 0.297683 -0.461940
v -0.849385 0.110090 -0.490393
v -0.866025 -0.085000 -0.500000
v -0.849385 -0.280090 -0.490393
v -0.800103 -0.467683 -0.461940
v -0.720074 -0.640570 -0.415735
v -0.612372 -0.792107 -0.353553
v -0.481138 -0.916470 -0.277785
v -0.331414 -1.008880 -0.191342
v -0.168953 -1.065785 -0.097545
v -0.137950 0.895785 -0.137950
v -0.270598 0.838879 -0.270598
v -0.392847 0.746470 -0.392848
v -0.500000 0.622107 -0.500000
v -0.587938 0.470570 -0.587938
v -0.653281 0.297683 -0.653281
v -0.693520 0.110090 -0.693520
v -0.707106 -0.085000 -0.707107
v -0.693520 -0.280090 -0.693520
v -0.653281 -0.467683 -0.653281
v -0.587938 -0.640570 -0.587938
v -0.500000 -0.792107 -0.500000
v -0.392847 -0.916470 -0.392848
v -0.270598 -1.008880 -0.270598
v -0.137950 -1.065785 -0.137950
v -0.097545 0.895785 -0.168953
v -0.191342 0.838879 -0.331414
v -0.277785 0.746470 -0.481138
v -0.353553 0.622107 -0.612372
v -0.415735 0.470570 -0.720074
v -0.461940 0.297683 -0.800103
v -0.490393 0.110090 -0.849385
v -0.500000 -0.085000 -0.866025
v -0.490393 -0.280090 -0.849385
v -0.461940 -0.467683 -0.800103
v -0.415735 -0.640570 -0.720074
v -0.353553 -0.792107 -0.612372
v -0.277785 -0.916470 -0.481138
v -0.191342 -1.008880 -0.331414
v -0.097545 -1.065785 -0.168953
v -0.050493 0.895785 -0.188443
v -0.099046 0.838879 -0.369644
v -0.143792 0.746470 -0.536640
v -0.183013 0.622107 -0.683012
v -0.215200 0.470570 -0.803138
v -0.239117 0.297683 -0.892399
v -0.253846 0.110090 -0.947366
v -0.258819 -0.085000 -0.965925
v -0.253846 -0.280090 -0.947366
v -0.239117 -0.467683 -0.892399
v -0.215200 -0.640570 -0.803138
v -0.183013 -0.792107 -0.683012
v -0.143792 -0.916470 -0.536640
v -0.099046 -1.008880 -0.369644
v -0.050493 -1.065785 -0.188443
v -0.000000 0.895785 -0.195090
v -0.000000 0.838879 -0.382684
v -0.000000 0.746470 -0.555570
v -0.000000 0.622107 -0.707106
v -0.000000 0.110090 -0.980785
v -0.000000 -0.085000 -1.000000
v -0.000000 -0.280090 -0.980785
v 0.000000 -0.467683 -0.923879
v -0.000000 -0.792107 -0.707106
v -0.000000 -0.916470 -0.555570
v -0.000000 -1.008880 -0.382684
v -0.000000 -1.065785 -0.195090
v 0.450000 1.074096 0.117178
v 0.450000 1.042128 0.040000
v 0.450000 0.925000 -0.077128
v 0.450000 0.847822 -0.109096
v 0.450000 0.765000 -0.120000
v 0.450000 0.605000 -0.077128
v 0.450000 0.487872 0.040000
v 0.450000 0.455904 0.117178
v 0.481694 1.074096 0.123482
v 0.511229 1.042128 0.052179
v 0.536591 0.991274 -0.009050
v 0.556052 0.925000 -0.056033
v 0.568286 0.847822 -0.085568
v 0.572459 0.765000 -0.095642
v 0.568286 0.682178 -0.085568
v 0.556052 0.605000 -0.056033
v 0.536591 0.538726 -0.009050
v 0.511229 0.487872 0.052179
v 0.481694 0.455904 0.123482
v 0.450000 1.085000 0.200000
v 0.508564 1.074096 0.141436
v 0.563137 1.042128 0.086863
v 0.610000 0.991274 0.040000
v 0.645959 0.925000 0.004041
v 0.668564 0.847822 -0.018564
v 0.676274 0.765000 -0.026274
v 0.668564 0.682178 -0.018564
v 0.645959 0.605000 0.004041
v 0.610000 0.538726 0.040000
v 0.563137 0.487872 0.086863
v 0.508564 0.455904 0.141436
v 0.526517 1.074096 0.168305
v 0.597821 1.042128 0.138771
v 0.659050 0.991274 0.113409
v 0.706033 0.925000 0.093948
v 0.735568 0.847822 0.081714
v 0.745641 0.765000 0.077541
v 0.735568 0.682178 0.081714
v 0.706033 0.605000 0.093948
v 0.659050 0.538726 0.113409
v 0.597821 0.487872 0.138771
v 0.526517 0.455904 0.168305
v 0.532822 1.074096 0.200000
v 0.610000 1.042128 0.200000
v 0.676274 0.991274 0.200000
v 0.727128 0.925000 0.200000
v 0.759096 0.847822 0.200000
v 0.770000 0.765000 0.200000
v 0.759096 0.682178 0.200000
v 0.727128 0.605000 0.200000
v 0.676274 0.538726 0.200000
v 0.610000 0.487872 0.200000
v 0.532822 0.455904 0.200000
v 0.526517 1.074096 0.231695
v 0.597821 1.042128 0.261229
v 0.659050 0.991274 0.286591
v 0.706033 0.925000 0.306052
v 0.735568 0.847822 0.318286
v 0.745641 0.765000 0.322459
v 0.735568 0.682178 0.318286
v 0.706033 0.605000 0.306052
v 0.659050 0.538726 0.286591
v 0.597821 0.487872 0.261229
v 0.526517 0.455904 0.231695
v 0.508564 1.074096 0.258564
v 0.563137 1.042128 0.313137
v 0.610000 0.991274 0.360000
v 0.645959 0.925000 0.395959
v 0.668564 0.847822 0.418564
v 0.676274 0.765000 0.426274
v 0.668564 0.682178 0.418564
v 0.645959 0.605000 0.395959
v 0.610000 0.538726 0.360000
v 0.563137 0.487872 0.313137
v 0.508564 0.455904 0.258564
v 0.481694 1.074096 0.276517
v 0.511229 1.042128 0.347821
v 0.536591 0.991274 0.409050
v 0.556052 0.925000 0.456033
v 0.568286 0.847822 0.485568
v 0.572458 0.765000 0.495641
v 0.568286 0.682178 0.485568
v 0.556052 0.605000 0.456033
v 0.536591 0.538726 0.409050
v 0.511229 0.487872 0.347821
v 0.481694 0.455904 0.276517
v 0.450000 1.074096 0.282822
v 0.450000 1.042128 0.360000
v 0.450000 0.991274 0.426274
v 0.450000 0.925000 0.477128
v 0.450000 0.847822 0.509096
v 0.450000 0.765000 0.520000
v 0.450000 0.682178 0.509096
v 0.450000 0.605000 0.477128
v 0.450000 0.538726 0.426274
v 0.450000 0.487872 0.360000
v 0.450000 0.455904 0.282822
v 0.418305 1.074096 0.276517
v 0.388770 1.042128 0.347821
v 0.363408 0.991274 0.409050
v 0.343947 0.925000 0.456033
v 0.331714 0.847822 0.485568
v 0.327541 0.765000 0.495641
v 0.331714 0.682178 0.485568
v 0.343947 0.605000 0.456033
v 0.363408 0.538726 0.409050
v 0.388770 0.487872 0.347821
v 0.418305 0.455904 0.276517
v 0.450000 0.445000 0.200000
v 0.391436 1.074096 0.258564
v 0.336863 1.042128 0.313137
v 0.290000 0.991274 0.360000
v 0.254041 0.925000 0.395959
v 0.231436 0.847822 0.418564
v 0.223726 0.765000 0.426274
v 0.231436 0.682178 0.418564
v 0.254041 0.605000 0.395959
v 0.290000 0.538726 0.360000
v 0.336863 0.487872 0.313137
v 0.391436 0.455904 0.258564
v 0.373482 1.074096 0.231694
v 0.302179 1.042128 0.261229
v 0.240950 0.991274 0.286591
v 0.193967 0.925000 0.306052
v 0.164432 0.847822 0.318286
v 0.154358 0.765000 0.322458
v 0.164432 0.682178 0.318286
v 0.193967 0.605000 0.306052
v 0.240950 0.538726 0.286591
v 0.302179 0.487872 0.261229
v 0.373482 0.455904 0.231694
v 0.367178 1.074096 0.200000
v 0.290000 1.042128 0.200000
v 0.223726 0.991274 0.200000
v 0.172872 0.925000 0.200000
v 0.140904 0.847822 0.200000
v 0.130000 0.765000 0.200000
v 0.140904 0.682178 0.200000
v 0.172872 0.605000 0.200000
v 0.223726 0.538726 0.200000
v 0.290000 0.487872 0.200000
v 0.367178 0.455904 0.200000
v 0.373482 1.074096 0.168305
v 0.302179 1.042128 0.138770
v 0.240950 0.991274 0.113408
v 0.193967 0.925000 0.093947
v 0.164432 0.847822 0.081714
v 0.154358 0.765000 0.077541
v 0.164432 0.682178 0.081714
v 0.193967 0.605000 0.093947
v 0.240950 0.538726 0.113408
v 0.302179 0.487872 0.138770
v 0.373482 0.455904 0.168305
v 0.391436 1.074096 0.141436
v 0.336863 1.042128 0.086863
v 0.290000 0.991274 0.040000
v 0.254041 0.925000 0.004041
v 0.231436 0.847822 -0.018564
v 0.223726 0.765000 -0.026274
v 0.231436 0.682178 -0.018564
v 0.254041 0.605000 0.004041
v 0.290000 0.538726 0.040000
v 0.336863 0.487872 0.086863
v 0.391436 0.455904 0.141436
v 0.418305 1.074096 0.123482
v 0.388771 1.042128 0.052179
v 0.363409 0.991274 -0.009050
v 0.343948 0.925000 -0.056033
v 0.331714 0.847822 -0.085568
v 0.327541 0.765000 -0.095642
v 0.331714 0.682178 -0.085568
v 0.343948 0.605000 -0.056033
v 0.363409 0.538726 -0.009050
v 0.388771 0.487872 0.052179
v 0.418305 0.455904 0.123482
v 0.450000 0.991274 -0.026274
v 0.450000 0.682178 -0.109096
v 0.450000 0.538726 -0.026274
v 0.450000 0.906924 0.358076
v 0.450000 0.694896 0.400251
v 0.474874 0.935104 0.406916
v 0.495962 0.906924 0.370391
v 0.510052 0.864749 0.345986
v 0.515000 0.815000 0.337417
v 0.510052 0.765251 0.345986
v 0.495962 0.723076 0.370391
v 0.474874 0.694896 0.406916
v 0.450000 0.945000 0.450000
v 0.493084 0.935104 0.425125
v 0.529608 0.906924 0.404038
v 0.554013 0.864749 0.389948
v 0.562583 0.815000 0.385000
v 0.554013 0.765251 0.389948
v 0.529608 0.723076 0.404038
v 0.493084 0.694896 0.425125
v 0.499749 0.935104 0.450000
v 0.541924 0.906924 0.450000
v 0.570104 0.864749 0.450000
v 0.580000 0.815000 0.450000
v 0.570104 0.765251 0.450000
v 0.541924 0.723076 0.450000
v 0.499749 0.694896 0.450000
v 0.493084 0.935104 0.474874
v 0.529608 0.906924 0.495962
v 0.554013 0.864749 0.510052
v 0.562583 0.815000 0.515000
v 0.554013 0.765251 0.510052
v 0.529608 0.723076 0.495962
v 0.493084 0.694896 0.474874
v 0.474874 0.935104 0.493084
v 0.495962 0.906924 0.529608
v 0.510052 0.864749 0.554013
v 0.515000 0.815000 0.562583
v 0.510052 0.765251 0.554013
v 0.495962 0.723076 0.529608
v 0.474874 0.694896 0.493084
v 0.450000 0.935104 0.499749
v 0.450000 0.906924 0.541924
v 0.450000 0.864749 0.570104
v 0.450000 0.815000 0.580000
v 0.450000 0.765251 0.570104
v 0.450000 0.723076 0.541924
v 0.450000 0.694896 0.499749
v 0.425125 0.935104 0.493084
v 0.404038 0.906924 0.529608
v 0.389948 0.864749 0.554013
v 0.385000 0.815000 0.562583
v 0.389948 0.765251 0.554013
v 0.404038 0.723076 0.529608
v 0.425125 0.694896 0.493084
v 0.450000 0.685000 0.450000
v 0.406916 0.935104 0.474874
v 0.370391 0.906924 0.495962
v 0.345986 0.864749 0.510052
v 0.337417 0.815000 0.515000
v 0.345986 0.765251 0.510052
v 0.370391 0.723076 0.495962
v 0.406916 0.694896 0.474874
v 0.400251 0.935104 0.450000
v 0.358076 0.906924 0.450000
v 0.329895 0.864749 0.450000
v 0.320000 0.815000 0.450000
v 0.329895 0.765251 0.450000
v 0.358076 0.723076 0.450000
v 0.400251 0.694896 0.450000
v 0.406916 0.935104 0.425125
v 0.370391 0.906924 0.404038
v 0.345986 0.864749 0.389948
v 0.337417 0.815000 0.385000
v 0.345986 0.765251 0.389948
v 0.370391 0.723076 0.404038
v 0.406916 0.694896 0.425125
v 0.425125 0.935104 0.406916
v 0.404038 0.906924 0.370391
v 0.389948 0.864749 0.345986
v 0.385000 0.815000 0.337417
v 0.389948 0.765251 0.345986
v 0.404038 0.723076 0.370391
v 0.425125 0.694896 0.406916
v 0.450000 0.935104 0.400251
v 0.450000 0.864749 0.329896
v 0.450000 0.815000 0.320000
v 0.450000 0.765251 0.329896
v 0.450000 0.723076 0.358076
v -0.450000 1.074096 0.117178
v -0.450000 1.042128 0.040000
v -0.450000 0.925000 -0.077128
v -0.450000 0.847822 -0.109096
v -0.450000 0.765000 -0.120000
v -0.450000 0.605000 -0.077128
v -0.450000 0.487872 0.040000
v -0.450000 0.455904 0.117178
v -0.418306 1.074096 0.123482
v -0.388771 1.042128 0.052179
v -0.363409 0.991274 -0.009050
v -0.343948 0.925000 -0.056033
v -0.331714 0.847822 -0.085568
v -0.327541 0.765000 -0.095642
v -0.331714 0.682178 -0.085568
v -0.343948 0.605000 -0.056033
v -0.363409 0.538726 -0.009050
v -0.388771 0.487872 0.052179
v -0.418306 0.455904 0.123482
v -0.450000 1.085000 0.200000
v -0.391436 1.074096 0.141436
v -0.336863 1.042128 0.086863
v -0.290000 0.991274 0.040000
v -0.254041 0.925000 0.004041
v -0.231436 0.847822 -0.018564
v -0.223726 0.765000 -0.026274
v -0.231436 0.682178 -0.018564
v -0.254041 0.605000 0.004041
v -0.290000 0.538726 0.040000
v -0.336863 0.487872 0.086863
v -0.391436 0.455904 0.141436
v -0.373483 1.074096 0.168305
v -0.302179 1.042128 0.138771
v -0.240950 0.991274 0.113409
v -0.193967 0.925000 0.093948
v -0.164432 0.847822 0.081714
v -0.154359 0.765000 0.077541
v -0.164432 0.682178 0.081714
v -0.193967 0.605000 0.093948
v -0.240950 0.538726 0.113409
v -0.302179 0.487872 0.138771
v -0.373483 0.455904 0.168305
v -0.367178 1.074096 0.200000
v -0.290000 1.042128 0.200000
v -0.223726 0.991274 0.200000
v -0.172872 0.925000 0.200000
v -0.140904 0.847822 0.200000
v -0.130000 0.765000 0.200000
v -0.140904 0.682178 0.200000
v -0.172872 0.605000 0.200000
v -0.223726 0.538726 0.200000
v -0.290000 0.487872 0.200000
v -0.367178 0.455904 0.200000
v -0.373483 1.074096 0.231695
v -0.302179 1.042128 0.261229
v -0.240950 0.991274 0.286591
v -0.193967 0.925000 0.306052
v -0.164432 0.847822 0.318286
v -0.154359 0.765000 0.322459
v -0.164432 0.682178 0.318286
v -0.193967 0.605000 0.306052
v -0.240950 0.538726 0.286591
v -0.302179 0.487872 0.261229
v -0.373483 0.455904 0.231695
v -0.391436 1.074096 0.258564
v -0.336863 1.042128 0.313137
v -0.290000 0.991274 0.360000
v -0.254041 0.925000 0.395959
v -0.231436 0.847822 0.418564
v -0.223726 0.765000 0.426274
v -0.231436 0.682178 0.418564
v -0.254041 0.605000 0.395959
v -0.290000 0.538726 0.360000
v -0.336863 0.487872 0.313137
v -0.391436 0.455904 0.258564
v -0.418306 1.074096 0.276517
v -0.388771 1.042128 0.347821
v -0.363409 0.991274 0.409050
v -0.343948 0.925000 0.456033
v -0.331714 0.847822 0.485568
v -0.327542 0.765000 0.495641
v -0.331714 0.682178 0.485568
v -0.343948 0.605000 0.456033
v -0.363409 0.538726 0.409050
v -0.388771 0.487872 0.347821
v -0.418306 0.455904 0.276517
v -0.450000 1.074096 0.282822
v -0.450000 1.042128 0.360000
v -0.450000 0.991274 0.426274
v -0.450000 0.925000 0.477128
v -0.450000 0.847822 0.509096
v -0.450000 0.765000 0.520000
v -0.450000 0.682178 0.509096
v -0.450000 0.605000 0.477128
v -0.450000 0.538726 0.426274
v -0.450000 0.487872 0.360000
v -0.450000 0.455904 0.282822
v -0.481695 1.074096 0.276517
v -0.511230 1.042128 0.347821
v -0.536592 0.991274 0.409050
v -0.556053 0.925000 0.456033
v -0.568286 0.847822 0.485568
v -0.572459 0.765000 0.495641
v -0.568286 0.682178 0.485568
v -0.556053 0.605000 0.456033
v -0.536592 0.538726 0.409050
v -0.511230 0.487872 0.347821
v -0.481695 0.455904 0.276517
v -0.450000 0.445000 0.200000
v -0.508564 1.074096 0.258564
v -0.563137 1.042128 0.313137
v -0.610000 0.991274 0.360000
v -0.645959 0.925000 0.395959
v -0.668564 0.847822 0.418564
v -0.676274 0.765000 0.426274
v -0.668564 0.682178 0.418564
v -0.645959 0.605000 0.395959
v -0.610000 0.538726 0.360000
v -0.563137 0.487872 0.313137
v -0.508564 0.455904 0.258564
v -0.526518 1.074096 0.231694
v -0.597821 1.042128 0.261229
v -0.659050 0.991274 0.286591
v -0.706033 0.925000 0.306052
v -0.735568 0.847822 0.318286
v -0.745642 0.765000 0.322458
v -0.735568 0.682178 0.318286
v -0.706033 0.605000 0.306052
v -0.659050 0.538726 0.286591
v -0.597821 0.487872 0.261229
v -0.526518 0.455904 0.231694
v -0.532822 1.074096 0.200000
v -0.610000 1.042128 0.200000
v -0.676274 0.991274 0.200000
v -0.727128 0.925000 0.200000
v -0.759096 0.847822 0.200000
v -0.770000 0.765000 0.200000
v -0.759096 0.682178 0.200000
v -0.727128 0.605000 0.200000
v -0.676274 0.538726 0.200000
v -0.610000 0.487872 0.200000
v -0.532822 0.455904 0.200000
v -0.526518 1.074096 0.168305
v -0.597821 1.042128 0.138770
v -0.659050 0.991274 0.113408
v -0.706033 0.925000 0.093947
v -0.735568 0.847822 0.081714
v -0.745642 0.765000 0.077541
v -0.735568 0.682178 0.081714
v -0.706033 0.605000 0.093947
v -0.659050 0.538726 0.113408
v -0.597821 0.487872 0.138770
v -0.526518 0.455904 0.168305
v -0.508564 1.074096 0.141436
v -0.563137 1.042128 0.086863
v -0.610000 0.991274 0.040000
v -0.645959 0.925000 0.004041
v -0.668564 0.847822 -0.018564
v -0.676274 0.765000 -0.026274
v -0.668564 0.682178 -0.018564
v -0.645959 0.605000 0.004041
v -0.610000 0.538726 0.040000
v -0.563137 0.487872 0.086863
v -0.508564 0.455904 0.141436
v -0.481695 1.074096 0.123482
v -0.511229 1.042128 0.052179
v -0.536591 0.991274 -0.009050
v -0.556052 0.925000 -0.056033
v -0.568286 0.847822 -0.085568
v -0.572459 0.765000 -0.095642
v -0.568286 0.682178 -0.085568
v -0.556052 0.605000 -0.056033
v -0.536591 0.538726 -0.009050
v -0.511229 0.487872 0.052179
v -0.481695 0.455904 0.123482
v -0.450000 0.991274 -0.026274
v -0.450000 0.682178 -0.109096
v -0.450000 0.538726 -0.026274
v -0.450000 0.906924 0.358076
v -0.450000 0.694896 0.400251
v -0.425126 0.935104 0.406916
v -0.404038 0.906924 0.370391
v -0.389948 0.864749 0.345986
v -0.385000 0.815000 0.337417
v -0.389948 0.765251 0.345986
v -0.404038 0.723076 0.370391
v -0.425126 0.694896 0.406916
v -0.450000 0.945000 0.450000
v -0.406916 0.935104 0.425125
v -0.370392 0.906924 0.404038
v -0.345987 0.864749 0.389948
v -0.337417 0.815000 0.385000
v -0.345987 0.765251 0.389948
v -0.370392 0.723076 0.404038
v -0.406916 0.694896 0.425125
v -0.400251 0.935104 0.450000
v -0.358076 0.906924 0.450000
v -0.329896 0.864749 0.450000
v -0.320000 0.815000 0.450000
v -0.329896 0.765251 0.450000
v -0.358076 0.723076 0.450000
v -0.400251 0.694896 0.450000
v -0.406916 0.935104 0.474874
v -0.370392 0.906924 0.495962
v -0.345987 0.864749 0.510052
v -0.337417 0.815000 0.515000
v -0.345987 0.765251 0.510052
v -0.370392 0.723076 0.495962
v -0.406916 0.694896 0.474874
v -0.425126 0.935104 0.493084
v -0.404038 0.906924 0.529608
v -0.389948 0.864749 0.554013
v -0.385000 0.815000 0.562583
v -0.389948 0.765251 0.554013
v -0.404038 0.723076 0.529608
v -0.425126 0.694896 0.493084
v -0.450000 0.935104 0.499749
v -0.450000 0.906924 0.541924
v -0.450000 0.864749 0.570104
v -0.450000 0.815000 0.580000
v -0.450000 0.765251 0.570104
v -0.450000 0.723076 0.541924
v -0.450000 0.694896 0.499749
v -0.474875 0.935104 0.493084
v -0.495962 0.906924 0.529608
v -0.510052 0.864749 0.554013
v -0.515000 0.815000 0.562583
v -0.510052 0.765251 0.554013
v -0.495962 0.723076 0.529608
v -0.474875 0.694896 0.493084
v -0.450000 0.685000 0.450000
v -0.493084 0.935104 0.474874
v -0.529609 0.906924 0.495962
v -0.554014 0.864749 0.510052
v -0.562583 0.815000 0.515000
v -0.554014 0.765251 0.510052
v -0.529609 0.723076 0.495962
v -0.493084 0.694896 0.474874
v -0.499749 0.935104 0.450000
v -0.541924 0.906924 0.450000
v -0.570104 0.864749 0.450000
v -0.580000 0.815000 0.450000
v -0.570104 0.765251 0.450000
v -0.541924 0.723076 0.450000
v -0.499749 0.694896 0.450000
v -0.493084 0.935104 0.425125
v -0.529609 0.906924 0.404038
v -0.554014 0.864749 0.389948
v -0.562583 0.815000 0.385000
v -0.554014 0.765251 0.389948
v -0.529609 0.723076 0.404038
v -0.493084 0.694896 0.425125
v -0.474875 0.935104 0.406916
v -0.495962 0.906924 0.370391
v -0.510052 0.864749 0.345986
v -0.515000 0.815000 0.337417
v -0.510052 0.765251 0.345986
v -0.495962 0.723076 0.370391
v -0.474875 0.694896 0.406916
v -0.450000 0.935104 0.400251
v -0.450000 0.864749 0.329896
v -0.450000 0.815000 0.320000
v -0.450000 0.765251 0.329896
v -0.450000 0.723076 0.358076
v 0.550000 0.055540 0.863927
v 0.550000 0.034296 0.850301
v 0.576788 0.055540 0.866081
v 0.599497 0.034296 0.854280
v 0.614671 0.002503 0.846395
v 0.620000 -0.035000 0.843627
v 0.614671 -0.072503 0.846395
v 0.599497 -0.104297 0.854280
v 0.576788 -0.125540 0.866081
v 0.596398 0.055540 0.871964
v 0.635732 0.034296 0.865151
v 0.662014 0.002503 0.860598
v 0.671243 -0.035000 0.859000
v 0.662014 -0.072503 0.860598
v 0.635732 -0.104297 0.865151
v 0.596398 -0.125540 0.871964
v 0.603576 0.055540 0.880000
v 0.648995 0.034296 0.880000
v 0.679343 0.002503 0.880000
v 0.690000 -0.035000 0.880000
v 0.679343 -0.072503 0.880000
v 0.648995 -0.104297 0.880000
v 0.603576 -0.125540 0.880000
v 0.596398 0.055540 0.888036
v 0.635732 0.034296 0.894849
v 0.662014 0.002503 0.899401
v 0.671243 -0.035000 0.901000
v 0.662014 -0.072503 0.899401
v 0.635732 -0.104297 0.894849
v 0.596398 -0.125540 0.888036
v 0.576788 0.055540 0.893919
v 0.599497 0.034296 0.905720
v 0.614671 0.002503 0.913604
v 0.620000 -0.035000 0.916373
v 0.614671 -0.072503 0.913604
v 0.599497 -0.104297 0.905720
v 0.576788 -0.125540 0.893919
v 0.550000 0.055540 0.896073
v 0.550000 0.034296 0.909698
v 0.550000 0.002503 0.918803
v 0.550000 -0.035000 0.922000
v 0.550000 -0.072503 0.918803
v 0.550000 -0.104297 0.909698
v 0.550000 -0.125540 0.896073
v 0.523212 0.055540 0.893919
v 0.500502 0.034296 0.905720
v 0.485328 0.002503 0.913604
v 0.480000 -0.035000 0.916373
v 0.485328 -0.072503 0.913604
v 0.500502 -0.104297 0.905720
v 0.523212 -0.125540 0.893919
v 0.550000 0.063000 0.880000
v 0.503602 0.055540 0.888036
v 0.464268 0.034296 0.894849
v 0.437985 0.002503 0.899401
v 0.428756 -0.035000 0.901000
v 0.437985 -0.072503 0.899401
v 0.464268 -0.104297 0.894849
v 0.503602 -0.125540 0.888036
v 0.550000 -0.133000 0.880000
v 0.496424 0.055540 0.880000
v 0.451005 0.034296 0.880000
v 0.420657 0.002503 0.880000
v 0.410000 -0.035000 0.880000
v 0.420657 -0.072503 0.880000
v 0.451005 -0.104297 0.880000
v 0.496424 -0.125540 0.880000
v 0.503602 0.055540 0.871964
v 0.464268 0.034296 0.865151
v 0.437985 0.002503 0.860598
v 0.428756 -0.035000 0.859000
v 0.437985 -0.072503 0.860598
v 0.464268 -0.104297 0.865151
v 0.503602 -0.125540 0.871964
v 0.523212 0.055540 0.866081
v 0.500502 0.034296 0.854280
v 0.485328 0.002503 0.846395
v 0.480000 -0.035000 0.843627
v 0.485328 -0.072503 0.846395
v 0.500502 -0.104297 0.854280
v 0.523212 -0.125540 0.866081
v 0.550000 0.002503 0.841197
v 0.550000 -0.035000 0.838000
v 0.550000 -0.072503 0.841197
v 0.550000 -0.104297 0.850301
v 0.550000 -0.125540 0.863927
v -0.550000 0.055540 0.863927
v -0.550000 0.034296 0.850301
v -0.523212 0.055540 0.866081
v -0.500503 0.034296 0.854280
v -0.485329 0.002503 0.846395
v -0.480000 -0.035000 0.843627
v -0.485329 -0.072503 0.846395
v -0.500503 -0.104297 0.854280
v -0.523212 -0.125540 0.866081
v -0.503602 0.055540 0.871964
v -0.464268 0.034296 0.865151
v -0.437986 0.002503 0.860598
v -0.428757 -0.035000 0.859000
v -0.437986 -0.072503 0.860598
v -0.464268 -0.104297 0.865151
v -0.503602 -0.125540 0.871964
v -0.496424 0.055540 0.880000
v -0.451005 0.034296 0.880000
v -0.420657 0.002503 0.880000
v -0.410000 -0.035000 0.880000
v -0.420657 -0.072503 0.880000
v -0.451005 -0.104297 0.880000
v -0.496424 -0.125540 0.880000
v -0.503602 0.055540 0.888036
v -0.464268 0.034296 0.894849
v -0.437986 0.002503 0.899401
v -0.428757 -0.035000 0.901000
v -0.437986 -0.072503 0.899401
v -0.464268 -0.104297 0.894849
v -0.503602 -0.125540 0.888036
v -0.523212 0.055540 0.893919
v -0.500503 0.034296 0.905720
v -0.485329 0.002503 0.913604
v -0.480000 -0.035000 0.916373
v -0.485329 -0.072503 0.913604
v -0.500503 -0.104297 0.905720
v -0.523212 -0.125540 0.893919
v -0.550000 0.055540 0.896073
v -0.550000 0.034296 0.909698
v -0.550000 0.002503 0.918803
v -0.550000 -0.035000 0.922000
v -0.550000 -0.072503 0.918803
v -0.550000 -0.104297 0.909698
v -0.550000 -0.125540 0.896073
v -0.576788 0.055540 0.893919
v -0.599498 0.034296 0.905720
v -0.614672 0.002503 0.913604
v -0.620000 -0.035000 0.916373
v -0.614672 -0.072503 0.913604
v -0.599498 -0.104297 0.905720
v -0.576788 -0.125540 0.893919
v -0.550000 0.063000 0.880000
v -0.596398 0.055540 0.888036
v -0.635732 0.034296 0.894849
v -0.662015 0.002503 0.899401
v -0.671244 -0.035000 0.901000
v -0.662015 -0.072503 0.899401
v -0.635732 -0.104297 0.894849
v -0.596398 -0.125540 0.888036
v -0.550000 -0.133000 0.880000
v -0.603576 0.055540 0.880000
v -0.648995 0.034296 0.880000
v -0.679343 0.002503 0.880000
v -0.690000 -0.035000 0.880000
v -0.679343 -0.072503 0.880000
v -0.648995 -0.104297 0.880000
v -0.603576 -0.125540 0.880000
v -0.596398 0.055540 0.871964
v -0.635732 0.034296 0.865151
v -0.662015 0.002503 0.860598
v -0.671244 -0.035000 0.859000
v -0.662015 -0.072503 0.860598
v -0.635732 -0.104297 0.865151
v -0.596398 -0.125540 0.871964
v -0.576788 0.055540 0.866081
v -0.599498 0.034296 0.854280
v -0.614672 0.002503 0.846395
v -0.620000 -0.035000 0.843627
v -0.614672 -0.072503 0.846395
v -0.599498 -0.104297 0.854280
v -0.576788 -0.125540 0.866081
v -0.550000 0.002503 0.841197
v -0.550000 -0.035000 0.838000
v -0.550000 -0.072503 0.841197
v -0.550000 -0.104297 0.850301
v -0.550000 -0.125540 0.863927
vt 0.750000 0.875000
vt 0.750000 0.937500
vt 0.708333 0.937500
vt 0.708333 0.875000
vt 0.750000 0.375000
vt 0.750000 0.437500
vt 0.708333 0.437500
vt 0.708333 0.375000
vt 0.750000 0.812500
vt 0.708333 0.812500
vt 0.750000 0.312500
vt 0.708333 0.312500
vt 0.750000 0.750000
vt 0.708333 0.750000
vt 0.750000 0.250000
vt 0.708333 0.250000
vt 0.750000 0.687500
vt 0.708333 0.687500
vt 0.750000 0.187500
vt 0.708333 0.187500
vt 0.750000 0.625000
vt 0.708333 0.625000
vt 0.750000 0.125000
vt 0.708333 0.125000
vt 0.750000 0.562500
vt 0.708333 0.562500
vt 0.750000 0.062500
vt 0.708333 0.062500
vt 0.750000 0.500000
vt 0.708333 0.500000
vt 0.729167 1.000000
vt 0.729167 0.000000
vt 0.666667 0.562500
vt 0.666667 0.500000
vt 0.687500 1.000000
vt 0.666667 0.937500
vt 0.687500 0.000000
vt 0.666667 0.062500
vt 0.666667 0.437500
vt 0.666667 0.875000
vt 0.666667 0.375000
vt 0.666667 0.812500
vt 0.666667 0.312500
vt 0.666667 0.750000
vt 0.666667 0.250000
vt 0.666667 0.687500
vt 0.666667 0.187500
vt 0.666667 0.625000
vt 0.666667 0.125000
vt 0.625000 0.312500
vt 0.625000 0.250000
vt 0.625000 0.750000
vt 0.625000 0.687500
vt 0.625000 0.187500
vt 0.625000 0.625000
vt 0.625000 0.125000
vt 0.625000 0.562500
vt 0.625000 0.062500
vt 0.625000 0.500000
vt 0.645833 1.000000
vt 0.625000 0.937500
vt 0.645833 0.000000
vt 0.625000 0.437500
vt 0.625000 0.875000
vt 0.625000 0.375000
vt 0.625000 0.812500
vt 0.604167 0.000000
vt 0.583333 0.062500
vt 0.583333 0.500000
vt 0.583333 0.437500
vt 0.583333 0.937500
vt 0.583333 0.875000
vt 0.583333 0.375000
vt 0.583333 0.812500
vt 0.583333 0.312500
vt 0.583333 0.750000
vt 0.583333 0.250000
vt 0.583333 0.687500
vt 0.583333 0.187500
vt 0.583333 0.625000
vt 0.583333 0.125000
vt 0.583333 0.562500
vt 0.604167 1.000000
vt 0.541667 0.250000
vt 0.541667 0.187500
vt 0.541667 0.687500
vt 0.541667 0.625000
vt 0.541667 0.125000
vt 0.541667 0.562500
vt 0.541667 0.062500
vt 0.541667 0.500000
vt 0.562500 1.000000
vt 0.541667 0.937500
vt 0.562500 0.000000
vt 0.541667 0.437500
vt 0.541667 0.875000
vt 0.541667 0.375000
vt 0.541667 0.812500
vt 0.541667 0.312500
vt 0.541667 0.750000
vt 0.500000 0.937500
vt 0.500000 0.875000
vt 0.500000 0.437500
vt 0.500000 0.375000
vt 0.500000 0.812500
vt 0.500000 0.312500
vt 0.500000 0.750000
vt 0.500000 0.250000
vt 0.500000 0.687500
vt 0.500000 0.187500
vt 0.500000 0.625000
vt 0.500000 0.125000
vt 0.500000 0.562500
vt 0.500000 0.062500
vt 0.500000 0.500000
vt 0.520833 1.000000
vt 0.520833 0.000000
vt 0.458333 0.687500
vt 0.458333 0.625000
vt 0.458333 0.187500
vt 0.458333 0.125000
vt 0.458333 0.562500
vt 0.458333 0.062500
vt 0.458333 0.500000
vt 0.479167 1.000000
vt 0.458333 0.937500
vt 0.479167 0.000000
vt 0.458333 0.437500
vt 0.458333 0.875000
vt 0.458333 0.375000
vt 0.458333 0.812500
vt 0.458333 0.312500
vt 0.458333 0.750000
vt 0.458333 0.250000
vt 0.416667 0.437500
vt 0.416667 0.375000
vt 0.416667 0.875000
vt 0.416667 0.812500
vt 0.416667 0.312500
vt 0.416667 0.750000
vt 0.416667 0.250000
vt 0.416667 0.687500
vt 0.416667 0.187500
vt 0.416667 0.625000
vt 0.416667 0.125000
vt 0.416667 0.562500
vt 0.416667 0.062500
vt 0.416667 0.500000
vt 0.437500 1.000000
vt 0.416667 0.937500
vt 0.437500 0.000000
vt 0.375000 0.187500
vt 0.375000 0.125000
vt 0.375000 0.625000
vt 0.375000 0.562500
vt 0.375000 0.062500
vt 0.375000 0.500000
vt 0.395833 1.000000
vt 0.375000 0.937500
vt 0.395833 0.000000
vt 0.375000 0.437500
vt 0.375000 0.875000
vt 0.375000 0.375000
vt 0.375000 0.812500
vt 0.375000 0.312500
vt 0.375000 0.750000
vt 0.375000 0.250000
vt 0.375000 0.687500
vt 0.333333 0.875000
vt 0.333333 0.812500
vt 0.333333 0.375000
vt 0.333333 0.312500
vt 0.333333 0.750000
vt 0.333333 0.250000
vt 0.333333 0.687500
vt 0.333333 0.187500
vt 0.333333 0.625000
vt 0.333333 0.125000
vt 0.333333 0.562500
vt 0.333333 0.062500
vt 0.333333 0.500000
vt 0.354167 1.000000
vt 0.333333 0.937500
vt 0.354167 0.000000
vt 0.333333 0.437500
vt 0.291667 0.625000
vt 0.291667 0.562500
vt 0.291667 0.125000
vt 0.291667 0.062500
vt 0.291667 0.500000
vt 0.312500 1.000000
vt 0.291667 0.937500
vt 0.312500 0.000000
vt 0.291667 0.437500
vt 0.291667 0.875000
vt 0.291667 0.375000
vt 0.291667 0.812500
vt 0.291667 0.312500
vt 0.291667 0.750000
vt 0.291667 0.250000
vt 0.291667 0.687500
vt 0.291667 0.187500
vt 0.250000 0.375000
vt 0.250000 0.312500
vt 0.250000 0.812500
vt 0.250000 0.750000
vt 0.250000 0.250000
vt 0.250000 0.687500
vt 0.250000 0.187500
vt 0.250000 0.625000
vt 0.250000 0.125000
vt 0.250000 0.562500
vt 0.250000 0.062500
vt 0.250000 0.500000
vt 0.270833 1.000000
vt 0.250000 0.937500
vt 0.270833 0.000000
vt 0.250000 0.437500
vt 0.250000 0.875000
vt 0.208333 0.125000
vt 0.208333 0.062500
vt 0.208333 0.562500
vt 0.208333 0.500000
vt 0.229167 1.000000
vt 0.208333 0.937500
vt 0.229167 0.000000
vt 0.208333 0.437500
vt 0.208333 0.875000
vt 0.208333 0.375000
vt 0.208333 0.812500
vt 0.208333 0.312500
vt 0.208333 0.750000
vt 0.208333 0.250000
vt 0.208333 0.687500
vt 0.208333 0.187500
vt 0.208333 0.625000
vt 0.166667 0.312500
vt 0.166667 0.250000
vt 0.166667 0.750000
vt 0.166667 0.687500
vt 0.166667 0.187500
vt 0.166667 0.625000
vt 0.166667 0.125000
vt 0.166667 0.562500
vt 0.166667 0.062500
vt 0.166667 0.500000
vt 0.187500 1.000000
vt 0.166667 0.937500
vt 0.187500 0.000000
vt 0.166667 0.437500
vt 0.166667 0.875000
vt 0.166667 0.375000
vt 0.166667 0.812500
vt 0.145833 1.000000
vt 0.125000 0.937500
vt 0.145833 0.000000
vt 0.125000 0.062500
vt 0.125000 0.500000
vt 0.125000 0.437500
vt 0.125000 0.875000
vt 0.125000 0.375000
vt 0.125000 0.812500
vt 0.125000 0.312500
vt 0.125000 0.750000
vt 0.125000 0.250000
vt 0.125000 0.687500
vt 0.125000 0.187500
vt 0.125000 0.625000
vt 0.125000 0.125000
vt 0.125000 0.562500
vt 0.083333 0.750000
vt 0.083333 0.687500
vt 0.083333 0.250000
vt 0.083333 0.187500
vt 0.083333 0.625000
vt 0.083333 0.125000
vt 0.083333 0.562500
vt 0.083333 0.062500
vt 0.083333 0.500000
vt 0.104167 1.000000
vt 0.083333 0.937500
vt 0.104167 0.000000
vt 0.083333 0.437500
vt 0.083333 0.875000
vt 0.083333 0.375000
vt 0.083333 0.812500
vt 0.083333 0.312500
vt 0.041667 0.500000
vt 0.041667 0.437500
vt 0.041667 0.937500
vt 0.041667 0.875000
vt 0.041667 0.375000
vt 0.041667 0.812500
vt 0.041667 0.312500
vt 0.041667 0.750000
vt 0.041667 0.250000
vt 0.041667 0.687500
vt 0.041667 0.187500
vt 0.041667 0.625000
vt 0.041667 0.125000
vt 0.041667 0.562500
vt 0.041667 0.062500
vt 0.062500 1.000000
vt 0.062500 0.000000
vt 0.000000 0.250000
vt 0.000000 0.187500
vt 0.000000 0.687500
vt 0.000000 0.625000
vt 0.000000 0.125000
vt 0.000000 0.562500
vt 0.000000 0.062500
vt 0.000000 0.500000
vt 0.020833 1.000000
vt 0.000000 0.937500
vt 0.020833 0.000000
vt 0.000000 0.437500
vt 0.000000 0.875000
vt 0.000000 0.375000
vt 0.000000 0.812500
vt 0.000000 0.312500
vt 0.000000 0.750000
vt 1.000000 0.875000
vt 1.000000 0.937500
vt 0.958333 0.937500
vt 0.958333 0.875000
vt 1.000000 0.375000
vt 1.000000 0.437500
vt 0.958333 0.437500
vt 0.958333 0.375000
vt 1.000000 0.812500
vt 0.958333 0.812500
vt 1.000000 0.312500
vt 0.958333 0.312500
vt 1.000000 0.750000
vt 0.958333 0.750000
vt 1.000000 0.250000
vt 0.958333 0.250000
vt 1.000000 0.687500
vt 0.958333 0.687500
vt 1.000000 0.187500
vt 0.958333 0.187500
vt 1.000000 0.625000
vt 0.958333 0.625000
vt 1.000000 0.125000
vt 0.958333 0.125000
vt 1.000000 0.562500
vt 0.958333 0.562500
vt 1.000000 0.062500
vt 0.958333 0.062500
vt 1.000000 0.500000
vt 0.958333 0.500000
vt 0.979167 1.000000
vt 0.979167 0.000000
vt 0.916667 0.687500
vt 0.916667 0.625000
vt 0.916667 0.187500
vt 0.916667 0.125000
vt 0.916667 0.562500
vt 0.916667 0.062500
vt 0.916667 0.500000
vt 0.937500 1.000000
vt 0.916667 0.937500
vt 0.937500 0.000000
vt 0.916667 0.437500
vt 0.916667 0.875000
vt 0.916667 0.375000
vt 0.916667 0.812500
vt 0.916667 0.312500
vt 0.916667 0.750000
vt 0.916667 0.250000
vt 0.875000 0.437500
vt 0.875000 0.375000
vt 0.875000 0.875000
vt 0.875000 0.812500
vt 0.875000 0.312500
vt 0.875000 0.750000
vt 0.875000 0.250000
vt 0.875000 0.687500
vt 0.875000 0.187500
vt 0.875000 0.625000
vt 0.875000 0.125000
vt 0.875000 0.562500
vt 0.875000 0.062500
vt 0.875000 0.500000
vt 0.895833 1.000000
vt 0.875000 0.937500
vt 0.895833 0.000000
vt 0.833333 0.187500
vt 0.833333 0.125000
vt 0.833333 0.625000
vt 0.833333 0.562500
vt 0.833333 0.062500
vt 0.833333 0.500000
vt 0.854167 1.000000
vt 0.833333 0.937500
vt 0.854167 0.000000
vt 0.833333 0.437500
vt 0.833333 0.875000
vt 0.833333 0.375000
vt 0.833333 0.812500
vt 0.833333 0.312500
vt 0.833333 0.750000
vt 0.833333 0.250000
vt 0.833333 0.687500
vt 0.791667 0.375000
vt 0.791667 0.312500
vt 0.791667 0.812500
vt 0.791667 0.750000
vt 0.791667 0.250000
vt 0.791667 0.687500
vt 0.791667 0.187500
vt 0.791667 0.625000
vt 0.791667 0.125000
vt 0.791667 0.562500
vt 0.791667 0.062500
vt 0.791667 0.500000
vt 0.812500 1.000000
vt 0.791667 0.937500
vt 0.812500 0.000000
vt 0.791667 0.437500
vt 0.791667 0.875000
vt 0.770833 1.000000
vt 0.770833 0.000000
vt 0.750000 0.083333
vt 0.750000 0.166667
vt 0.687500 0.166667
vt 0.687500 0.083333
vt 0.750000 0.916667
vt 0.718750 1.000000
vt 0.687500 0.916667
vt 0.750000 0.333333
vt 0.750000 0.416667
vt 0.687500 0.416667
vt 0.687500 0.333333
vt 0.750000 0.583333
vt 0.750000 0.666667
vt 0.687500 0.666667
vt 0.687500 0.583333
vt 0.718750 0.000000
vt 0.750000 0.833333
vt 0.687500 0.833333
vt 0.750000 0.250000
vt 0.687500 0.250000
vt 0.750000 0.500000
vt 0.687500 0.500000
vt 0.750000 0.750000
vt 0.687500 0.750000
vt 0.625000 0.583333
vt 0.625000 0.500000
vt 0.625000 0.833333
vt 0.625000 0.750000
vt 0.625000 0.250000
vt 0.625000 0.166667
vt 0.625000 0.416667
vt 0.625000 0.666667
vt 0.625000 0.083333
vt 0.656250 1.000000
vt 0.625000 0.916667
vt 0.625000 0.333333
vt 0.656250 0.000000
vt 0.562500 0.416667
vt 0.562500 0.333333
vt 0.562500 0.666667
vt 0.562500 0.583333
vt 0.593750 0.000000
vt 0.562500 0.083333
vt 0.562500 0.916667
vt 0.562500 0.833333
vt 0.562500 0.250000
vt 0.562500 0.500000
vt 0.562500 0.750000
vt 0.562500 0.166667
vt 0.593750 1.000000
vt 0.500000 0.500000
vt 0.500000 0.416667
vt 0.500000 0.750000
vt 0.500000 0.666667
vt 0.500000 0.166667
vt 0.500000 0.083333
vt 0.531250 1.000000
vt 0.500000 0.916667
vt 0.500000 0.333333
vt 0.500000 0.583333
vt 0.531250 0.000000
vt 0.500000 0.833333
vt 0.500000 0.250000
vt 0.437500 0.333333
vt 0.437500 0.250000
vt 0.437500 0.583333
vt 0.437500 0.500000
vt 0.437500 0.833333
vt 0.437500 0.750000
vt 0.437500 0.166667
vt 0.437500 0.416667
vt 0.437500 0.666667
vt 0.437500 0.083333
vt 0.468750 1.000000
vt 0.437500 0.916667
vt 0.468750 0.000000
vt 0.406250 1.000000
vt 0.375000 0.916667
vt 0.375000 0.416667
vt 0.375000 0.333333
vt 0.375000 0.666667
vt 0.375000 0.583333
vt 0.406250 0.000000
vt 0.375000 0.083333
vt 0.375000 0.833333
vt 0.375000 0.250000
vt 0.375000 0.500000
vt 0.375000 0.750000
vt 0.375000 0.166667
vt 0.312500 0.250000
vt 0.312500 0.166667
vt 0.312500 0.500000
vt 0.312500 0.416667
vt 0.312500 0.750000
vt 0.312500 0.666667
vt 0.312500 0.083333
vt 0.343750 1.000000
vt 0.312500 0.916667
vt 0.312500 0.333333
vt 0.312500 0.583333
vt 0.343750 0.000000
vt 0.312500 0.833333
vt 0.250000 0.916667
vt 0.250000 0.833333
vt 0.250000 0.333333
vt 0.250000 0.250000
vt 0.250000 0.583333
vt 0.250000 0.500000
vt 0.250000 0.750000
vt 0.250000 0.166667
vt 0.250000 0.416667
vt 0.250000 0.666667
vt 0.250000 0.083333
vt 0.281250 1.000000
vt 0.281250 0.000000
vt 0.187500 0.166667
vt 0.187500 0.083333
vt 0.218750 1.000000
vt 0.187500 0.916667
vt 0.187500 0.416667
vt 0.187500 0.333333
vt 0.187500 0.666667
vt 0.187500 0.583333
vt 0.218750 0.000000
vt 0.187500 0.833333
vt 0.187500 0.250000
vt 0.187500 0.500000
vt 0.187500 0.750000
vt 0.125000 0.833333
vt 0.125000 0.750000
vt 0.125000 0.250000
vt 0.125000 0.166667
vt 0.125000 0.500000
vt 0.125000 0.416667
vt 0.125000 0.666667
vt 0.125000 0.083333
vt 0.156250 1.000000
vt 0.125000 0.916667
vt 0.125000 0.333333
vt 0.125000 0.583333
vt 0.156250 0.000000
vt 0.093750 0.000000
vt 0.062500 0.083333
vt 0.062500 0.916667
vt 0.062500 0.833333
vt 0.062500 0.333333
vt 0.062500 0.250000
vt 0.062500 0.583333
vt 0.062500 0.500000
vt 0.062500 0.750000
vt 0.062500 0.166667
vt 0.062500 0.416667
vt 0.062500 0.666667
vt 0.093750 1.000000
vt 0.000000 0.750000
vt 0.000000 0.666667
vt 0.000000 0.166667
vt 0.000000 0.083333
vt 0.031250 1.000000
vt 0.000000 0.916667
vt 0.000000 0.416667
vt 0.000000 0.333333
vt 0.000000 0.583333
vt 0.031250 0.000000
vt 0.000000 0.833333
vt 0.000000 0.250000
vt 0.000000 0.500000
vt 1.000000 0.750000
vt 1.000000 0.833333
vt 0.937500 0.833333
vt 0.937500 0.750000
vt 1.000000 0.166667
vt 1.000000 0.250000
vt 0.937500 0.250000
vt 0.937500 0.166667
vt 1.000000 0.416667
vt 1.000000 0.500000
vt 0.937500 0.500000
vt 0.937500 0.416667
vt 1.000000 0.666667
vt 0.937500 0.666667
vt 1.000000 0.083333
vt 0.937500 0.083333
vt 1.000000 0.916667
vt 0.968750 1.000000
vt 0.937500 0.916667
vt 1.000000 0.333333
vt 0.937500 0.333333
vt 1.000000 0.583333
vt 0.937500 0.583333
vt 0.968750 0.000000
vt 0.875000 0.666667
vt 0.875000 0.583333
vt 0.906250 0.000000
vt 0.875000 0.083333
vt 0.875000 0.916667
vt 0.875000 0.833333
vt 0.875000 0.333333
vt 0.875000 0.250000
vt 0.875000 0.500000
vt 0.875000 0.750000
vt 0.875000 0.166667
vt 0.875000 0.416667
vt 0.906250 1.000000
vt 0.812500 0.750000
vt 0.812500 0.666667
vt 0.812500 0.166667
vt 0.812500 0.083333
vt 0.843750 1.000000
vt 0.812500 0.916667
vt 0.812500 0.416667
vt 0.812500 0.333333
vt 0.812500 0.583333
vt 0.843750 0.000000
vt 0.812500 0.833333
vt 0.812500 0.250000
vt 0.812500 0.500000
vt 0.781250 1.000000
vt 0.781250 0.000000
vt 0.750000 0.500000
vt 0.750000 0.583333
vt 0.687500 0.583333
vt 0.687500 0.500000
vt 0.750000 0.750000
vt 0.750000 0.833333
vt 0.687500 0.833333
vt 0.687500 0.750000
vt 0.750000 0.166667
vt 0.750000 0.250000
vt 0.687500 0.250000
vt 0.687500 0.166667
vt 0.750000 0.416667
vt 0.687500 0.416667
vt 0.750000 0.666667
vt 0.687500 0.666667
vt 0.750000 0.083333
vt 0.687500 0.083333
vt 0.750000 0.916667
vt 0.718750 1.000000
vt 0.687500 0.916667
vt 0.750000 0.333333
vt 0.687500 0.333333
vt 0.718750 0.000000
vt 0.625000 0.166667
vt 0.625000 0.083333
vt 0.656250 1.000000
vt 0.625000 0.916667
vt 0.625000 0.416667
vt 0.625000 0.333333
vt 0.625000 0.666667
vt 0.625000 0.583333
vt 0.656250 0.000000
vt 0.625000 0.833333
vt 0.625000 0.250000
vt 0.625000 0.500000
vt 0.625000 0.750000
vt 0.562500 0.833333
vt 0.562500 0.750000
vt 0.562500 0.250000
vt 0.562500 0.166667
vt 0.562500 0.500000
vt 0.562500 0.416667
vt 0.562500 0.666667
vt 0.562500 0.083333
vt 0.593750 1.000000
vt 0.562500 0.916667
vt 0.562500 0.333333
vt 0.562500 0.583333
vt 0.593750 0.000000
vt 0.531250 0.000000
vt 0.500000 0.083333
vt 0.500000 0.916667
vt 0.500000 0.833333
vt 0.500000 0.333333
vt 0.500000 0.250000
vt 0.500000 0.583333
vt 0.500000 0.500000
vt 0.500000 0.750000
vt 0.500000 0.166667
vt 0.500000 0.416667
vt 0.500000 0.666667
vt 0.531250 1.000000
vt 0.437500 0.750000
vt 0.437500 0.666667
vt 0.437500 0.166667
vt 0.437500 0.083333
vt 0.468750 1.000000
vt 0.437500 0.916667
vt 0.437500 0.416667
vt 0.437500 0.333333
vt 0.437500 0.583333
vt 0.468750 0.000000
vt 0.437500 0.833333
vt 0.437500 0.250000
vt 0.437500 0.500000
vt 0.375000 0.833333
vt 0.375000 0.750000
vt 0.375000 0.250000
vt 0.375000 0.166667
vt 0.375000 0.500000
vt 0.375000 0.416667
vt 0.375000 0.666667
vt 0.375000 0.083333
vt 0.406250 1.000000
vt 0.375000 0.916667
vt 0.375000 0.333333
vt 0.375000 0.583333
vt 0.406250 0.000000
vt 0.312500 0.666667
vt 0.312500 0.583333
vt 0.343750 0.000000
vt 0.312500 0.083333
vt 0.312500 0.916667
vt 0.312500 0.833333
vt 0.312500 0.333333
vt 0.312500 0.250000
vt 0.312500 0.500000
vt 0.312500 0.750000
vt 0.312500 0.166667
vt 0.312500 0.416667
vt 0.343750 1.000000
vt 0.250000 0.750000
vt 0.250000 0.666667
vt 0.250000 0.166667
vt 0.250000 0.083333
vt 0.281250 1.000000
vt 0.250000 0.916667
vt 0.250000 0.416667
vt 0.250000 0.333333
vt 0.250000 0.583333
vt 0.281250 0.000000
vt 0.250000 0.833333
vt 0.250000 0.250000
vt 0.250000 0.500000
vt 0.187500 0.583333
vt 0.187500 0.500000
vt 0.187500 0.833333
vt 0.187500 0.750000
vt 0.187500 0.250000
vt 0.187500 0.166667
vt 0.187500 0.416667
vt 0.187500 0.666667
vt 0.187500 0.083333
vt 0.218750 1.000000
vt 0.187500 0.916667
vt 0.187500 0.333333
vt 0.218750 0.000000
vt 0.125000 0.666667
vt 0.125000 0.583333
vt 0.156250 0.000000
vt 0.125000 0.083333
vt 0.125000 0.916667
vt 0.125000 0.833333
vt 0.125000 0.333333
vt 0.125000 0.250000
vt 0.125000 0.500000
vt 0.125000 0.750000
vt 0.125000 0.166667
vt 0.125000 0.416667
vt 0.156250 1.000000
vt 0.062500 0.500000
vt 0.062500 0.416667
vt 0.062500 0.750000
vt 0.062500 0.666667
vt 0.062500 0.166667
vt 0.062500 0.083333
vt 0.093750 1.000000
vt 0.062500 0.916667
vt 0.062500 0.333333
vt 0.062500 0.583333
vt 0.093750 0.000000
vt 0.062500 0.833333
vt 0.062500 0.250000
vt 0.000000 0.583333
vt 0.000000 0.500000
vt 0.000000 0.833333
vt 0.000000 0.750000
vt 0.000000 0.250000
vt 0.000000 0.166667
vt 0.000000 0.416667
vt 0.000000 0.666667
vt 0.000000 0.083333
vt 0.031250 1.000000
vt 0.000000 0.916667
vt 0.000000 0.333333
vt 0.031250 0.000000
vt 1.000000 0.333333
vt 1.000000 0.416667
vt 0.937500 0.416667
vt 0.937500 0.333333
vt 1.000000 0.583333
vt 1.000000 0.666667
vt 0.937500 0.666667
vt 0.937500 0.583333
vt 0.968750 0.000000
vt 1.000000 0.083333
vt 0.937500 0.083333
vt 1.000000 0.833333
vt 1.000000 0.916667
vt 0.937500 0.916667
vt 0.937500 0.833333
vt 1.000000 0.250000
vt 0.937500 0.250000
vt 1.000000 0.500000
vt 0.937500 0.500000
vt 1.000000 0.750000
vt 0.937500 0.750000
vt 1.000000 0.166667
vt 0.937500 0.166667
vt 0.968750 1.000000
vt 0.875000 0.500000
vt 0.875000 0.416667
vt 0.875000 0.750000
vt 0.875000 0.666667
vt 0.875000 0.166667
vt 0.875000 0.083333
vt 0.906250 1.000000
vt 0.875000 0.916667
vt 0.875000 0.333333
vt 0.875000 0.583333
vt 0.906250 0.000000
vt 0.875000 0.833333
vt 0.875000 0.250000
vt 0.812500 0.333333
vt 0.812500 0.250000
vt 0.812500 0.583333
vt 0.812500 0.500000
vt 0.812500 0.833333
vt 0.812500 0.750000
vt 0.812500 0.166667
vt 0.812500 0.416667
vt 0.812500 0.666667
vt 0.812500 0.083333
vt 0.843750 1.000000
vt 0.812500 0.916667
vt 0.843750 0.000000
vt 0.781250 1.000000
vt 0.781250 0.000000
vt 0.750000 0.750000
vt 0.750000 0.875000
vt 0.666667 0.875000
vt 0.666667 0.750000
vt 0.750000 0.125000
vt 0.750000 0.250000
vt 0.666667 0.250000
vt 0.666667 0.125000
vt 0.750000 0.375000
vt 0.750000 0.500000
vt 0.666667 0.500000
vt 0.666667 0.375000
vt 0.750000 0.625000
vt 0.666667 0.625000
vt 0.708333 1.000000
vt 0.708333 0.000000
vt 0.583333 0.500000
vt 0.583333 0.375000
vt 0.583333 0.750000
vt 0.583333 0.625000
vt 0.625000 1.000000
vt 0.583333 0.875000
vt 0.625000 0.000000
vt 0.583333 0.125000
vt 0.583333 0.250000
vt 0.541667 0.000000
vt 0.500000 0.125000
vt 0.500000 0.375000
vt 0.500000 0.250000
vt 0.500000 0.625000
vt 0.500000 0.500000
vt 0.500000 0.875000
vt 0.500000 0.750000
vt 0.541667 1.000000
vt 0.416667 0.625000
vt 0.416667 0.500000
vt 0.416667 0.875000
vt 0.416667 0.750000
vt 0.416667 0.250000
vt 0.416667 0.125000
vt 0.416667 0.375000
vt 0.458333 1.000000
vt 0.458333 0.000000
vt 0.333333 0.250000
vt 0.333333 0.125000
vt 0.333333 0.500000
vt 0.333333 0.375000
vt 0.333333 0.750000
vt 0.333333 0.625000
vt 0.375000 1.000000
vt 0.333333 0.875000
vt 0.375000 0.000000
vt 0.250000 0.750000
vt 0.250000 0.625000
vt 0.291667 1.000000
vt 0.250000 0.875000
vt 0.291667 0.000000
vt 0.250000 0.125000
vt 0.250000 0.375000
vt 0.250000 0.250000
vt 0.250000 0.500000
vt 0.208333 0.000000
vt 0.166667 0.125000
vt 0.166667 0.375000
vt 0.166667 0.250000
vt 0.166667 0.625000
vt 0.166667 0.500000
vt 0.166667 0.875000
vt 0.166667 0.750000
vt 0.208333 1.000000
vt 0.083333 0.875000
vt 0.083333 0.750000
vt 0.083333 0.250000
vt 0.083333 0.125000
vt 0.083333 0.500000
vt 0.083333 0.375000
vt 0.083333 0.625000
vt 0.125000 1.000000
vt 0.125000 0.000000
vt 0.000000 0.250000
vt 0.000000 0.125000
vt 0.000000 0.500000
vt 0.000000 0.375000
vt 0.000000 0.750000
vt 0.000000 0.625000
vt 0.041667 1.000000
vt 0.000000 0.875000
vt 0.041667 0.000000
vt 1.000000 0.875000
vt 0.958333 1.000000
vt 0.916667 0.875000
vt 0.958333 0.000000
vt 1.000000 0.125000
vt 0.916667 0.125000
vt 1.000000 0.250000
vt 1.000000 0.375000
vt 0.916667 0.375000
vt 0.916667 0.250000
vt 1.000000 0.500000
vt 1.000000 0.625000
vt 0.916667 0.625000
vt 0.916667 0.500000
vt 1.000000 0.750000
vt 0.916667 0.750000
vt 0.833333 0.375000
vt 0.833333 0.250000
vt 0.833333 0.625000
vt 0.833333 0.500000
vt 0.833333 0.875000
vt 0.833333 0.750000
vt 0.833333 0.125000
vt 0.875000 1.000000
vt 0.875000 0.000000
vt 0.791667 1.000000
vt 0.791667 0.000000
vt 0.708333 0.000000
vt 0.750000 0.125000
vt 0.666667 0.125000
vt 0.750000 0.250000
vt 0.750000 0.375000
vt 0.666667 0.375000
vt 0.666667 0.250000
vt 0.750000 0.500000
vt 0.750000 0.625000
vt 0.666667 0.625000
vt 0.666667 0.500000
vt 0.750000 0.750000
vt 0.750000 0.875000
vt 0.666667 0.875000
vt 0.666667 0.750000
vt 0.708333 1.000000
vt 0.583333 0.875000
vt 0.583333 0.750000
vt 0.583333 0.250000
vt 0.583333 0.125000
vt 0.583333 0.500000
vt 0.583333 0.375000
vt 0.583333 0.625000
vt 0.625000 1.000000
vt 0.625000 0.000000
vt 0.500000 0.250000
vt 0.500000 0.125000
vt 0.500000 0.500000
vt 0.500000 0.375000
vt 0.500000 0.750000
vt 0.500000 0.625000
vt 0.541667 1.000000
vt 0.500000 0.875000
vt 0.541667 0.000000
vt 0.458333 1.000000
vt 0.416667 0.875000
vt 0.458333 0.000000
vt 0.416667 0.125000
vt 0.416667 0.375000
vt 0.416667 0.250000
vt 0.416667 0.625000
vt 0.416667 0.500000
vt 0.416667 0.750000
vt 0.333333 0.375000
vt 0.333333 0.250000
vt 0.333333 0.625000
vt 0.333333 0.500000
vt 0.333333 0.875000
vt 0.333333 0.750000
vt 0.333333 0.125000
vt 0.375000 1.000000
vt 0.375000 0.000000
vt 0.250000 0.250000
vt 0.250000 0.125000
vt 0.250000 0.500000
vt 0.250000 0.375000
vt 0.250000 0.750000
vt 0.250000 0.625000
vt 0.291667 1.000000
vt 0.250000 0.875000
vt 0.291667 0.000000
vt 0.166667 0.500000
vt 0.166667 0.375000
vt 0.166667 0.750000
vt 0.166667 0.625000
vt 0.208333 1.000000
vt 0.166667 0.875000
vt 0.208333 0.000000
vt 0.166667 0.125000
vt 0.166667 0.250000
vt 0.125000 0.000000
vt 0.083333 0.125000
vt 0.083333 0.375000
vt 0.083333 0.250000
vt 0.083333 0.625000
vt 0.083333 0.500000
vt 0.083333 0.875000
vt 0.083333 0.750000
vt 0.125000 1.000000
vt 0.000000 0.625000
vt 0.000000 0.500000
vt 0.000000 0.875000
vt 0.000000 0.750000
vt 0.000000 0.250000
vt 0.000000 0.125000
vt 0.000000 0.375000
vt 0.041667 1.000000
vt 0.041667 0.000000
vt 1.000000 0.125000
vt 1.000000 0.250000
vt 0.916667 0.250000
vt 0.916667 0.125000
vt 1.000000 0.375000
vt 1.000000 0.500000
vt 0.916667 0.500000
vt 0.916667 0.375000
vt 1.000000 0.625000
vt 1.000000 0.750000
vt 0.916667 0.750000
vt 0.916667 0.625000
vt 1.000000 0.875000
vt 0.958333 1.000000
vt 0.916667 0.875000
vt 0.958333 0.000000
vt 0.833333 0.750000
vt 0.833333 0.625000
vt 0.875000 1.000000
vt 0.833333 0.875000
vt 0.875000 0.000000
vt 0.833333 0.125000
vt 0.833333 0.375000
vt 0.833333 0.250000
vt 0.833333 0.500000
vt 0.791667 0.000000
vt 0.791667 1.000000
vt 0.750000 0.500000
vt 0.750000 0.625000
vt 0.666667 0.625000
vt 0.666667 0.500000
vt 0.750000 0.750000
vt 0.750000 0.875000
vt 0.666667 0.875000
vt 0.666667 0.750000
vt 0.750000 0.125000
vt 0.750000 0.250000
vt 0.666667 0.250000
vt 0.666667 0.125000
vt 0.750000 0.375000
vt 0.666667 0.375000
vt 0.708333 1.000000
vt 0.708333 0.000000
vt 0.583333 0.250000
vt 0.583333 0.125000
vt 0.583333 0.500000
vt 0.583333 0.375000
vt 0.583333 0.750000
vt 0.583333 0.625000
vt 0.625000 1.000000
vt 0.583333 0.875000
vt 0.625000 0.000000
vt 0.541667 1.000000
vt 0.500000 0.875000
vt 0.541667 0.000000
vt 0.500000 0.125000
vt 0.500000 0.375000
vt 0.500000 0.250000
vt 0.500000 0.625000
vt 0.500000 0.500000
vt 0.500000 0.750000
vt 0.416667 0.375000
vt 0.416667 0.250000
vt 0.416667 0.625000
vt 0.416667 0.500000
vt 0.416667 0.875000
vt 0.416667 0.750000
vt 0.416667 0.125000
vt 0.458333 1.000000
vt 0.458333 0.000000
vt 0.333333 0.250000
vt 0.333333 0.125000
vt 0.333333 0.500000
vt 0.333333 0.375000
vt 0.333333 0.750000
vt 0.333333 0.625000
vt 0.375000 1.000000
vt 0.333333 0.875000
vt 0.375000 0.000000
vt 0.250000 0.500000
vt 0.250000 0.375000
vt 0.250000 0.750000
vt 0.250000 0.625000
vt 0.291667 1.000000
vt 0.250000 0.875000
vt 0.291667 0.000000
vt 0.250000 0.125000
vt 0.250000 0.250000
vt 0.208333 0.000000
vt 0.166667 0.125000
vt 0.166667 0.375000
vt 0.166667 0.250000
vt 0.166667 0.625000
vt 0.166667 0.500000
vt 0.166667 0.875000
vt 0.166667 0.750000
vt 0.208333 1.000000
vt 0.083333 0.625000
vt 0.083333 0.500000
vt 0.083333 0.875000
vt 0.083333 0.750000
vt 0.083333 0.250000
vt 0.083333 0.125000
vt 0.083333 0.375000
vt 0.125000 1.000000
vt 0.125000 0.000000
vt 0.000000 0.250000
vt 0.000000 0.125000
vt 0.000000 0.500000
vt 0.000000 0.375000
vt 0.000000 0.750000
vt 0.000000 0.625000
vt 0.041667 1.000000
vt 0.000000 0.875000
vt 0.041667 0.000000
vt 1.000000 0.625000
vt 1.000000 0.750000
vt 0.916667 0.750000
vt 0.916667 0.625000
vt 1.000000 0.875000
vt 0.958333 1.000000
vt 0.916667 0.875000
vt 0.958333 0.000000
vt 1.000000 0.125000
vt 0.916667 0.125000
vt 1.000000 0.250000
vt 1.000000 0.375000
vt 0.916667 0.375000
vt 0.916667 0.250000
vt 1.000000 0.500000
vt 0.916667 0.500000
vt 0.875000 0.000000
vt 0.833333 0.125000
vt 0.833333 0.375000
vt 0.833333 0.250000
vt 0.833333 0.625000
vt 0.833333 0.500000
vt 0.833333 0.875000
vt 0.833333 0.750000
vt 0.875000 1.000000
vt 0.791667 1.000000
vt 0.791667 0.000000
vt 0.750000 0.125000
vt 0.750000 0.250000
vt 0.666667 0.250000
vt 0.666667 0.125000
vt 0.750000 0.375000
vt 0.750000 0.500000
vt 0.666667 0.500000
vt 0.666667 0.375000
vt 0.750000 0.625000
vt 0.750000 0.750000
vt 0.666667 0.750000
vt 0.666667 0.625000
vt 0.750000 0.875000
vt 0.708333 1.000000
vt 0.666667 0.875000
vt 0.708333 0.000000
vt 0.625000 1.000000
vt 0.583333 0.875000
vt 0.625000 0.000000
vt 0.583333 0.125000
vt 0.583333 0.375000
vt 0.583333 0.250000
vt 0.583333 0.625000
vt 0.583333 0.500000
vt 0.583333 0.750000
vt 0.500000 0.375000
vt 0.500000 0.250000
vt 0.500000 0.625000
vt 0.500000 0.500000
vt 0.500000 0.875000
vt 0.500000 0.750000
vt 0.500000 0.125000
vt 0.541667 1.000000
vt 0.541667 0.000000
vt 0.416667 0.250000
vt 0.416667 0.125000
vt 0.416667 0.500000
vt 0.416667 0.375000
vt 0.416667 0.750000
vt 0.416667 0.625000
vt 0.458333 1.000000
vt 0.416667 0.875000
vt 0.458333 0.000000
vt 0.333333 0.500000
vt 0.333333 0.375000
vt 0.333333 0.750000
vt 0.333333 0.625000
vt 0.375000 1.000000
vt 0.333333 0.875000
vt 0.375000 0.000000
vt 0.333333 0.125000
vt 0.333333 0.250000
vt 0.291667 0.000000
vt 0.250000 0.125000
vt 0.250000 0.375000
vt 0.250000 0.250000
vt 0.250000 0.625000
vt 0.250000 0.500000
vt 0.250000 0.875000
vt 0.250000 0.750000
vt 0.291667 1.000000
vt 0.166667 0.625000
vt 0.166667 0.500000
vt 0.166667 0.875000
vt 0.166667 0.750000
vt 0.166667 0.250000
vt 0.166667 0.125000
vt 0.166667 0.375000
vt 0.208333 1.000000
vt 0.208333 0.000000
vt 0.083333 0.250000
vt 0.083333 0.125000
vt 0.083333 0.500000
vt 0.083333 0.375000
vt 0.083333 0.750000
vt 0.083333 0.625000
vt 0.125000 1.000000
vt 0.083333 0.875000
vt 0.125000 0.000000
vt 0.000000 0.750000
vt 0.000000 0.625000
vt 0.041667 1.000000
vt 0.000000 0.875000
vt 0.041667 0.000000
vt 0.000000 0.125000
vt 0.000000 0.375000
vt 0.000000 0.250000
vt 0.000000 0.500000
vt 0.958333 0.000000
vt 1.000000 0.125000
vt 0.916667 0.125000
vt 1.000000 0.250000
vt 1.000000 0.375000
vt 0.916667 0.375000
vt 0.916667 0.250000
vt 1.000000 0.500000
vt 1.000000 0.625000
vt 0.916667 0.625000
vt 0.916667 0.500000
vt 1.000000 0.750000
vt 1.000000 0.875000
vt 0.916667 0.875000
vt 0.916667 0.750000
vt 0.958333 1.000000
vt 0.833333 0.875000
vt 0.833333 0.750000
vt 0.833333 0.250000
vt 0.833333 0.125000
vt 0.833333 0.500000
vt 0.833333 0.375000
vt 0.833333 0.625000
vt 0.875000 1.000000
vt 0.875000 0.000000
vt 0.791667 1.000000
vt 0.791667 0.000000
vn -0.0000 0.9210 -0.3896
vn -0.0000 0.9792 -0.2029
vn 0.0525 0.9792 -0.1960
vn 0.1008 0.9210 -0.3763
vn -0.0000 -0.3798 -0.9251
vn -0.0000 -0.1935 -0.9811
vn 0.2539 -0.1935 -0.9477
vn 0.2394 -0.3798 -0.8935
vn -0.0000 0.8277 -0.5612
vn 0.1452 0.8277 -0.5420
vn -0.0000 -0.5518 -0.8340
vn 0.2158 -0.5518 -0.8055
vn -0.0000 0.7031 -0.7111
vn 0.1841 0.7031 -0.6869
vn -0.0000 -0.7031 -0.7111
vn 0.1841 -0.7031 -0.6869
vn -0.0000 0.5518 -0.8340
vn 0.2158 0.5518 -0.8055
vn -0.0000 -0.8277 -0.5612
vn 0.1452 -0.8277 -0.5420
vn -0.0000 0.3798 -0.9251
vn 0.2394 0.3798 -0.8935
vn -0.0000 -0.9210 -0.3896
vn 0.1008 -0.9210 -0.3763
vn -0.0000 0.1935 -0.9811
vn 0.2539 0.1935 -0.9477
vn -0.0000 -0.9792 -0.2029
vn 0.0525 -0.9792 -0.1960
vn -0.0000 -0.0000 -1.0000
vn 0.2588 0.0000 -0.9659
vn -0.0000 1.0000 -0.0000
vn -0.0000 -1.0000 -0.0000
vn 0.4905 0.1935 -0.8496
vn 0.5000 0.0000 -0.8660
vn 0.1015 0.9792 -0.1757
vn 0.1015 -0.9792 -0.1757
vn 0.4905 -0.1935 -0.8496
vn 0.1948 0.9210 -0.3374
vn 0.4625 -0.3798 -0.8011
vn 0.2806 0.8277 -0.4860
vn 0.4170 -0.5518 -0.7222
vn 0.3556 0.7031 -0.6159
vn 0.3556 -0.7031 -0.6159
vn 0.4170 0.5518 -0.7222
vn 0.2806 -0.8277 -0.4860
vn 0.4625 0.3798 -0.8011
vn 0.1948 -0.9210 -0.3374
vn 0.5897 -0.5518 -0.5897
vn 0.5029 -0.7031 -0.5029
vn 0.5029 0.7031 -0.5029
vn 0.5897 0.5518 -0.5897
vn 0.3968 -0.8277 -0.3968
vn 0.6541 0.3798 -0.6541
vn 0.2755 -0.9210 -0.2755
vn 0.6937 0.1935 -0.6937
vn 0.1435 -0.9792 -0.1435
vn 0.7071 0.0000 -0.7071
vn 0.1435 0.9792 -0.1435
vn 0.6937 -0.1935 -0.6937
vn 0.2755 0.9210 -0.2755
vn 0.6541 -0.3798 -0.6541
vn 0.3968 0.8277 -0.3968
vn 0.1757 -0.9792 -0.1015
vn 0.8660 0.0000 -0.5000
vn 0.8496 -0.1935 -0.4905
vn 0.1757 0.9792 -0.1015
vn 0.3374 0.9210 -0.1948
vn 0.8011 -0.3798 -0.4625
vn 0.4860 0.8277 -0.2806
vn 0.7222 -0.5518 -0.4170
vn 0.6159 0.7031 -0.3556
vn 0.6159 -0.7031 -0.3556
vn 0.7222 0.5518 -0.4170
vn 0.4860 -0.8277 -0.2806
vn 0.8011 0.3798 -0.4625
vn 0.3374 -0.9210 -0.1948
vn 0.8496 0.1935 -0.4905
vn 0.6869 -0.7031 -0.1841
vn 0.5420 -0.8277 -0.1452
vn 0.8055 0.5518 -0.2158
vn 0.8935 0.3798 -0.2394
vn 0.3763 -0.9210 -0.1008
vn 0.9477 0.1935 -0.2539
vn 0.1960 -0.9792 -0.0525
vn 0.9659 0.0000 -0.2588
vn 0.1960 0.9792 -0.0525
vn 0.9477 -0.1935 -0.2539
vn 0.3763 0.9210 -0.1008
vn 0.8935 -0.3798 -0.2394
vn 0.5420 0.8277 -0.1452
vn 0.8055 -0.5518 -0.2158
vn 0.6869 0.7031 -0.1841
vn 0.2029 0.9792 -0.0000
vn 0.3896 0.9210 -0.0000
vn 0.9811 -0.1935 0.0000
vn 0.9251 -0.3798 0.0000
vn 0.5612 0.8277 0.0000
vn 0.8340 -0.5518 0.0000
vn 0.7111 0.7031 0.0000
vn 0.7111 -0.7031 0.0000
vn 0.8340 0.5518 0.0000
vn 0.5612 -0.8277 0.0000
vn 0.9251 0.3798 0.0000
vn 0.3896 -0.9210 -0.0000
vn 0.9811 0.1935 0.0000
vn 0.2029 -0.9792 -0.0000
vn 1.0000 -0.0000 0.0000
vn 0.8055 0.5518 0.2158
vn 0.8935 0.3798 0.2394
vn 0.5420 -0.8277 0.1452
vn 0.3763 -0.9210 0.1008
vn 0.9477 0.1935 0.2539
vn 0.1960 -0.9792 0.0525
vn 0.9659 -0.0000 0.2588
vn 0.1960 0.9792 0.0525
vn 0.9477 -0.1935 0.2539
vn 0.3763 0.9210 0.1008
vn 0.8935 -0.3798 0.2394
vn 0.5420 0.8277 0.1452
vn 0.8055 -0.5518 0.2158
vn 0.6869 0.7031 0.1841
vn 0.6869 -0.7031 0.1841
vn 0.8496 -0.1935 0.4905
vn 0.8011 -0.3798 0.4625
vn 0.3374 0.9210 0.1948
vn 0.4860 0.8277 0.2806
vn 0.7222 -0.5518 0.4170
vn 0.6159 0.7031 0.3556
vn 0.6159 -0.7031 0.3556
vn 0.7222 0.5518 0.4170
vn 0.4860 -0.8277 0.2806
vn 0.8011 0.3798 0.4625
vn 0.3374 -0.9210 0.1948
vn 0.8496 0.1935 0.4905
vn 0.1757 -0.9792 0.1015
vn 0.8660 0.0000 0.5000
vn 0.1757 0.9792 0.1015
vn 0.3968 -0.8277 0.3968
vn 0.2755 -0.9210 0.2755
vn 0.6541 0.3798 0.6541
vn 0.6937 0.1935 0.6937
vn 0.1435 -0.9792 0.1435
vn 0.7071 0.0000 0.7071
vn 0.1435 0.9792 0.1435
vn 0.6937 -0.1935 0.6937
vn 0.2755 0.9210 0.2755
vn 0.6541 -0.3798 0.6541
vn 0.3968 0.8277 0.3968
vn 0.5897 -0.5518 0.5897
vn 0.5029 0.7031 0.5029
vn 0.5029 -0.7031 0.5029
vn 0.5897 0.5518 0.5897
vn 0.1948 0.9210 0.3374
vn 0.2806 0.8277 0.4860
vn 0.4625 -0.3798 0.8011
vn 0.4170 -0.5518 0.7222
vn 0.3556 0.7031 0.6159
vn 0.3556 -0.7031 0.6159
vn 0.4170 0.5518 0.7222
vn 0.2806 -0.8277 0.4860
vn 0.4625 0.3798 0.8011
vn 0.1948 -0.9210 0.3374
vn 0.4905 0.1935 0.8496
vn 0.1015 -0.9792 0.1757
vn 0.5000 -0.0000 0.8660
vn 0.1015 0.9792 0.1757
vn 0.4905 -0.1935 0.8496
vn 0.2394 0.3798 0.8935
vn 0.2539 0.1935 0.9477
vn 0.1008 -0.9210 0.3763
vn 0.0525 -0.9792 0.1960
vn 0.2588 -0.0000 0.9659
vn 0.0525 0.9792 0.1960
vn 0.2539 -0.1935 0.9477
vn 0.1008 0.9210 0.3763
vn 0.2394 -0.3798 0.8935
vn 0.1452 0.8277 0.5420
vn 0.2158 -0.5518 0.8055
vn 0.1841 0.7031 0.6869
vn 0.1841 -0.7031 0.6869
vn 0.2158 0.5518 0.8055
vn 0.1452 -0.8277 0.5420
vn -0.0000 -0.3798 0.9251
vn -0.0000 -0.5518 0.8340
vn -0.0000 0.8277 0.5612
vn -0.0000 0.7031 0.7111
vn -0.0000 -0.7031 0.7111
vn -0.0000 0.5518 0.8340
vn -0.0000 -0.8277 0.5612
vn -0.0000 0.3798 0.9251
vn -0.0000 -0.9210 0.3896
vn 0.0000 0.1935 0.9811
vn 0.0000 -0.9792 0.2029
vn -0.0000 -0.0000 1.0000
vn 0.0000 0.9792 0.2029
vn 0.0000 -0.1935 0.9811
vn -0.0000 0.9210 0.3896
vn -0.1008 -0.9210 0.3763
vn -0.0525 -0.9792 0.1960
vn -0.2539 0.1935 0.9477
vn -0.2588 0.0000 0.9659
vn -0.0525 0.9792 0.1960
vn -0.2539 -0.1935 0.9477
vn -0.1008 0.9210 0.3763
vn -0.2394 -0.3798 0.8935
vn -0.1452 0.8277 0.5420
vn -0.2158 -0.5518 0.8055
vn -0.1841 0.7031 0.6869
vn -0.1841 -0.7031 0.6869
vn -0.2158 0.5518 0.8055
vn -0.1452 -0.8277 0.5420
vn -0.2394 0.3798 0.8935
vn -0.4170 -0.5518 0.7222
vn -0.3556 -0.7031 0.6159
vn -0.3556 0.7031 0.6159
vn -0.4170 0.5518 0.7222
vn -0.2806 -0.8277 0.4860
vn -0.4625 0.3798 0.8011
vn -0.1948 -0.9210 0.3374
vn -0.4905 0.1935 0.8496
vn -0.1015 -0.9792 0.1757
vn -0.5000 0.0000 0.8660
vn -0.1015 0.9792 0.1757
vn -0.4905 -0.1935 0.8496
vn -0.1948 0.9210 0.3374
vn -0.4625 -0.3798 0.8011
vn -0.2806 0.8277 0.4860
vn -0.1435 0.9792 0.1435
vn -0.1435 -0.9792 0.1435
vn -0.7071 0.0000 0.7071
vn -0.6937 -0.1935 0.6937
vn -0.2755 0.9210 0.2755
vn -0.6541 -0.3798 0.6541
vn -0.3968 0.8277 0.3968
vn -0.5897 -0.5518 0.5897
vn -0.5029 0.7031 0.5029
vn -0.5029 -0.7031 0.5029
vn -0.5897 0.5518 0.5897
vn -0.3968 -0.8277 0.3968
vn -0.6541 0.3798 0.6541
vn -0.2755 -0.9210 0.2755
vn -0.6937 0.1935 0.6937
vn -0.6159 0.7031 0.3556
vn -0.7222 0.5518 0.4170
vn -0.6159 -0.7031 0.3556
vn -0.4860 -0.8277 0.2806
vn -0.8011 0.3798 0.4625
vn -0.3374 -0.9210 0.1948
vn -0.8496 0.1935 0.4905
vn -0.1757 -0.9792 0.1015
vn -0.8660 0.0000 0.5000
vn -0.1757 0.9792 0.1015
vn -0.8496 -0.1935 0.4905
vn -0.3374 0.9210 0.1948
vn -0.8011 -0.3798 0.4625
vn -0.4860 0.8277 0.2806
vn -0.7222 -0.5518 0.4170
vn -0.9659 0.0000 0.2588
vn -0.9477 -0.1935 0.2539
vn -0.1960 0.9792 0.0525
vn -0.3763 0.9210 0.1008
vn -0.8935 -0.3798 0.2394
vn -0.5420 0.8277 0.1452
vn -0.8055 -0.5518 0.2158
vn -0.6869 0.7031 0.1841
vn -0.6869 -0.7031 0.1841
vn -0.8055 0.5518 0.2158
vn -0.5420 -0.8277 0.1452
vn -0.8935 0.3798 0.2394
vn -0.3763 -0.9210 0.1008
vn -0.9477 0.1935 0.2539
vn -0.1960 -0.9792 0.0525
vn -0.7111 -0.7031 -0.0000
vn -0.5612 -0.8277 -0.0000
vn -0.8340 0.5518 -0.0000
vn -0.9251 0.3798 -0.0000
vn -0.3896 -0.9210 -0.0000
vn -0.9811 0.1935 0.0000
vn -0.2029 -0.9792 0.0000
vn -1.0000 -0.0000 -0.0000
vn -0.2029 0.9792 -0.0000
vn -0.9811 -0.1935 0.0000
vn -0.3896 0.9210 -0.0000
vn -0.9251 -0.3798 -0.0000
vn -0.5612 0.8277 -0.0000
vn -0.8340 -0.5518 -0.0000
vn -0.7111 0.7031 -0.0000
vn -0.1960 0.9792 -0.0525
vn -0.3763 0.9210 -0.1008
vn -0.9477 -0.1935 -0.2539
vn -0.8935 -0.3798 -0.2394
vn -0.5420 0.8277 -0.1452
vn -0.8055 -0.5518 -0.2158
vn -0.6869 0.7031 -0.1841
vn -0.6869 -0.7031 -0.1841
vn -0.8055 0.5518 -0.2158
vn -0.5420 -0.8277 -0.1452
vn -0.8935 0.3798 -0.2394
vn -0.3763 -0.9210 -0.1008
vn -0.9477 0.1935 -0.2539
vn -0.1960 -0.9792 -0.0525
vn -0.9659 -0.0000 -0.2588
vn -0.7222 0.5518 -0.4170
vn -0.8011 0.3798 -0.4625
vn -0.4860 -0.8277 -0.2806
vn -0.3374 -0.9210 -0.1948
vn -0.8496 0.1935 -0.4905
vn -0.1757 -0.9792 -0.1015
vn -0.8660 0.0000 -0.5000
vn -0.1757 0.9792 -0.1015
vn -0.8496 -0.1935 -0.4905
vn -0.3374 0.9210 -0.1948
vn -0.8011 -0.3798 -0.4625
vn -0.4860 0.8277 -0.2806
vn -0.7222 -0.5518 -0.4170
vn -0.6159 0.7031 -0.3556
vn -0.6159 -0.7031 -0.3556
vn -0.6937 -0.1935 -0.6937
vn -0.6541 -0.3798 -0.6541
vn -0.2755 0.9210 -0.2755
vn -0.3968 0.8277 -0.3968
vn -0.5897 -0.5518 -0.5897
vn -0.5029 0.7031 -0.5029
vn -0.5029 -0.7031 -0.5029
vn -0.5897 0.5518 -0.5897
vn -0.3968 -0.8277 -0.3968
vn -0.6541 0.3798 -0.6541
vn -0.2755 -0.9210 -0.2755
vn -0.6937 0.1935 -0.6937
vn -0.1435 -0.9792 -0.1435
vn -0.7071 0.0000 -0.7071
vn -0.1435 0.9792 -0.1435
vn -0.2806 -0.8277 -0.4860
vn -0.1948 -0.9210 -0.3374
vn -0.4625 0.3798 -0.8011
vn -0.4905 0.1935 -0.8496
vn -0.1015 -0.9792 -0.1757
vn -0.5000 -0.0000 -0.8660
vn -0.1015 0.9792 -0.1757
vn -0.4905 -0.1935 -0.8496
vn -0.1948 0.9210 -0.3374
vn -0.4625 -0.3798 -0.8011
vn -0.2806 0.8277 -0.4860
vn -0.4170 -0.5518 -0.7222
vn -0.3556 0.7031 -0.6159
vn -0.3556 -0.7031 -0.6159
vn -0.4170 0.5518 -0.7222
vn -0.2394 -0.3798 -0.8935
vn -0.2158 -0.5518 -0.8055
vn -0.1452 0.8277 -0.5420
vn -0.1841 0.7031 -0.6869
vn -0.1841 -0.7031 -0.6869
vn -0.2158 0.5518 -0.8055
vn -0.1452 -0.8277 -0.5420
vn -0.2394 0.3798 -0.8935
vn -0.1008 -0.9210 -0.3763
vn -0.2539 0.1935 -0.9477
vn -0.0525 -0.9792 -0.1960
vn -0.2588 -0.0000 -0.9659
vn -0.0525 0.9792 -0.1960
vn -0.2539 -0.1935 -0.9477
vn -0.1008 0.9210 -0.3763
vn -0.0000 -0.9618 -0.2739
vn -0.0000 -0.8590 -0.5120
vn 0.1959 -0.8590 -0.4730
vn 0.1048 -0.9618 -0.2531
vn -0.0000 0.9618 -0.2739
vn 0.1048 0.9618 -0.2531
vn -0.0000 -0.4931 -0.8700
vn 0.0000 -0.2549 -0.9670
vn 0.3700 -0.2549 -0.8934
vn 0.3329 -0.4931 -0.8038
vn 0.0000 0.2549 -0.9670
vn 0.0000 0.4931 -0.8700
vn 0.3329 0.4931 -0.8038
vn 0.3700 0.2549 -0.8934
vn -0.0000 0.8590 -0.5120
vn 0.1959 0.8590 -0.4730
vn 0.0000 -0.6991 -0.7151
vn 0.2736 -0.6991 -0.6606
vn 0.3827 0.0000 -0.9239
vn 0.0000 0.6991 -0.7151
vn 0.2736 0.6991 -0.6606
vn 0.6838 0.2549 -0.6838
vn 0.3621 0.8590 -0.3621
vn 0.5056 0.6991 -0.5056
vn 0.5056 -0.6991 -0.5056
vn 0.3621 -0.8590 -0.3621
vn 0.6838 -0.2549 -0.6838
vn 0.6152 0.4931 -0.6152
vn 0.1937 -0.9618 -0.1937
vn 0.1937 0.9618 -0.1937
vn 0.6152 -0.4931 -0.6152
vn 0.8934 -0.2549 -0.3700
vn 0.8038 -0.4931 -0.3329
vn 0.8038 0.4931 -0.3329
vn 0.8934 0.2549 -0.3700
vn 0.2531 -0.9618 -0.1048
vn 0.2531 0.9618 -0.1048
vn 0.4730 0.8590 -0.1959
vn 0.6606 -0.6991 -0.2736
vn 0.9239 -0.0000 -0.3827
vn 0.6606 0.6991 -0.2736
vn 0.4730 -0.8590 -0.1959
vn 0.9670 -0.2549 0.0000
vn 0.7151 0.6991 0.0000
vn 0.8700 0.4931 0.0000
vn 0.5120 -0.8590 0.0000
vn 0.2739 -0.9618 0.0000
vn 0.2739 0.9618 0.0000
vn 0.8700 -0.4931 0.0000
vn 0.9670 0.2549 0.0000
vn 0.5120 0.8590 -0.0000
vn 0.7151 -0.6991 0.0000
vn 0.8038 -0.4931 0.3329
vn 0.6606 -0.6991 0.2736
vn 0.8934 0.2549 0.3700
vn 0.9239 -0.0000 0.3827
vn 0.4730 0.8590 0.1959
vn 0.6606 0.6991 0.2736
vn 0.4730 -0.8590 0.1959
vn 0.8934 -0.2549 0.3700
vn 0.8038 0.4931 0.3329
vn 0.2531 -0.9618 0.1048
vn 0.2531 0.9618 0.1048
vn 0.1937 0.9618 0.1937
vn 0.6838 -0.2549 0.6838
vn 0.6152 -0.4931 0.6152
vn 0.6152 0.4931 0.6152
vn 0.6838 0.2549 0.6838
vn 0.1937 -0.9618 0.1937
vn 0.3621 0.8590 0.3621
vn 0.5056 -0.6991 0.5056
vn 0.5056 0.6991 0.5056
vn 0.3621 -0.8590 0.3621
vn 0.2736 -0.6991 0.6606
vn 0.1959 -0.8590 0.4730
vn 0.3827 -0.0000 0.9239
vn 0.3700 -0.2549 0.8934
vn 0.2736 0.6991 0.6606
vn 0.3329 0.4931 0.8038
vn 0.1048 -0.9618 0.2531
vn 0.1048 0.9618 0.2531
vn 0.3329 -0.4931 0.8038
vn 0.3700 0.2549 0.8934
vn 0.1959 0.8590 0.4730
vn -0.0000 0.9618 0.2739
vn -0.0000 0.8590 0.5120
vn -0.0000 -0.4931 0.8700
vn -0.0000 -0.6991 0.7151
vn -0.0000 0.2549 0.9670
vn -0.0000 0.6991 0.7151
vn -0.0000 -0.8590 0.5120
vn -0.0000 -0.2549 0.9670
vn -0.0000 0.4931 0.8700
vn -0.0000 -0.9618 0.2739
vn -0.1959 -0.8590 0.4730
vn -0.1048 -0.9618 0.2531
vn -0.1048 0.9618 0.2531
vn -0.3700 -0.2549 0.8934
vn -0.3329 -0.4931 0.8038
vn -0.3329 0.4931 0.8038
vn -0.3700 0.2549 0.8934
vn -0.1959 0.8590 0.4730
vn -0.2736 -0.6991 0.6606
vn -0.3827 0.0000 0.9239
vn -0.2736 0.6991 0.6606
vn -0.3621 0.8590 0.3621
vn -0.5056 0.6991 0.5056
vn -0.5056 -0.6991 0.5056
vn -0.3621 -0.8590 0.3621
vn -0.6838 -0.2549 0.6838
vn -0.6152 0.4931 0.6152
vn -0.1937 -0.9618 0.1937
vn -0.1937 0.9618 0.1937
vn -0.6152 -0.4931 0.6152
vn -0.6838 0.2549 0.6838
vn -0.2531 -0.9618 0.1048
vn -0.2531 0.9618 0.1048
vn -0.4730 0.8590 0.1959
vn -0.8038 -0.4931 0.3329
vn -0.6606 -0.6991 0.2736
vn -0.8934 0.2549 0.3700
vn -0.9239 -0.0000 0.3827
vn -0.6606 0.6991 0.2736
vn -0.4730 -0.8590 0.1959
vn -0.8934 -0.2549 0.3700
vn -0.8038 0.4931 0.3329
vn -0.7151 0.6991 -0.0000
vn -0.8700 0.4931 -0.0000
vn -0.5120 -0.8590 -0.0000
vn -0.2739 -0.9618 -0.0000
vn -0.2739 0.9618 -0.0000
vn -0.9670 -0.2549 -0.0000
vn -0.8700 -0.4931 -0.0000
vn -0.9670 0.2549 -0.0000
vn -0.5120 0.8590 0.0000
vn -0.7151 -0.6991 -0.0000
vn -0.4730 0.8590 -0.1959
vn -0.6606 0.6991 -0.2736
vn -0.6606 -0.6991 -0.2736
vn -0.4730 -0.8590 -0.1959
vn -0.9239 -0.0000 -0.3827
vn -0.8934 -0.2549 -0.3700
vn -0.8038 0.4931 -0.3329
vn -0.2531 -0.9618 -0.1048
vn -0.2531 0.9618 -0.1048
vn -0.8038 -0.4931 -0.3329
vn -0.8934 0.2549 -0.3700
vn -0.6152 0.4931 -0.6152
vn -0.6838 0.2549 -0.6838
vn -0.1937 -0.9618 -0.1937
vn -0.1937 0.9618 -0.1937
vn -0.3621 0.8590 -0.3621
vn -0.6152 -0.4931 -0.6152
vn -0.5056 -0.6991 -0.5056
vn -0.5056 0.6991 -0.5056
vn -0.3621 -0.8590 -0.3621
vn -0.6838 -0.2549 -0.6838
vn -0.2736 0.6991 -0.6606
vn -0.3329 0.4931 -0.8038
vn -0.1959 -0.8590 -0.4730
vn -0.1048 -0.9618 -0.2531
vn -0.1048 0.9618 -0.2531
vn -0.3700 -0.2549 -0.8934
vn -0.3329 -0.4931 -0.8038
vn -0.3700 0.2549 -0.8934
vn -0.1959 0.8590 -0.4730
vn -0.2736 -0.6991 -0.6606
vn -0.3827 -0.0000 -0.9239
vn -0.0000 0.6913 -0.7226
vn -0.0000 0.9122 -0.4097
vn 0.2049 0.9122 -0.3548
vn 0.3613 0.6913 -0.6258
vn -0.0000 -0.9122 -0.4097
vn 0.0000 -0.6913 -0.7226
vn 0.3613 -0.6913 -0.6258
vn 0.2049 -0.9122 -0.3548
vn 0.0000 -0.3718 -0.9283
vn 0.4642 -0.3718 -0.8040
vn -0.0000 0.3718 -0.9283
vn 0.4642 0.3718 -0.8040
vn 0.8040 -0.3718 -0.4642
vn 0.6258 0.6913 -0.3613
vn 0.8040 0.3718 -0.4642
vn 0.3548 0.9122 -0.2049
vn 0.3548 -0.9122 -0.2048
vn 0.6258 -0.6913 -0.3613
vn 0.4097 -0.9122 0.0000
vn 0.9283 -0.3718 -0.0000
vn 0.7226 -0.6913 0.0000
vn 0.9283 0.3718 0.0000
vn 0.4097 0.9122 0.0000
vn 0.7226 0.6913 0.0000
vn 0.8040 0.3718 0.4642
vn 0.3548 0.9122 0.2049
vn 0.6258 0.6913 0.3613
vn 0.6258 -0.6913 0.3613
vn 0.3548 -0.9122 0.2049
vn 0.8040 -0.3718 0.4642
vn 0.3613 -0.6913 0.6258
vn 0.2049 -0.9122 0.3548
vn 0.4642 -0.3718 0.8040
vn 0.3613 0.6913 0.6258
vn 0.4642 0.3718 0.8040
vn 0.2049 0.9122 0.3548
vn 0.0000 0.6913 0.7226
vn 0.0000 0.3718 0.9283
vn 0.0000 0.9122 0.4097
vn 0.0000 -0.9122 0.4097
vn 0.0000 -0.3718 0.9283
vn 0.0000 -0.6913 0.7226
vn -0.2049 -0.9122 0.3548
vn -0.4642 -0.3718 0.8040
vn -0.3613 -0.6913 0.6258
vn -0.4642 0.3718 0.8040
vn -0.2049 0.9122 0.3548
vn -0.3613 0.6913 0.6258
vn -0.3548 0.9122 0.2049
vn -0.6258 0.6913 0.3613
vn -0.6258 -0.6913 0.3613
vn -0.3548 -0.9122 0.2048
vn -0.8040 -0.3718 0.4642
vn -0.8040 0.3718 0.4642
vn -0.7226 -0.6913 -0.0000
vn -0.4097 -0.9122 -0.0000
vn -0.9283 -0.3718 -0.0000
vn -0.7226 0.6913 -0.0000
vn -0.9283 0.3718 -0.0000
vn -0.4097 0.9122 -0.0000
vn -0.3548 0.9122 -0.2049
vn -0.3548 -0.9122 -0.2049
vn -0.8040 -0.3718 -0.4642
vn -0.6258 -0.6913 -0.3613
vn -0.8040 0.3718 -0.4642
vn -0.6258 0.6913 -0.3613
vn -0.4642 -0.3718 -0.8040
vn -0.3613 -0.6913 -0.6258
vn -0.4642 0.3718 -0.8040
vn -0.2049 0.9122 -0.3548
vn -0.3613 0.6913 -0.6258
vn -0.2049 -0.9122 -0.3548
vn 0.2048 -0.9122 -0.3548
vn 0.2048 0.9122 -0.3548
vn 0.0000 0.1801 -0.9836
vn 0.1879 0.2104 -0.9594
vn 0.1929 -0.0000 -0.9812
vn 0.0000 0.4092 -0.9124
vn -0.0000 0.7464 -0.6655
vn 0.1042 0.7808 -0.6161
vn 0.1665 0.4633 -0.8704
vn -0.0000 -0.7464 -0.6655
vn 0.0000 -0.4092 -0.9124
vn 0.1665 -0.4633 -0.8704
vn 0.1042 -0.7808 -0.6161
vn 0.0000 -0.1801 -0.9836
vn 0.1879 -0.2104 -0.9594
vn 0.3975 -0.6320 -0.6653
vn 0.2246 -0.8653 -0.4482
vn 0.5618 0.0000 -0.8273
vn 0.5172 -0.3370 -0.7868
vn 0.3975 0.6320 -0.6653
vn 0.5172 0.3370 -0.7868
vn 0.2246 0.8653 -0.4482
vn 0.3442 0.9389 0.0000
vn 0.3442 -0.9389 0.0000
vn 0.8897 -0.4566 0.0000
vn 0.6329 -0.7742 0.0000
vn 0.8897 0.4566 0.0000
vn 0.6329 0.7742 0.0000
vn 0.5171 -0.3370 0.7868
vn 0.3975 -0.6320 0.6653
vn 0.5171 0.3370 0.7868
vn 0.5618 -0.0000 0.8273
vn 0.2246 0.8653 0.4482
vn 0.3975 0.6320 0.6653
vn 0.2246 -0.8653 0.4482
vn 0.1665 -0.4633 0.8704
vn 0.1042 -0.7808 0.6161
vn 0.1929 0.0000 0.9812
vn 0.1879 -0.2104 0.9594
vn 0.1665 0.4633 0.8704
vn 0.1879 0.2104 0.9594
vn 0.1042 0.7808 0.6161
vn -0.0000 -0.1801 0.9836
vn -0.0000 0.4092 0.9124
vn -0.0000 0.1801 0.9836
vn 0.0000 0.7464 0.6655
vn 0.0000 -0.7464 0.6655
vn 0.0000 -0.4092 0.9124
vn -0.1042 -0.7808 0.6161
vn -0.1879 -0.2104 0.9594
vn -0.1665 -0.4633 0.8704
vn -0.1879 0.2104 0.9594
vn -0.1929 -0.0000 0.9812
vn -0.1042 0.7808 0.6161
vn -0.1665 0.4633 0.8704
vn -0.5171 0.3370 0.7868
vn -0.5618 -0.0000 0.8273
vn -0.2246 0.8653 0.4482
vn -0.3975 0.6320 0.6653
vn -0.3975 -0.6320 0.6653
vn -0.2246 -0.8653 0.4482
vn -0.5171 -0.3370 0.7868
vn -0.6329 -0.7742 0.0000
vn -0.3442 -0.9389 0.0000
vn -0.8897 -0.4566 0.0000
vn -0.6329 0.7742 0.0000
vn -0.8897 0.4566 0.0000
vn -0.3442 0.9389 0.0000
vn -0.3975 0.6320 -0.6653
vn -0.5171 0.3370 -0.7868
vn -0.2246 0.8653 -0.4482
vn -0.2246 -0.8653 -0.4482
vn -0.5171 -0.3370 -0.7868
vn -0.3975 -0.6320 -0.6653
vn -0.5618 -0.0000 -0.8273
vn -0.1042 -0.7808 -0.6161
vn -0.1879 -0.2104 -0.9594
vn -0.1665 -0.4633 -0.8704
vn -0.1879 0.2104 -0.9594
vn -0.1929 0.0000 -0.9812
vn -0.1042 0.7808 -0.6161
vn -0.1665 0.4633 -0.8704
vn 0.5171 -0.3370 -0.7868
vn 0.5171 0.3370 -0.7868
usemtl M_Cyan
s 1
f 352/1/1 351/2/2 4/3/3 5/4/4
f 358/5/5 357/6/6 12/7/7 13/8/8
f 353/9/9 352/1/1 5/4/4 6/10/10
f 3/11/11 358/5/5 13/8/8 14/12/12
f 354/13/13 353/9/9 6/10/10 7/14/14
f 359/15/15 3/11/11 14/12/12 15/16/16
f 1/17/17 354/13/13 7/14/14 8/18/18
f 360/19/19 359/15/15 15/16/16 16/20/20
f 2/21/21 1/17/17 8/18/18 9/22/22
f 361/23/23 360/19/19 16/20/20 17/24/24
f 355/25/25 2/21/21 9/22/22 10/26/26
f 362/27/27 361/23/23 17/24/24 18/28/28
f 356/29/29 355/25/25 10/26/26 11/30/30
f 351/2/2 199/31/31 4/3/3
f 215/32/32 362/27/27 18/28/28
f 357/6/6 356/29/29 11/30/30 12/7/7
f 11/30/30 10/26/26 25/33/33 26/34/34
f 4/3/3 199/35/31 19/36/35
f 215/37/32 18/28/28 33/38/36
f 12/7/7 11/30/30 26/34/34 27/39/37
f 5/4/4 4/3/3 19/36/35 20/40/38
f 13/8/8 12/7/7 27/39/37 28/41/39
f 6/10/10 5/4/4 20/40/38 21/42/40
f 14/12/12 13/8/8 28/41/39 29/43/41
f 7/14/14 6/10/10 21/42/40 22/44/42
f 15/16/16 14/12/12 29/43/41 30/45/43
f 8/18/18 7/14/14 22/44/42 23/46/44
f 16/20/20 15/16/16 30/45/43 31/47/45
f 9/22/22 8/18/18 23/46/44 24/48/46
f 17/24/24 16/20/20 31/47/45 32/49/47
f 10/26/26 9/22/22 24/48/46 25/33/33
f 18/28/28 17/24/24 32/49/47 33/38/36
f 30/45/43 29/43/41 44/50/48 45/51/49
f 23/46/44 22/44/42 37/52/50 38/53/51
f 31/47/45 30/45/43 45/51/49 46/54/52
f 24/48/46 23/46/44 38/53/51 39/55/53
f 32/49/47 31/47/45 46/54/52 47/56/54
f 25/33/33 24/48/46 39/55/53 40/57/55
f 33/38/36 32/49/47 47/56/54 48/58/56
f 26/34/34 25/33/33 40/57/55 41/59/57
f 19/36/35 199/60/31 34/61/58
f 215/62/32 33/38/36 48/58/56
f 27/39/37 26/34/34 41/59/57 42/63/59
f 20/40/38 19/36/35 34/61/58 35/64/60
f 28/41/39 27/39/37 42/63/59 43/65/61
f 21/42/40 20/40/38 35/64/60 36/66/62
f 29/43/41 28/41/39 43/65/61 44/50/48
f 22/44/42 21/42/40 36/66/62 37/52/50
f 215/67/32 48/58/56 63/68/63
f 42/63/59 41/59/57 56/69/64 57/70/65
f 35/64/60 34/61/58 49/71/66 50/72/67
f 43/65/61 42/63/59 57/70/65 58/73/68
f 36/66/62 35/64/60 50/72/67 51/74/69
f 44/50/48 43/65/61 58/73/68 59/75/70
f 37/52/50 36/66/62 51/74/69 52/76/71
f 45/51/49 44/50/48 59/75/70 60/77/72
f 38/53/51 37/52/50 52/76/71 53/78/73
f 46/54/52 45/51/49 60/77/72 61/79/74
f 39/55/53 38/53/51 53/78/73 54/80/75
f 47/56/54 46/54/52 61/79/74 62/81/76
f 40/57/55 39/55/53 54/80/75 55/82/77
f 48/58/56 47/56/54 62/81/76 63/68/63
f 41/59/57 40/57/55 55/82/77 56/69/64
f 34/61/58 199/83/31 49/71/66
f 61/79/74 60/77/72 75/84/78 76/85/79
f 54/80/75 53/78/73 68/86/80 69/87/81
f 62/81/76 61/79/74 76/85/79 77/88/82
f 55/82/77 54/80/75 69/87/81 70/89/83
f 63/68/63 62/81/76 77/88/82 78/90/84
f 56/69/64 55/82/77 70/89/83 71/91/85
f 49/71/66 199/92/31 64/93/86
f 215/94/32 63/68/63 78/90/84
f 57/70/65 56/69/64 71/91/85 72/95/87
f 50/72/67 49/71/66 64/93/86 65/96/88
f 58/73/68 57/70/65 72/95/87 73/97/89
f 51/74/69 50/72/67 65/96/88 66/98/90
f 59/75/70 58/73/68 73/97/89 74/99/91
f 52/76/71 51/74/69 66/98/90 67/100/92
f 60/77/72 59/75/70 74/99/91 75/84/78
f 53/78/73 52/76/71 67/100/92 68/86/80
f 65/96/88 64/93/86 79/101/93 80/102/94
f 73/97/89 72/95/87 87/103/95 88/104/96
f 66/98/90 65/96/88 80/102/94 81/105/97
f 74/99/91 73/97/89 88/104/96 89/106/98
f 67/100/92 66/98/90 81/105/97 82/107/99
f 75/84/78 74/99/91 89/106/98 90/108/100
f 68/86/80 67/100/92 82/107/99 83/109/101
f 76/85/79 75/84/78 90/108/100 91/110/102
f 69/87/81 68/86/80 83/109/101 84/111/103
f 77/88/82 76/85/79 91/110/102 92/112/104
f 70/89/83 69/87/81 84/111/103 85/113/105
f 78/90/84 77/88/82 92/112/104 93/114/106
f 71/91/85 70/89/83 85/113/105 86/115/107
f 64/93/86 199/116/31 79/101/93
f 215/117/32 78/90/84 93/114/106
f 72/95/87 71/91/85 86/115/107 87/103/95
f 84/111/103 83/109/101 98/118/108 99/119/109
f 92/112/104 91/110/102 106/120/110 107/121/111
f 85/113/105 84/111/103 99/119/109 100/122/112
f 93/114/106 92/112/104 107/121/111 108/123/113
f 86/115/107 85/113/105 100/122/112 101/124/114
f 79/101/93 199/125/31 94/126/115
f 215/127/32 93/114/106 108/123/113
f 87/103/95 86/115/107 101/124/114 102/128/116
f 80/102/94 79/101/93 94/126/115 95/129/117
f 88/104/96 87/103/95 102/128/116 103/130/118
f 81/105/97 80/102/94 95/129/117 96/131/119
f 89/106/98 88/104/96 103/130/118 104/132/120
f 82/107/99 81/105/97 96/131/119 97/133/121
f 90/108/100 89/106/98 104/132/120 105/134/122
f 83/109/101 82/107/99 97/133/121 98/118/108
f 91/110/102 90/108/100 105/134/122 106/120/110
f 103/130/118 102/128/116 117/135/123 118/136/124
f 96/131/119 95/129/117 110/137/125 111/138/126
f 104/132/120 103/130/118 118/136/124 119/139/127
f 97/133/121 96/131/119 111/138/126 112/140/128
f 105/134/122 104/132/120 119/139/127 120/141/129
f 98/118/108 97/133/121 112/140/128 113/142/130
f 106/120/110 105/134/122 120/141/129 121/143/131
f 99/119/109 98/118/108 113/142/130 114/144/132
f 107/121/111 106/120/110 121/143/131 122/145/133
f 100/122/112 99/119/109 114/144/132 115/146/134
f 108/123/113 107/121/111 122/145/133 123/147/135
f 101/124/114 100/122/112 115/146/134 116/148/136
f 94/126/115 199/149/31 109/150/137
f 215/151/32 108/123/113 123/147/135
f 102/128/116 101/124/114 116/148/136 117/135/123
f 95/129/117 94/126/115 109/150/137 110/137/125
f 122/145/133 121/143/131 136/152/138 137/153/139
f 115/146/134 114/144/132 129/154/140 130/155/141
f 123/147/135 122/145/133 137/153/139 138/156/142
f 116/148/136 115/146/134 130/155/141 131/157/143
f 109/150/137 199/158/31 124/159/144
f 215/160/32 123/147/135 138/156/142
f 117/135/123 116/148/136 131/157/143 132/161/145
f 110/137/125 109/150/137 124/159/144 125/162/146
f 118/136/124 117/135/123 132/161/145 133/163/147
f 111/138/126 110/137/125 125/162/146 126/164/148
f 119/139/127 118/136/124 133/163/147 134/165/149
f 112/140/128 111/138/126 126/164/148 127/166/150
f 120/141/129 119/139/127 134/165/149 135/167/151
f 113/142/130 112/140/128 127/166/150 128/168/152
f 121/143/131 120/141/129 135/167/151 136/152/138
f 114/144/132 113/142/130 128/168/152 129/154/140
f 126/164/148 125/162/146 140/169/153 141/170/154
f 134/165/149 133/163/147 148/171/155 149/172/156
f 127/166/150 126/164/148 141/170/154 142/173/157
f 135/167/151 134/165/149 149/172/156 150/174/158
f 128/168/152 127/166/150 142/173/157 143/175/159
f 136/152/138 135/167/151 150/174/158 151/176/160
f 129/154/140 128/168/152 143/175/159 144/177/161
f 137/153/139 136/152/138 151/176/160 152/178/162
f 130/155/141 129/154/140 144/177/161 145/179/163
f 138/156/142 137/153/139 152/178/162 153/180/164
f 131/157/143 130/155/141 145/179/163 146/181/165
f 124/159/144 199/182/31 139/183/166
f 215/184/32 138/156/142 153/180/164
f 132/161/145 131/157/143 146/181/165 147/185/167
f 125/162/146 124/159/144 139/183/166 140/169/153
f 133/163/147 132/161/145 147/185/167 148/171/155
f 145/179/163 144/177/161 159/186/168 160/187/169
f 153/180/164 152/178/162 167/188/170 168/189/171
f 146/181/165 145/179/163 160/187/169 161/190/172
f 139/183/166 199/191/31 154/192/173
f 215/193/32 153/180/164 168/189/171
f 147/185/167 146/181/165 161/190/172 162/194/174
f 140/169/153 139/183/166 154/192/173 155/195/175
f 148/171/155 147/185/167 162/194/174 163/196/176
f 141/170/154 140/169/153 155/195/175 156/197/177
f 149/172/156 148/171/155 163/196/176 164/198/178
f 142/173/157 141/170/154 156/197/177 157/199/179
f 150/174/158 149/172/156 164/198/178 165/200/180
f 143/175/159 142/173/157 157/199/179 158/201/181
f 151/176/160 150/174/158 165/200/180 166/202/182
f 144/177/161 143/175/159 158/201/181 159/186/168
f 152/178/162 151/176/160 166/202/182 167/188/170
f 164/198/178 163/196/176 178/203/183 179/204/184
f 157/199/179 156/197/177 171/205/185 172/206/186
f 165/200/180 164/198/178 179/204/184 180/207/187
f 158/201/181 157/199/179 172/206/186 173/208/188
f 166/202/182 165/200/180 180/207/187 181/209/189
f 159/186/168 158/201/181 173/208/188 174/210/190
f 167/188/170 166/202/182 181/209/189 182/211/191
f 160/187/169 159/186/168 174/210/190 175/212/192
f 168/189/171 167/188/170 182/211/191 183/213/193
f 161/190/172 160/187/169 175/212/192 176/214/194
f 154/192/173 199/215/31 169/216/195
f 215/217/32 168/189/171 183/213/193
f 162/194/174 161/190/172 176/214/194 177/218/196
f 155/195/175 154/192/173 169/216/195 170/219/197
f 163/196/176 162/194/174 177/218/196 178/203/183
f 156/197/177 155/195/175 170/219/197 171/205/185
f 183/213/193 182/211/191 197/220/198 198/221/199
f 176/214/194 175/212/192 190/222/200 191/223/201
f 169/216/195 199/224/31 184/225/202
f 215/226/32 183/213/193 198/221/199
f 177/218/196 176/214/194 191/223/201 192/227/203
f 170/219/197 169/216/195 184/225/202 185/228/204
f 178/203/183 177/218/196 192/227/203 193/229/205
f 171/205/185 170/219/197 185/228/204 186/230/206
f 179/204/184 178/203/183 193/229/205 194/231/207
f 172/206/186 171/205/185 186/230/206 187/232/208
f 180/207/187 179/204/184 194/231/207 195/233/209
f 173/208/188 172/206/186 187/232/208 188/234/210
f 181/209/189 180/207/187 195/233/209 196/235/211
f 174/210/190 173/208/188 188/234/210 189/236/212
f 182/211/191 181/209/189 196/235/211 197/220/198
f 175/212/192 174/210/190 189/236/212 190/222/200
f 195/233/209 194/231/207 210/237/213 211/238/214
f 188/234/210 187/232/208 203/239/215 204/240/216
f 196/235/211 195/233/209 211/238/214 212/241/217
f 189/236/212 188/234/210 204/240/216 205/242/218
f 197/220/198 196/235/211 212/241/217 213/243/219
f 190/222/200 189/236/212 205/242/218 206/244/220
f 198/221/199 197/220/198 213/243/219 214/245/221
f 191/223/201 190/222/200 206/244/220 207/246/222
f 184/225/202 199/247/31 200/248/223
f 215/249/32 198/221/199 214/245/221
f 192/227/203 191/223/201 207/246/222 208/250/224
f 185/228/204 184/225/202 200/248/223 201/251/225
f 193/229/205 192/227/203 208/250/224 209/252/226
f 186/230/206 185/228/204 201/251/225 202/253/227
f 194/231/207 193/229/205 209/252/226 210/237/213
f 187/232/208 186/230/206 202/253/227 203/239/215
f 200/248/223 199/254/31 216/255/228
f 215/256/32 214/245/221 230/257/229
f 208/250/224 207/246/222 223/258/230 224/259/231
f 201/251/225 200/248/223 216/255/228 217/260/232
f 209/252/226 208/250/224 224/259/231 225/261/233
f 202/253/227 201/251/225 217/260/232 218/262/234
f 210/237/213 209/252/226 225/261/233 226/263/235
f 203/239/215 202/253/227 218/262/234 219/264/236
f 211/238/214 210/237/213 226/263/235 227/265/237
f 204/240/216 203/239/215 219/264/236 220/266/238
f 212/241/217 211/238/214 227/265/237 228/267/239
f 205/242/218 204/240/216 220/266/238 221/268/240
f 213/243/219 212/241/217 228/267/239 229/269/241
f 206/244/220 205/242/218 221/268/240 222/270/242
f 214/245/221 213/243/219 229/269/241 230/257/229
f 207/246/222 206/244/220 222/270/242 223/258/230
f 220/266/238 219/264/236 234/271/243 235/272/244
f 228/267/239 227/265/237 242/273/245 243/274/246
f 221/268/240 220/266/238 235/272/244 236/275/247
f 229/269/241 228/267/239 243/274/246 244/276/248
f 222/270/242 221/268/240 236/275/247 237/277/249
f 230/257/229 229/269/241 244/276/248 245/278/250
f 223/258/230 222/270/242 237/277/249 238/279/251
f 216/255/228 199/280/31 231/281/252
f 215/282/32 230/257/229 245/278/250
f 224/259/231 223/258/230 238/279/251 239/283/253
f 217/260/232 216/255/228 231/281/252 232/284/254
f 225/261/233 224/259/231 239/283/253 240/285/255
f 218/262/234 217/260/232 232/284/254 233/286/256
f 226/263/235 225/261/233 240/285/255 241/287/257
f 219/264/236 218/262/234 233/286/256 234/271/243
f 227/265/237 226/263/235 241/287/257 242/273/245
f 239/283/253 238/279/251 253/288/258 254/289/259
f 232/284/254 231/281/252 246/290/260 247/291/261
f 240/285/255 239/283/253 254/289/259 255/292/262
f 233/286/256 232/284/254 247/291/261 248/293/263
f 241/287/257 240/285/255 255/292/262 256/294/264
f 234/271/243 233/286/256 248/293/263 249/295/265
f 242/273/245 241/287/257 256/294/264 257/296/266
f 235/272/244 234/271/243 249/295/265 250/297/267
f 243/274/246 242/273/245 257/296/266 258/298/268
f 236/275/247 235/272/244 250/297/267 251/299/269
f 244/276/248 243/274/246 258/298/268 259/300/270
f 237/277/249 236/275/247 251/299/269 252/301/271
f 245/278/250 244/276/248 259/300/270 260/302/272
f 238/279/251 237/277/249 252/301/271 253/288/258
f 231/281/252 199/303/31 246/290/260
f 215/304/32 245/278/250 260/302/272
f 258/298/268 257/296/266 272/305/273 273/306/274
f 251/299/269 250/297/267 265/307/275 266/308/276
f 259/300/270 258/298/268 273/306/274 274/309/277
f 252/301/271 251/299/269 266/308/276 267/310/278
f 260/302/272 259/300/270 274/309/277 275/311/279
f 253/288/258 252/301/271 267/310/278 268/312/280
f 246/290/260 199/313/31 261/314/281
f 215/315/32 260/302/272 275/311/279
f 254/289/259 253/288/258 268/312/280 269/316/282
f 247/291/261 246/290/260 261/314/281 262/317/283
f 255/292/262 254/289/259 269/316/282 270/318/284
f 248/293/263 247/291/261 262/317/283 263/319/285
f 256/294/264 255/292/262 270/318/284 271/320/286
f 249/295/265 248/293/263 263/319/285 264/321/287
f 257/296/266 256/294/264 271/320/286 272/305/273
f 250/297/267 249/295/265 264/321/287 265/307/275
f 262/322/283 261/323/281 276/324/288 277/325/289
f 270/326/284 269/327/282 284/328/290 285/329/291
f 263/330/285 262/322/283 277/325/289 278/331/292
f 271/332/286 270/326/284 285/329/291 286/333/293
f 264/334/287 263/330/285 278/331/292 279/335/294
f 272/336/273 271/332/286 286/333/293 287/337/295
f 265/338/275 264/334/287 279/335/294 280/339/296
f 273/340/274 272/336/273 287/337/295 288/341/297
f 266/342/276 265/338/275 280/339/296 281/343/298
f 274/344/277 273/340/274 288/341/297 289/345/299
f 267/346/278 266/342/276 281/343/298 282/347/300
f 275/348/279 274/344/277 289/345/299 290/349/301
f 268/350/280 267/346/278 282/347/300 283/351/302
f 261/323/281 199/352/31 276/324/288
f 215/353/32 275/348/279 290/349/301
f 269/327/282 268/350/280 283/351/302 284/328/290
f 281/343/298 280/339/296 295/354/303 296/355/304
f 289/345/299 288/341/297 303/356/305 304/357/306
f 282/347/300 281/343/298 296/355/304 297/358/307
f 290/349/301 289/345/299 304/357/306 305/359/308
f 283/351/302 282/347/300 297/358/307 298/360/309
f 276/324/288 199/361/31 291/362/310
f 215/363/32 290/349/301 305/359/308
f 284/328/290 283/351/302 298/360/309 299/364/311
f 277/325/289 276/324/288 291/362/310 292/365/312
f 285/329/291 284/328/290 299/364/311 300/366/313
f 278/331/292 277/325/289 292/365/312 293/367/314
f 286/333/293 285/329/291 300/366/313 301/368/315
f 279/335/294 278/331/292 293/367/314 294/369/316
f 287/337/295 286/333/293 301/368/315 302/370/317
f 280/339/296 279/335/294 294/369/316 295/354/303
f 288/341/297 287/337/295 302/370/317 303/356/305
f 300/366/313 299/364/311 314/371/318 315/372/319
f 293/367/314 292/365/312 307/373/320 308/374/321
f 301/368/315 300/366/313 315/372/319 316/375/322
f 294/369/316 293/367/314 308/374/321 309/376/323
f 302/370/317 301/368/315 316/375/322 317/377/324
f 295/354/303 294/369/316 309/376/323 310/378/325
f 303/356/305 302/370/317 317/377/324 318/379/326
f 296/355/304 295/354/303 310/378/325 311/380/327
f 304/357/306 303/356/305 318/379/326 319/381/328
f 297/358/307 296/355/304 311/380/327 312/382/329
f 305/359/308 304/357/306 319/381/328 320/383/330
f 298/360/309 297/358/307 312/382/329 313/384/331
f 291/362/310 199/385/31 306/386/332
f 215/387/32 305/359/308 320/383/330
f 299/364/311 298/360/309 313/384/331 314/371/318
f 292/365/312 291/362/310 306/386/332 307/373/320
f 319/381/328 318/379/326 333/388/333 334/389/334
f 312/382/329 311/380/327 326/390/335 327/391/336
f 320/383/330 319/381/328 334/389/334 335/392/337
f 313/384/331 312/382/329 327/391/336 328/393/338
f 306/386/332 199/394/31 321/395/339
f 215/396/32 320/383/330 335/392/337
f 314/371/318 313/384/331 328/393/338 329/397/340
f 307/373/320 306/386/332 321/395/339 322/398/341
f 315/372/319 314/371/318 329/397/340 330/399/342
f 308/374/321 307/373/320 322/398/341 323/400/343
f 316/375/322 315/372/319 330/399/342 331/401/344
f 309/376/323 308/374/321 323/400/343 324/402/345
f 317/377/324 316/375/322 331/401/344 332/403/346
f 310/378/325 309/376/323 324/402/345 325/404/347
f 318/379/326 317/377/324 332/403/346 333/388/333
f 311/380/327 310/378/325 325/404/347 326/390/335
f 331/401/344 330/399/342 345/405/348 346/406/349
f 324/402/345 323/400/343 338/407/350 339/408/351
f 332/403/346 331/401/344 346/406/349 347/409/352
f 325/404/347 324/402/345 339/408/351 340/410/353
f 333/388/333 332/403/346 347/409/352 348/411/354
f 326/390/335 325/404/347 340/410/353 341/412/355
f 334/389/334 333/388/333 348/411/354 349/413/356
f 327/391/336 326/390/335 341/412/355 342/414/357
f 335/392/337 334/389/334 349/413/356 350/415/358
f 328/393/338 327/391/336 342/414/357 343/416/359
f 321/395/339 199/417/31 336/418/360
f 215/419/32 335/392/337 350/415/358
f 329/397/340 328/393/338 343/416/359 344/420/361
f 322/398/341 321/395/339 336/418/360 337/421/362
f 330/399/342 329/397/340 344/420/361 345/405/348
f 323/400/343 322/398/341 337/421/362 338/407/350
f 350/415/358 349/413/356 361/23/23 362/27/27
f 343/416/359 342/414/357 355/25/25 356/29/29
f 336/418/360 199/422/31 351/2/2
f 215/423/32 350/415/358 362/27/27
f 344/420/361 343/416/359 356/29/29 357/6/6
f 337/421/362 336/418/360 351/2/2 352/1/1
f 345/405/348 344/420/361 357/6/6 358/5/5
f 338/407/350 337/421/362 352/1/1 353/9/9
f 346/406/349 345/405/348 358/5/5 3/11/11
f 339/408/351 338/407/350 353/9/9 354/13/13
f 347/409/352 346/406/349 3/11/11 359/15/15
f 340/410/353 339/408/351 354/13/13 1/17/17
f 348/411/354 347/409/352 359/15/15 360/19/19
f 341/412/355 340/410/353 1/17/17 2/21/21
f 349/413/356 348/411/354 360/19/19 361/23/23
f 342/414/357 341/412/355 2/21/21 355/25/25
f 370/424/363 369/425/364 380/426/365 381/427/366
f 363/428/367 382/429/31 371/430/368
f 368/431/369 539/432/370 377/433/371 378/434/372
f 366/435/373 365/436/374 374/437/375 375/438/376
f 471/439/32 370/424/363 381/427/366
f 364/440/377 363/428/367 371/430/368 372/441/378
f 540/442/379 368/431/369 378/434/372 379/443/380
f 367/444/29 366/435/373 375/438/376 376/445/381
f 538/446/382 364/440/377 372/441/378 373/447/383
f 369/425/364 540/442/379 379/443/380 380/426/365
f 539/432/370 367/444/29 376/445/381 377/433/371
f 365/436/374 538/446/382 373/447/383 374/437/375
f 376/445/381 375/438/376 387/448/384 388/449/57
f 373/447/383 372/441/378 384/450/385 385/451/386
f 380/426/365 379/443/380 391/452/387 392/453/388
f 377/433/371 376/445/381 388/449/57 389/454/389
f 374/437/375 373/447/383 385/451/386 386/455/390
f 381/427/366 380/426/365 392/453/388 393/456/391
f 371/430/368 382/457/31 383/458/392
f 378/434/372 377/433/371 389/454/389 390/459/393
f 375/438/376 374/437/375 386/455/390 387/448/384
f 471/460/32 381/427/366 393/456/391
f 372/441/378 371/430/368 383/458/392 384/450/385
f 379/443/380 378/434/372 390/459/393 391/452/387
f 390/459/393 389/454/389 400/461/394 401/462/395
f 387/448/384 386/455/390 397/463/396 398/464/397
f 471/465/32 393/456/391 404/466/398
f 384/450/385 383/458/392 394/467/399 395/468/400
f 391/452/387 390/459/393 401/462/395 402/469/401
f 388/449/57 387/448/384 398/464/397 399/470/402
f 385/451/386 384/450/385 395/468/400 396/471/403
f 392/453/388 391/452/387 402/469/401 403/472/404
f 389/454/389 388/449/57 399/470/402 400/461/394
f 386/455/390 385/451/386 396/471/403 397/463/396
f 393/456/391 392/453/388 403/472/404 404/466/398
f 383/458/392 382/473/31 394/467/399
f 400/461/394 399/470/402 410/474/107 411/475/405
f 397/463/396 396/471/403 407/476/406 408/477/407
f 404/466/398 403/472/404 414/478/408 415/479/409
f 394/467/399 382/480/31 405/481/410
f 401/462/395 400/461/394 411/475/405 412/482/411
f 398/464/397 397/463/396 408/477/407 409/483/412
f 471/484/32 404/466/398 415/479/409
f 395/468/400 394/467/399 405/481/410 406/485/413
f 402/469/401 401/462/395 412/482/411 413/486/414
f 399/470/402 398/464/397 409/483/412 410/474/107
f 396/471/403 395/468/400 406/485/413 407/476/406
f 403/472/404 402/469/401 413/486/414 414/478/408
f 413/486/414 412/482/411 423/487/415 424/488/416
f 410/474/107 409/483/412 420/489/417 421/490/418
f 407/476/406 406/485/413 417/491/419 418/492/420
f 414/478/408 413/486/414 424/488/416 425/493/421
f 411/475/405 410/474/107 421/490/418 422/494/422
f 408/477/407 407/476/406 418/492/420 419/495/423
f 415/479/409 414/478/408 425/493/421 426/496/424
f 405/481/410 382/497/31 416/498/425
f 412/482/411 411/475/405 422/494/422 423/487/415
f 409/483/412 408/477/407 419/495/423 420/489/417
f 471/499/32 415/479/409 426/496/424
f 406/485/413 405/481/410 416/498/425 417/491/419
f 416/498/425 382/500/31 427/501/426
f 423/487/415 422/494/422 433/502/427 434/503/428
f 420/489/417 419/495/423 430/504/429 431/505/430
f 471/506/32 426/496/424 437/507/431
f 417/491/419 416/498/425 427/501/426 428/508/432
f 424/488/416 423/487/415 434/503/428 435/509/433
f 421/490/418 420/489/417 431/505/430 432/510/143
f 418/492/420 417/491/419 428/508/432 429/511/434
f 425/493/421 424/488/416 435/509/433 436/512/435
f 422/494/422 421/490/418 432/510/143 433/502/427
f 419/495/423 418/492/420 429/511/434 430/504/429
f 426/496/424 425/493/421 436/512/435 437/507/431
f 436/512/435 435/509/433 446/513/436 447/514/437
f 433/502/427 432/510/143 443/515/438 444/516/439
f 430/504/429 429/511/434 440/517/440 441/518/441
f 437/507/431 436/512/435 447/514/437 448/519/442
f 427/501/426 382/520/31 438/521/443
f 434/503/428 433/502/427 444/516/439 445/522/444
f 431/505/430 430/504/429 441/518/441 442/523/445
f 471/524/32 437/507/431 448/519/442
f 428/508/432 427/501/426 438/521/443 439/525/446
f 435/509/433 434/503/428 445/522/444 446/513/436
f 432/510/143 431/505/430 442/523/445 443/515/438
f 429/511/434 428/508/432 439/525/446 440/517/440
f 439/525/446 438/521/443 449/526/447 450/527/448
f 446/513/436 445/522/444 456/528/449 457/529/450
f 443/515/438 442/523/445 453/530/451 454/531/194
f 440/517/440 439/525/446 450/527/448 451/532/452
f 447/514/437 446/513/436 457/529/450 458/533/453
f 444/516/439 443/515/438 454/531/194 455/534/454
f 441/518/441 440/517/440 451/532/452 452/535/455
f 448/519/442 447/514/437 458/533/453 459/536/456
f 438/521/443 382/537/31 449/526/447
f 445/522/444 444/516/439 455/534/454 456/528/449
f 442/523/445 441/518/441 452/535/455 453/530/451
f 471/538/32 448/519/442 459/536/456
f 459/536/456 458/533/453 469/539/457 470/540/458
f 449/526/447 382/541/31 460/542/459
f 456/528/449 455/534/454 466/543/460 467/544/461
f 453/530/451 452/535/455 463/545/462 464/546/463
f 471/547/32 459/536/456 470/540/458
f 450/527/448 449/526/447 460/542/459 461/548/464
f 457/529/450 456/528/449 467/544/461 468/549/465
f 454/531/194 453/530/451 464/546/463 465/550/466
f 451/532/452 450/527/448 461/548/464 462/551/467
f 458/533/453 457/529/450 468/549/465 469/539/457
f 455/534/454 454/531/194 465/550/466 466/543/460
f 452/535/455 451/532/452 462/551/467 463/545/462
f 462/551/467 461/548/464 473/552/468 474/553/469
f 469/539/457 468/549/465 480/554/470 481/555/471
f 466/543/460 465/550/466 477/556/230 478/557/472
f 463/545/462 462/551/467 474/553/469 475/558/473
f 470/540/458 469/539/457 481/555/471 482/559/474
f 460/542/459 382/560/31 472/561/475
f 467/544/461 466/543/460 478/557/472 479/562/476
f 464/546/463 463/545/462 475/558/473 476/563/477
f 471/564/32 470/540/458 482/559/474
f 461/548/464 460/542/459 472/561/475 473/552/468
f 468/549/465 467/544/461 479/562/476 480/554/470
f 465/550/466 464/546/463 476/563/477 477/556/230
f 471/565/32 482/559/474 493/566/478
f 473/552/468 472/561/475 483/567/479 484/568/480
f 480/554/470 479/562/476 490/569/481 491/570/482
f 477/556/230 476/563/477 487/571/483 488/572/484
f 474/553/469 473/552/468 484/568/480 485/573/485
f 481/555/471 480/554/470 491/570/482 492/574/486
f 478/557/472 477/556/230 488/572/484 489/575/487
f 475/558/473 474/553/469 485/573/485 486/576/488
f 482/559/474 481/555/471 492/574/486 493/566/478
f 472/561/475 382/577/31 483/567/479
f 479/562/476 478/557/472 489/575/487 490/569/481
f 476/563/477 475/558/473 486/576/488 487/571/483
f 486/576/488 485/573/485 496/578/489 497/579/490
f 493/566/478 492/574/486 503/580/491 504/581/492
f 483/567/479 382/582/31 494/583/493
f 490/569/481 489/575/487 500/584/494 501/585/495
f 487/571/483 486/576/488 497/579/490 498/586/496
f 471/587/32 493/566/478 504/581/492
f 484/568/480 483/567/479 494/583/493 495/588/497
f 491/570/482 490/569/481 501/585/495 502/589/498
f 488/572/484 487/571/483 498/586/496 499/590/280
f 485/573/485 484/568/480 495/588/497 496/578/489
f 492/574/486 491/570/482 502/589/498 503/580/491
f 489/575/487 488/572/484 499/590/280 500/584/494
f 496/591/489 495/592/497 506/593/499 507/594/500
f 503/595/491 502/596/498 513/597/501 514/598/502
f 500/599/494 499/600/280 510/601/503 511/602/504
f 497/603/490 496/591/489 507/594/500 508/604/505
f 504/605/492 503/595/491 514/598/502 515/606/506
f 494/607/493 382/608/31 505/609/507
f 501/610/495 500/599/494 511/602/504 512/611/508
f 498/612/496 497/603/490 508/604/505 509/613/509
f 471/614/32 504/605/492 515/606/506
f 495/592/497 494/607/493 505/609/507 506/593/499
f 502/596/498 501/610/495 512/611/508 513/597/501
f 499/600/280 498/612/496 509/613/509 510/601/503
f 509/613/509 508/604/505 519/615/510 520/616/511
f 471/617/32 515/606/506 526/618/512
f 506/593/499 505/609/507 516/619/513 517/620/514
f 513/597/501 512/611/508 523/621/515 524/622/516
f 510/601/503 509/613/509 520/616/511 521/623/331
f 507/594/500 506/593/499 517/620/514 518/624/517
f 514/598/502 513/597/501 524/622/516 525/625/518
f 511/602/504 510/601/503 521/623/331 522/626/519
f 508/604/505 507/594/500 518/624/517 519/615/510
f 515/606/506 514/598/502 525/625/518 526/618/512
f 505/609/507 382/627/31 516/619/513
f 512/611/508 511/602/504 522/626/519 523/621/515
f 519/615/510 518/624/517 529/628/520 530/629/521
f 526/618/512 525/625/518 536/630/522 537/631/523
f 516/619/513 382/632/31 527/633/524
f 523/621/515 522/626/519 533/634/525 534/635/526
f 520/616/511 519/615/510 530/629/521 531/636/527
f 471/637/32 526/618/512 537/631/523
f 517/620/514 516/619/513 527/633/524 528/638/528
f 524/622/516 523/621/515 534/635/526 535/639/529
f 521/623/331 520/616/511 531/636/527 532/640/530
f 518/624/517 517/620/514 528/638/528 529/628/520
f 525/625/518 524/622/516 535/639/529 536/630/522
f 522/626/519 521/623/331 532/640/530 533/634/525
f 532/640/530 531/636/527 366/435/373 367/444/29
f 529/628/520 528/638/528 364/440/377 538/446/382
f 536/630/522 535/639/529 540/442/379 369/425/364
f 533/634/525 532/640/530 367/444/29 539/432/370
f 530/629/521 529/628/520 538/446/382 365/436/374
f 537/631/523 536/630/522 369/425/364 370/424/363
f 527/633/524 382/641/31 363/428/367
f 534/635/526 533/634/525 539/432/370 368/431/369
f 531/636/527 530/629/521 365/436/374 366/435/373
f 471/642/32 537/631/523 370/424/363
f 528/638/528 527/633/524 363/428/367 364/440/377
f 535/639/529 534/635/526 368/431/369 540/442/379
f 631/643/29 630/644/373 639/645/376 640/646/381
f 802/647/382 628/648/377 636/649/378 637/650/383
f 633/651/364 804/652/379 643/653/380 644/654/365
f 803/655/370 631/643/29 640/646/381 641/656/371
f 629/657/374 802/647/382 637/650/383 638/658/375
f 634/659/363 633/651/364 644/654/365 645/660/366
f 627/661/367 646/662/31 635/663/368
f 632/664/369 803/655/370 641/656/371 642/665/372
f 630/644/373 629/657/374 638/658/375 639/645/376
f 735/666/32 634/659/363 645/660/366
f 628/648/377 627/661/367 635/663/368 636/649/378
f 804/652/379 632/664/369 642/665/372 643/653/380
f 645/660/366 644/654/365 656/667/388 657/668/391
f 635/663/368 646/669/31 647/670/392
f 642/665/372 641/656/371 653/671/389 654/672/393
f 639/645/376 638/658/375 650/673/390 651/674/384
f 735/675/32 645/660/366 657/668/391
f 636/649/378 635/663/368 647/670/392 648/676/385
f 643/653/380 642/665/372 654/672/393 655/677/387
f 640/646/381 639/645/376 651/674/384 652/678/57
f 637/650/383 636/649/378 648/676/385 649/679/386
f 644/654/365 643/653/380 655/677/387 656/667/388
f 641/656/371 640/646/381 652/678/57 653/671/389
f 638/658/375 637/650/383 649/679/386 650/673/390
f 649/679/386 648/676/385 659/680/400 660/681/403
f 656/667/388 655/677/387 666/682/401 667/683/404
f 653/671/389 652/678/57 663/684/402 664/685/394
f 650/673/390 649/679/386 660/681/403 661/686/396
f 657/668/391 656/667/388 667/683/404 668/687/398
f 647/670/392 646/688/31 658/689/399
f 654/672/393 653/671/389 664/685/394 665/690/395
f 651/674/384 650/673/390 661/686/396 662/691/397
f 735/692/32 657/668/391 668/687/398
f 648/676/385 647/670/392 658/689/399 659/680/400
f 655/677/387 654/672/393 665/690/395 666/682/401
f 652/678/57 651/674/384 662/691/397 663/684/402
f 735/693/32 668/687/398 679/694/409
f 659/680/400 658/689/399 669/695/410 670/696/413
f 666/682/401 665/690/395 676/697/411 677/698/414
f 663/684/402 662/691/397 673/699/412 674/700/107
f 660/681/403 659/680/400 670/696/413 671/701/406
f 667/683/404 666/682/401 677/698/414 678/702/408
f 664/685/394 663/684/402 674/700/107 675/703/405
f 661/686/396 660/681/403 671/701/406 672/704/407
f 668/687/398 667/683/404 678/702/408 679/694/409
f 658/689/399 646/705/31 669/695/410
f 665/690/395 664/685/394 675/703/405 676/697/411
f 662/691/397 661/686/396 672/704/407 673/699/412
f 672/704/407 671/701/406 682/706/420 683/707/423
f 679/694/409 678/702/408 689/708/421 690/709/424
f 669/695/410 646/710/31 680/711/425
f 676/697/411 675/703/405 686/712/422 687/713/415
f 673/699/412 672/704/407 683/707/423 684/714/417
f 735/715/32 679/694/409 690/709/424
f 670/696/413 669/695/410 680/711/425 681/716/419
f 677/698/414 676/697/411 687/713/415 688/717/416
f 674/700/107 673/699/412 684/714/417 685/718/418
f 671/701/406 670/696/413 681/716/419 682/706/420
f 678/702/408 677/698/414 688/717/416 689/708/421
f 675/703/405 674/700/107 685/718/418 686/712/422
f 682/706/420 681/716/419 692/719/432 693/720/434
f 689/708/421 688/717/416 699/721/433 700/722/435
f 686/712/422 685/718/418 696/723/143 697/724/427
f 683/707/423 682/706/420 693/720/434 694/725/429
f 690/709/424 689/708/421 700/722/435 701/726/431
f 680/711/425 646/727/31 691/728/426
f 687/713/415 686/712/422 697/724/427 698/729/428
f 684/714/417 683/707/423 694/725/429 695/730/430
f 735/731/32 690/709/424 701/726/431
f 681/716/419 680/711/425 691/728/426 692/719/432
f 688/717/416 687/713/415 698/729/428 699/721/433
f 685/718/418 684/714/417 695/730/430 696/723/143
f 695/730/430 694/725/429 705/732/441 706/733/445
f 735/734/32 701/726/431 712/735/442
f 692/719/432 691/728/426 702/736/443 703/737/446
f 699/721/433 698/729/428 709/738/444 710/739/436
f 696/723/143 695/730/430 706/733/445 707/740/438
f 693/720/434 692/719/432 703/737/446 704/741/440
f 700/722/435 699/721/433 710/739/436 711/742/437
f 697/724/427 696/723/143 707/740/438 708/743/439
f 694/725/429 693/720/434 704/741/440 705/732/441
f 701/726/431 700/722/435 711/742/437 712/735/442
f 691/728/426 646/744/31 702/736/443
f 698/729/428 697/724/427 708/743/439 709/738/444
f 705/732/441 704/741/440 715/745/452 716/746/455
f 712/735/442 711/742/437 722/747/453 723/748/456
f 702/736/443 646/749/31 713/750/447
f 709/738/444 708/743/439 719/751/454 720/752/449
f 706/733/445 705/732/441 716/746/455 717/753/451
f 735/754/32 712/735/442 723/748/456
f 703/737/446 702/736/443 713/750/447 714/755/448
f 710/739/436 709/738/444 720/752/449 721/756/450
f 707/740/438 706/733/445 717/753/451 718/757/194
f 704/741/440 703/737/446 714/755/448 715/745/452
f 711/742/437 710/739/436 721/756/450 722/747/453
f 708/743/439 707/740/438 718/757/194 719/751/454
f 718/757/194 717/753/451 728/758/463 729/759/466
f 715/745/452 714/755/448 725/760/464 726/761/467
f 722/747/453 721/756/450 732/762/465 733/763/457
f 719/751/454 718/757/194 729/759/466 730/764/460
f 716/746/455 715/745/452 726/761/467 727/765/462
f 723/748/456 722/747/453 733/763/457 734/766/458
f 713/750/447 646/767/31 724/768/459
f 720/752/449 719/751/454 730/764/460 731/769/461
f 717/753/451 716/746/455 727/765/462 728/758/463
f 735/770/32 723/748/456 734/766/458
f 714/755/448 713/750/447 724/768/459 725/760/464
f 721/756/450 720/752/449 731/769/461 732/762/465
f 728/758/463 727/765/462 739/771/473 740/772/477
f 735/773/32 734/766/458 746/774/474
f 725/760/464 724/768/459 736/775/475 737/776/468
f 732/762/465 731/769/461 743/777/476 744/778/470
f 729/759/466 728/758/463 740/772/477 741/779/230
f 726/761/467 725/760/464 737/776/468 738/780/469
f 733/763/457 732/762/465 744/778/470 745/781/471
f 730/764/460 729/759/466 741/779/230 742/782/472
f 727/765/462 726/761/467 738/780/469 739/771/473
f 734/766/458 733/763/457 745/781/471 746/774/474
f 724/768/459 646/783/31 736/775/475
f 731/769/461 730/764/460 742/782/472 743/777/476
f 742/782/472 741/779/230 752/784/484 753/785/487
f 739/771/473 738/780/469 749/786/485 750/787/488
f 746/774/474 745/781/471 756/788/486 757/789/478
f 736/775/475 646/790/31 747/791/479
f 743/777/476 742/782/472 753/785/487 754/792/481
f 740/772/477 739/771/473 750/787/488 751/793/483
f 735/794/32 746/774/474 757/789/478
f 737/776/468 736/775/475 747/791/479 748/795/480
f 744/778/470 743/777/476 754/792/481 755/796/482
f 741/779/230 740/772/477 751/793/483 752/784/484
f 738/780/469 737/776/468 748/795/480 749/786/485
f 745/781/471 744/778/470 755/796/482 756/788/486
f 752/784/484 751/793/483 762/797/496 763/798/280
f 749/786/485 748/795/480 759/799/497 760/800/489
f 756/788/486 755/796/482 766/801/498 767/802/491
f 753/785/487 752/784/484 763/798/280 764/803/494
f 750/787/488 749/786/485 760/800/489 761/804/490
f 757/789/478 756/788/486 767/802/491 768/805/492
f 747/791/479 646/806/31 758/807/493
f 754/792/481 753/785/487 764/803/494 765/808/495
f 751/793/483 750/787/488 761/804/490 762/797/496
f 735/809/32 757/789/478 768/805/492
f 748/795/480 747/791/479 758/807/493 759/799/497
f 755/796/482 754/792/481 765/808/495 766/801/498
f 765/810/495 764/811/494 775/812/504 776/813/508
f 762/814/496 761/815/490 772/816/505 773/817/509
f 735/818/32 768/819/492 779/820/506
f 759/821/497 758/822/493 769/823/507 770/824/499
f 766/825/498 765/810/495 776/813/508 777/826/501
f 763/827/280 762/814/496 773/817/509 774/828/503
f 760/829/489 759/821/497 770/824/499 771/830/500
f 767/831/491 766/825/498 777/826/501 778/832/502
f 764/811/494 763/827/280 774/828/503 775/812/504
f 761/815/490 760/829/489 771/830/500 772/816/505
f 768/819/492 767/831/491 778/832/502 779/820/506
f 758/822/493 646/833/31 769/823/507
f 775/812/504 774/828/503 785/834/331 786/835/519
f 772/816/505 771/830/500 782/836/517 783/837/510
f 779/820/506 778/832/502 789/838/518 790/839/512
f 769/823/507 646/840/31 780/841/513
f 776/813/508 775/812/504 786/835/519 787/842/515
f 773/817/509 772/816/505 783/837/510 784/843/511
f 735/844/32 779/820/506 790/839/512
f 770/824/499 769/823/507 780/841/513 781/845/514
f 777/826/501 776/813/508 787/842/515 788/846/516
f 774/828/503 773/817/509 784/843/511 785/834/331
f 771/830/500 770/824/499 781/845/514 782/836/517
f 778/832/502 777/826/501 788/846/516 789/838/518
f 788/846/516 787/842/515 798/847/526 799/848/529
f 785/834/331 784/843/511 795/849/527 796/850/530
f 782/836/517 781/845/514 792/851/528 793/852/520
f 789/838/518 788/846/516 799/848/529 800/853/522
f 786/835/519 785/834/331 796/850/530 797/854/525
f 783/837/510 782/836/517 793/852/520 794/855/521
f 790/839/512 789/838/518 800/853/522 801/856/523
f 780/841/513 646/857/31 791/858/524
f 787/842/515 786/835/519 797/854/525 798/847/526
f 784/843/511 783/837/510 794/855/521 795/849/527
f 735/859/32 790/839/512 801/856/523
f 781/845/514 780/841/513 791/858/524 792/851/528
f 791/858/524 646/860/31 627/661/367
f 798/847/526 797/854/525 803/655/370 632/664/369
f 795/849/527 794/855/521 629/657/374 630/644/373
f 735/861/32 801/856/523 634/659/363
f 792/851/528 791/858/524 627/661/367 628/648/377
f 799/848/529 798/847/526 632/664/369 804/652/379
f 796/850/530 795/849/527 630/644/373 631/643/29
f 793/852/520 792/851/528 628/648/377 802/647/382
f 800/853/522 799/848/529 804/652/379 633/651/364
f 797/854/525 796/850/530 631/643/29 803/655/370
f 794/855/521 793/852/520 802/647/382 629/657/374
f 801/856/523 800/853/522 633/651/364 634/659/363
usemtl M_Black
f 541/862/531 622/863/532 543/864/533 544/865/534
f 542/866/535 626/867/536 548/868/537 549/869/538
f 625/870/539 624/871/29 546/872/34 547/873/540
f 623/874/541 541/862/531 544/865/534 545/875/542
f 622/863/532 550/876/31 543/864/533
f 593/877/32 542/866/535 549/869/538
f 626/867/536 625/870/539 547/873/540 548/868/537
f 624/871/29 623/874/541 545/875/542 546/872/34
f 547/873/540 546/872/34 554/878/64 555/879/543
f 545/875/542 544/865/534 552/880/544 553/881/545
f 543/864/533 550/882/31 551/883/546
f 593/884/32 549/869/538 557/885/547
f 548/868/537 547/873/540 555/879/543 556/886/548
f 546/872/34 545/875/542 553/881/545 554/878/64
f 544/865/534 543/864/533 551/883/546 552/880/544
f 549/869/538 548/868/537 556/886/548 557/885/547
f 593/887/32 557/885/547 564/888/549
f 556/886/548 555/879/543 562/889/550 563/890/551
f 554/878/64 553/881/545 560/891/552 561/892/107
f 552/880/544 551/883/546 558/893/553 559/894/554
f 557/885/547 556/886/548 563/890/551 564/888/549
f 555/879/543 554/878/64 561/892/107 562/889/550
f 553/881/545 552/880/544 559/894/554 560/891/552
f 551/883/546 550/895/31 558/893/553
f 561/892/107 560/891/552 567/896/555 568/897/136
f 559/894/554 558/893/553 565/898/556 566/899/557
f 564/888/549 563/890/551 570/900/558 571/901/559
f 562/889/550 561/892/107 568/897/136 569/902/560
f 560/891/552 559/894/554 566/899/557 567/896/555
f 558/893/553 550/903/31 565/898/556
f 593/904/32 564/888/549 571/901/559
f 563/890/551 562/889/550 569/902/560 570/900/558
f 571/901/559 570/900/558 577/905/561 578/906/562
f 569/902/560 568/897/136 575/907/165 576/908/563
f 567/896/555 566/899/557 573/909/564 574/910/565
f 565/898/556 550/911/31 572/912/566
f 593/913/32 571/901/559 578/906/562
f 570/900/558 569/902/560 576/908/563 577/905/561
f 568/897/136 567/896/555 574/910/565 575/907/165
f 566/899/557 565/898/556 572/912/566 573/909/564
f 574/910/565 573/909/564 580/914/567 581/915/568
f 572/912/566 550/916/31 579/917/569
f 593/918/32 578/906/562 585/919/570
f 577/905/561 576/908/563 583/920/571 584/921/572
f 575/907/165 574/910/565 581/915/568 582/922/194
f 573/909/564 572/912/566 579/917/569 580/914/567
f 578/906/562 577/905/561 584/921/572 585/919/570
f 576/908/563 575/907/165 582/922/194 583/920/571
f 593/923/32 585/919/570 592/924/573
f 584/921/572 583/920/571 590/925/574 591/926/575
f 582/922/194 581/915/568 588/927/576 589/928/222
f 580/914/567 579/917/569 586/929/577 587/930/578
f 585/919/570 584/921/572 591/926/575 592/924/573
f 583/920/571 582/922/194 589/928/222 590/925/574
f 581/915/568 580/914/567 587/930/578 588/927/576
f 579/917/569 550/931/31 586/929/577
f 587/930/578 586/929/577 594/932/579 595/933/580
f 592/924/573 591/926/575 599/934/581 600/935/582
f 590/925/574 589/928/222 597/936/251 598/937/583
f 588/927/576 587/930/578 595/933/580 596/938/584
f 586/929/577 550/939/31 594/932/579
f 593/940/32 592/924/573 600/935/582
f 591/926/575 590/925/574 598/937/583 599/934/581
f 589/928/222 588/927/576 596/938/584 597/936/251
f 600/935/582 599/934/581 606/941/585 607/942/586
f 598/937/583 597/936/251 604/943/280 605/944/587
f 596/938/584 595/933/580 602/945/588 603/946/589
f 594/932/579 550/947/31 601/948/590
f 593/949/32 600/935/582 607/942/586
f 599/934/581 598/937/583 605/944/587 606/941/585
f 597/936/251 596/938/584 603/946/589 604/943/280
f 595/933/580 594/932/579 601/948/590 602/945/588
f 601/950/590 550/951/31 608/952/591
f 593/953/32 607/954/586 614/955/592
f 606/956/585 605/957/587 612/958/593 613/959/594
f 604/960/280 603/961/589 610/962/595 611/963/309
f 602/964/588 601/950/590 608/952/591 609/965/596
f 607/954/586 606/956/585 613/959/594 614/955/592
f 605/957/587 604/960/280 611/963/309 612/958/593
f 603/961/589 602/964/588 609/965/596 610/962/595
f 613/959/594 612/958/593 619/966/597 620/967/598
f 611/963/309 610/962/595 617/968/599 618/969/338
f 609/965/596 608/952/591 615/970/600 616/971/601
f 614/955/592 613/959/594 620/967/598 621/972/602
f 612/958/593 611/963/309 618/969/338 619/966/597
f 610/962/595 609/965/596 616/971/601 617/968/599
f 608/952/591 550/973/31 615/970/600
f 593/974/32 614/955/592 621/972/602
f 621/972/602 620/967/598 626/867/536 542/866/535
f 619/966/597 618/969/338 624/871/29 625/870/539
f 617/968/599 616/971/601 541/862/531 623/874/541
f 615/970/600 550/975/31 622/863/532
f 593/976/32 621/972/602 542/866/535
f 620/967/598 619/966/597 625/870/539 626/867/536
f 618/969/338 617/968/599 623/874/541 624/871/29
f 616/971/601 615/970/600 622/863/532 541/862/531
f 857/977/32 806/978/535 813/979/603
f 890/980/536 889/981/539 811/982/540 812/983/537
f 888/984/29 887/985/541 809/986/542 810/987/34
f 805/988/531 886/989/532 807/990/604 808/991/534
f 806/978/535 890/980/536 812/983/537 813/979/603
f 889/981/539 888/984/29 810/987/34 811/982/540
f 887/985/541 805/988/531 808/991/534 809/986/542
f 886/989/532 814/992/31 807/990/604
f 808/991/534 807/990/604 815/993/546 816/994/544
f 813/979/603 812/983/537 820/995/548 821/996/547
f 811/982/540 810/987/34 818/997/64 819/998/543
f 809/986/542 808/991/534 816/994/544 817/999/545
f 807/990/604 814/1000/31 815/993/546
f 857/1001/32 813/979/603 821/996/547
f 812/983/537 811/982/540 819/998/543 820/995/548
f 810/987/34 809/986/542 817/999/545 818/997/64
f 821/996/547 820/995/548 827/1002/551 828/1003/549
f 819/998/543 818/997/64 825/1004/107 826/1005/550
f 817/999/545 816/994/544 823/1006/554 824/1007/552
f 815/993/546 814/1008/31 822/1009/553
f 857/1010/32 821/996/547 828/1003/549
f 820/995/548 819/998/543 826/1005/550 827/1002/551
f 818/997/64 817/999/545 824/1007/552 825/1004/107
f 816/994/544 815/993/546 822/1009/553 823/1006/554
f 822/1009/553 814/1011/31 829/1012/556
f 857/1013/32 828/1003/549 835/1014/559
f 827/1002/551 826/1005/550 833/1015/560 834/1016/558
f 825/1004/107 824/1007/552 831/1017/555 832/1018/136
f 823/1006/554 822/1009/553 829/1012/556 830/1019/557
f 828/1003/549 827/1002/551 834/1016/558 835/1014/559
f 826/1005/550 825/1004/107 832/1018/136 833/1015/560
f 824/1007/552 823/1006/554 830/1019/557 831/1017/555
f 834/1016/558 833/1015/560 840/1020/563 841/1021/561
f 832/1018/136 831/1017/555 838/1022/565 839/1023/165
f 830/1019/557 829/1012/556 836/1024/566 837/1025/564
f 835/1014/559 834/1016/558 841/1021/561 842/1026/562
f 833/1015/560 832/1018/136 839/1023/165 840/1020/563
f 831/1017/555 830/1019/557 837/1025/564 838/1022/565
f 829/1012/556 814/1027/31 836/1024/566
f 857/1028/32 835/1014/559 842/1026/562
f 842/1026/562 841/1021/561 848/1029/572 849/1030/570
f 840/1020/563 839/1023/165 846/1031/194 847/1032/571
f 838/1022/565 837/1025/564 844/1033/567 845/1034/568
f 836/1024/566 814/1035/31 843/1036/569
f 857/1037/32 842/1026/562 849/1030/570
f 841/1021/561 840/1020/563 847/1032/571 848/1029/572
f 839/1023/165 838/1022/565 845/1034/568 846/1031/194
f 837/1025/564 836/1024/566 843/1036/569 844/1033/567
f 847/1032/571 846/1031/194 853/1038/222 854/1039/574
f 845/1034/568 844/1033/567 851/1040/578 852/1041/576
f 843/1036/569 814/1042/31 850/1043/577
f 857/1044/32 849/1030/570 856/1045/573
f 848/1029/572 847/1032/571 854/1039/574 855/1046/575
f 846/1031/194 845/1034/568 852/1041/576 853/1038/222
f 844/1033/567 843/1036/569 850/1043/577 851/1040/578
f 849/1030/570 848/1029/572 855/1046/575 856/1045/573
f 857/1047/32 856/1045/573 864/1048/582
f 855/1046/575 854/1039/574 862/1049/583 863/1050/581
f 853/1038/222 852/1041/576 860/1051/584 861/1052/251
f 851/1040/578 850/1043/577 858/1053/579 859/1054/580
f 856/1045/573 855/1046/575 863/1050/581 864/1048/582
f 854/1039/574 853/1038/222 861/1052/251 862/1049/583
f 852/1041/576 851/1040/578 859/1054/580 860/1051/584
f 850/1043/577 814/1055/31 858/1053/579
f 861/1052/251 860/1051/584 867/1056/589 868/1057/280
f 859/1054/580 858/1053/579 865/1058/590 866/1059/588
f 864/1048/582 863/1050/581 870/1060/585 871/1061/586
f 862/1049/583 861/1052/251 868/1057/280 869/1062/587
f 860/1051/584 859/1054/580 866/1059/588 867/1056/589
f 858/1053/579 814/1063/31 865/1058/590
f 857/1064/32 864/1048/582 871/1061/586
f 863/1050/581 862/1049/583 869/1062/587 870/1060/585
f 871/1065/586 870/1066/585 877/1067/594 878/1068/592
f 869/1069/587 868/1070/280 875/1071/309 876/1072/593
f 867/1073/589 866/1074/588 873/1075/596 874/1076/595
f 865/1077/590 814/1078/31 872/1079/591
f 857/1080/32 871/1065/586 878/1068/592
f 870/1066/585 869/1069/587 876/1072/593 877/1067/594
f 868/1070/280 867/1073/589 874/1076/595 875/1071/309
f 866/1074/588 865/1077/590 872/1079/591 873/1075/596
f 874/1076/595 873/1075/596 880/1081/601 881/1082/599
f 872/1079/591 814/1083/31 879/1084/600
f 857/1085/32 878/1068/592 885/1086/602
f 877/1067/594 876/1072/593 883/1087/597 884/1088/598
f 875/1071/309 874/1076/595 881/1082/599 882/1089/338
f 873/1075/596 872/1079/591 879/1084/600 880/1081/601
f 878/1068/592 877/1067/594 884/1088/598 885/1086/602
f 876/1072/593 875/1071/309 882/1089/338 883/1087/597
f 857/1090/32 885/1086/602 806/978/535
f 884/1088/598 883/1087/597 889/981/539 890/980/536
f 882/1089/338 881/1082/599 887/985/541 888/984/29
f 880/1081/601 879/1084/600 886/989/532 805/988/531
f 885/1086/602 884/1088/598 890/980/536 806/978/535
f 883/1087/597 882/1089/338 888/984/29 889/981/539
f 881/1082/599 880/1081/601 805/988/531 887/985/541
f 879/1084/600 814/1091/31 886/989/532
usemtl M_Blush
f 973/1092/29 972/1093/605 895/1094/606 896/1095/607
f 892/1096/608 891/1097/609 893/1098/610 894/1099/611
f 976/1100/612 975/1101/613 898/1102/614 899/1103/615
f 974/1104/616 973/1092/29 896/1095/607 897/1105/617
f 972/1093/605 892/1096/608 894/1099/611 895/1094/606
f 891/1097/609 942/1106/31 893/1098/610
f 950/1107/32 976/1100/612 899/1103/615
f 975/1101/613 974/1104/616 897/1105/617 898/1102/614
f 899/1103/615 898/1102/614 905/1108/618 906/1109/619
f 897/1105/617 896/1095/607 903/1110/620 904/1111/621
f 895/1094/606 894/1099/611 901/1112/622 902/1113/623
f 893/1098/610 942/1114/31 900/1115/624
f 950/1116/32 899/1103/615 906/1109/619
f 898/1102/614 897/1105/617 904/1111/621 905/1108/618
f 896/1095/607 895/1094/606 902/1113/623 903/1110/620
f 894/1099/611 893/1098/610 900/1115/624 901/1112/622
f 900/1115/624 942/1117/31 907/1118/625
f 950/1119/32 906/1109/619 913/1120/626
f 905/1108/618 904/1111/621 911/1121/627 912/1122/628
f 903/1110/620 902/1113/623 909/1123/629 910/1124/107
f 901/1112/622 900/1115/624 907/1118/625 908/1125/630
f 906/1109/619 905/1108/618 912/1122/628 913/1120/626
f 904/1111/621 903/1110/620 910/1124/107 911/1121/627
f 902/1113/623 901/1112/622 908/1125/630 909/1123/629
f 912/1122/628 911/1121/627 918/1126/631 919/1127/632
f 910/1124/107 909/1123/629 916/1128/633 917/1129/634
f 908/1125/630 907/1118/625 914/1130/635 915/1131/636
f 913/1120/626 912/1122/628 919/1127/632 920/1132/637
f 911/1121/627 910/1124/107 917/1129/634 918/1126/631
f 909/1123/629 908/1125/630 915/1131/636 916/1128/633
f 907/1118/625 942/1133/31 914/1130/635
f 950/1134/32 913/1120/626 920/1132/637
f 920/1132/637 919/1127/632 926/1135/638 927/1136/639
f 918/1126/631 917/1129/634 924/1137/640 925/1138/641
f 916/1128/633 915/1131/636 922/1139/642 923/1140/643
f 914/1130/635 942/1141/31 921/1142/644
f 950/1143/32 920/1132/637 927/1136/639
f 919/1127/632 918/1126/631 925/1138/641 926/1135/638
f 917/1129/634 916/1128/633 923/1140/643 924/1137/640
f 915/1131/636 914/1130/635 921/1142/644 922/1139/642
f 925/1138/641 924/1137/640 931/1144/194 932/1145/645
f 923/1140/643 922/1139/642 929/1146/646 930/1147/647
f 921/1142/644 942/1148/31 928/1149/648
f 950/1150/32 927/1136/639 934/1151/649
f 926/1135/638 925/1138/641 932/1145/645 933/1152/650
f 924/1137/640 923/1140/643 930/1147/647 931/1144/194
f 922/1139/642 921/1142/644 928/1149/648 929/1146/646
f 927/1136/639 926/1135/638 933/1152/650 934/1151/649
f 950/1153/32 934/1151/649 941/1154/651
f 933/1152/650 932/1145/645 939/1155/652 940/1156/653
f 931/1144/194 930/1147/647 937/1157/654 938/1158/655
f 929/1146/646 928/1149/648 935/1159/656 936/1160/657
f 934/1151/649 933/1152/650 940/1156/653 941/1154/651
f 932/1145/645 931/1144/194 938/1158/655 939/1155/652
f 930/1147/647 929/1146/646 936/1160/657 937/1157/654
f 928/1149/648 942/1161/31 935/1159/656
f 938/1158/655 937/1157/654 945/1162/658 946/1163/659
f 936/1160/657 935/1159/656 943/1164/660 944/1165/661
f 941/1154/651 940/1156/653 948/1166/662 949/1167/663
f 939/1155/652 938/1158/655 946/1163/659 947/1168/664
f 937/1157/654 936/1160/657 944/1165/661 945/1162/658
f 935/1159/656 942/1169/31 943/1164/660
f 950/1170/32 941/1154/651 949/1167/663
f 940/1156/653 939/1155/652 947/1168/664 948/1166/662
f 949/1167/663 948/1166/662 956/1171/665 957/1172/666
f 947/1168/664 946/1163/659 954/1173/280 955/1174/667
f 945/1162/658 944/1165/661 952/1175/668 953/1176/669
f 943/1164/660 942/1177/31 951/1178/670
f 950/1179/32 949/1167/663 957/1172/666
f 948/1166/662 947/1168/664 955/1174/667 956/1171/665
f 946/1163/659 945/1162/658 953/1176/669 954/1173/280
f 944/1165/661 943/1164/660 951/1178/670 952/1175/668
f 953/1180/669 952/1181/668 959/1182/671 960/1183/672
f 951/1184/670 942/1185/31 958/1186/673
f 950/1187/32 957/1188/666 964/1189/674
f 956/1190/665 955/1191/667 962/1192/675 963/1193/676
f 954/1194/280 953/1180/669 960/1183/672 961/1195/677
f 952/1181/668 951/1184/670 958/1186/673 959/1182/671
f 957/1188/666 956/1190/665 963/1193/676 964/1189/674
f 955/1191/667 954/1194/280 961/1195/677 962/1192/675
f 950/1196/32 964/1189/674 971/1197/678
f 963/1193/676 962/1192/675 969/1198/679 970/1199/680
f 961/1195/677 960/1183/672 967/1200/681 968/1201/682
f 959/1182/671 958/1186/673 965/1202/683 966/1203/684
f 964/1189/674 963/1193/676 970/1199/680 971/1197/678
f 962/1192/675 961/1195/677 968/1201/682 969/1198/679
f 960/1183/672 959/1182/671 966/1203/684 967/1200/681
f 958/1186/673 942/1204/31 965/1202/683
f 966/1203/684 965/1202/683 891/1097/609 892/1096/608
f 971/1197/678 970/1199/680 975/1101/613 976/1100/612
f 969/1198/679 968/1201/682 973/1092/29 974/1104/616
f 967/1200/681 966/1203/684 892/1096/608 972/1093/605
f 965/1202/683 942/1205/31 891/1097/609
f 950/1206/32 971/1197/678 976/1100/612
f 970/1199/680 969/1198/679 974/1104/616 975/1101/613
f 968/1201/682 967/1200/681 972/1093/605 973/1092/29
f 1062/1207/612 1061/1208/613 984/1209/614 985/1210/615
f 1060/1211/616 1059/1212/29 982/1213/607 983/1214/617
f 1058/1215/605 978/1216/608 980/1217/611 981/1218/606
f 977/1219/609 1028/1220/31 979/1221/610
f 1036/1222/32 1062/1207/612 985/1210/615
f 1061/1208/613 1060/1211/616 983/1214/617 984/1209/614
f 1059/1212/29 1058/1215/605 981/1218/606 982/1213/607
f 978/1216/608 977/1219/609 979/1221/610 980/1217/611
f 979/1221/610 1028/1223/31 986/1224/624
f 1036/1225/32 985/1210/615 992/1226/619
f 984/1209/614 983/1214/617 990/1227/685 991/1228/618
f 982/1213/607 981/1218/606 988/1229/686 989/1230/620
f 980/1217/611 979/1221/610 986/1224/624 987/1231/622
f 985/1210/615 984/1209/614 991/1228/618 992/1226/619
f 983/1214/617 982/1213/607 989/1230/620 990/1227/685
f 981/1218/606 980/1217/611 987/1231/622 988/1229/686
f 991/1228/618 990/1227/685 997/1232/627 998/1233/628
f 989/1230/620 988/1229/686 995/1234/629 996/1235/107
f 987/1231/622 986/1224/624 993/1236/625 994/1237/630
f 992/1226/619 991/1228/618 998/1233/628 999/1238/626
f 990/1227/685 989/1230/620 996/1235/107 997/1232/627
f 988/1229/686 987/1231/622 994/1237/630 995/1234/629
f 986/1224/624 1028/1239/31 993/1236/625
f 1036/1240/32 992/1226/619 999/1238/626
f 999/1238/626 998/1233/628 1005/1241/632 1006/1242/637
f 997/1232/627 996/1235/107 1003/1243/634 1004/1244/631
f 995/1234/629 994/1237/630 1001/1245/636 1002/1246/633
f 993/1236/625 1028/1247/31 1000/1248/635
f 1036/1249/32 999/1238/626 1006/1242/637
f 998/1233/628 997/1232/627 1004/1244/631 1005/1241/632
f 996/1235/107 995/1234/629 1002/1246/633 1003/1243/634
f 994/1237/630 993/1236/625 1000/1248/635 1001/1245/636
f 1004/1244/631 1003/1243/634 1010/1250/640 1011/1251/641
f 1002/1246/633 1001/1245/636 1008/1252/642 1009/1253/643
f 1000/1248/635 1028/1254/31 1007/1255/644
f 1036/1256/32 1006/1242/637 1013/1257/639
f 1005/1241/632 1004/1244/631 1011/1251/641 1012/1258/638
f 1003/1243/634 1002/1246/633 1009/1253/643 1010/1250/640
f 1001/1245/636 1000/1248/635 1007/1255/644 1008/1252/642
f 1006/1242/637 1005/1241/632 1012/1258/638 1013/1257/639
f 1036/1259/32 1013/1257/639 1020/1260/649
f 1012/1258/638 1011/1251/641 1018/1261/645 1019/1262/650
f 1010/1250/640 1009/1253/643 1016/1263/647 1017/1264/194
f 1008/1252/642 1007/1255/644 1014/1265/648 1015/1266/646
f 1013/1257/639 1012/1258/638 1019/1262/650 1020/1260/649
f 1011/1251/641 1010/1250/640 1017/1264/194 1018/1261/645
f 1009/1253/643 1008/1252/642 1015/1266/646 1016/1263/647
f 1007/1255/644 1028/1267/31 1014/1265/648
f 1017/1264/194 1016/1263/647 1023/1268/654 1024/1269/655
f 1015/1266/646 1014/1265/648 1021/1270/656 1022/1271/657
f 1020/1260/649 1019/1262/650 1026/1272/653 1027/1273/651
f 1018/1261/645 1017/1264/194 1024/1269/655 1025/1274/652
f 1016/1263/647 1015/1266/646 1022/1271/657 1023/1268/654
f 1014/1265/648 1028/1275/31 1021/1270/656
f 1036/1276/32 1020/1260/649 1027/1273/651
f 1019/1262/650 1018/1261/645 1025/1274/652 1026/1272/653
f 1027/1273/651 1026/1272/653 1034/1277/662 1035/1278/663
f 1025/1274/652 1024/1269/655 1032/1279/659 1033/1280/664
f 1023/1268/654 1022/1271/657 1030/1281/661 1031/1282/658
f 1021/1270/656 1028/1283/31 1029/1284/660
f 1036/1285/32 1027/1273/651 1035/1278/663
f 1026/1272/653 1025/1274/652 1033/1280/664 1034/1277/662
f 1024/1269/655 1023/1268/654 1031/1282/658 1032/1279/659
f 1022/1271/657 1021/1270/656 1029/1284/660 1030/1281/661
f 1031/1282/658 1030/1281/661 1038/1286/668 1039/1287/669
f 1029/1284/660 1028/1288/31 1037/1289/670
f 1036/1290/32 1035/1278/663 1043/1291/666
f 1034/1277/662 1033/1280/664 1041/1292/667 1042/1293/665
f 1032/1279/659 1031/1282/658 1039/1287/669 1040/1294/280
f 1030/1281/661 1029/1284/660 1037/1289/670 1038/1286/668
f 1035/1278/663 1034/1277/662 1042/1293/665 1043/1291/666
f 1033/1280/664 1032/1279/659 1040/1294/280 1041/1292/667
f 1036/1295/32 1043/1296/666 1050/1297/674
f 1042/1298/665 1041/1299/667 1048/1300/675 1049/1301/676
f 1040/1302/280 1039/1303/669 1046/1304/672 1047/1305/677
f 1038/1306/668 1037/1307/670 1044/1308/673 1045/1309/671
f 1043/1296/666 1042/1298/665 1049/1301/676 1050/1297/674
f 1041/1299/667 1040/1302/280 1047/1305/677 1048/1300/675
f 1039/1303/669 1038/1306/668 1045/1309/671 1046/1304/672
f 1037/1307/670 1028/1310/31 1044/1308/673
f 1045/1309/671 1044/1308/673 1051/1311/683 1052/1312/684
f 1050/1297/674 1049/1301/676 1056/1313/680 1057/1314/678
f 1048/1300/675 1047/1305/677 1054/1315/682 1055/1316/679
f 1046/1304/672 1045/1309/671 1052/1312/684 1053/1317/681
f 1044/1308/673 1028/1318/31 1051/1311/683
f 1036/1319/32 1050/1297/674 1057/1314/678
f 1049/1301/676 1048/1300/675 1055/1316/679 1056/1313/680
f 1047/1305/677 1046/1304/672 1053/1317/681 1054/1315/682
f 1057/1314/678 1056/1313/680 1061/1208/613 1062/1207/612
f 1055/1316/679 1054/1315/682 1059/1212/29 1060/1211/616
f 1053/1317/681 1052/1312/684 978/1216/608 1058/1215/605
f 1051/1311/683 1028/1320/31 977/1219/609
f 1036/1321/32 1057/1314/678 1062/1207/612
f 1056/1313/680 1055/1316/679 1060/1211/616 1061/1208/613
f 1054/1315/682 1053/1317/681 1058/1215/605 1059/1212/29
f 1052/1312/684 1051/1311/683 977/1219/609 978/1216/608
