# Blender v3.6.23 OBJ File: 'mcp-tesst.blend'
# www.blender.org
mtllib pinky_bear.mtl
o Character_pinky_bear_Sphere.082
v -0.000000 0.455570 -0.841470
v -0.000000 0.282683 -0.933880
v -0.000000 -0.655570 -0.841470
v 0.050493 0.880785 -0.198443
v 0.099046 0.823879 -0.379644
v 0.143792 0.731470 -0.546640
v 0.183013 0.607107 -0.693013
v 0.215200 0.455570 -0.813138
v 0.239118 0.282683 -0.902399
v 0.253846 0.095090 -0.957366
v 0.258819 -0.100000 -0.975926
v 0.253846 -0.295090 -0.957366
v 0.239118 -0.482683 -0.902399
v 0.215200 -0.655570 -0.813138
v 0.183013 -0.807107 -0.693013
v 0.143792 -0.931470 -0.546640
v 0.099046 -1.023880 -0.379644
v 0.050493 -1.080785 -0.198443
v 0.097545 0.880785 -0.178953
v 0.191342 0.823879 -0.341414
v 0.277785 0.731470 -0.491138
v 0.353553 0.607107 -0.622373
v 0.415735 0.455570 -0.730074
v 0.461940 0.282683 -0.810103
v 0.490393 0.095090 -0.859385
v 0.500000 -0.100000 -0.876026
v 0.490393 -0.295090 -0.859385
v 0.461940 -0.482683 -0.810103
v 0.415735 -0.655570 -0.730074
v 0.353553 -0.807107 -0.622373
v 0.277785 -0.931470 -0.491138
v 0.191342 -1.023880 -0.341414
v 0.097545 -1.080785 -0.178953
v 0.137950 0.880785 -0.147950
v 0.270598 0.823879 -0.280598
v 0.392847 0.731470 -0.402848
v 0.500000 0.607107 -0.510000
v 0.587938 0.455570 -0.597938
v 0.653281 0.282683 -0.663282
v 0.693520 0.095090 -0.703520
v 0.707107 -0.100000 -0.717107
v 0.693520 -0.295090 -0.703520
v 0.653281 -0.482683 -0.663282
v 0.587938 -0.655570 -0.597938
v 0.500000 -0.807107 -0.510000
v 0.392847 -0.931470 -0.402848
v 0.270598 -1.023880 -0.280598
v 0.137950 -1.080785 -0.147950
v 0.168953 0.880785 -0.107545
v 0.331414 0.823879 -0.201342
v 0.481138 0.731470 -0.287785
v 0.612372 0.607107 -0.363554
v 0.720074 0.455570 -0.425735
v 0.800103 0.282683 -0.471940
v 0.849385 0.095090 -0.500393
v 0.866025 -0.100000 -0.510000
v 0.849385 -0.295090 -0.500393
v 0.800103 -0.482683 -0.471940
v 0.720074 -0.655570 -0.425735
v 0.612372 -0.807107 -0.363554
v 0.481138 -0.931470 -0.287785
v 0.331414 -1.023880 -0.201342
v 0.168953 -1.080785 -0.107545
v 0.188443 0.880785 -0.060493
v 0.369644 0.823879 -0.109046
v 0.536640 0.731470 -0.153792
v 0.683013 0.607107 -0.193013
v 0.803138 0.455570 -0.225200
v 0.892399 0.282683 -0.249118
v 0.947366 0.095090 -0.263846
v 0.965926 -0.100000 -0.268819
v 0.947366 -0.295090 -0.263846
v 0.892399 -0.482683 -0.249118
v 0.803138 -0.655570 -0.225200
v 0.683013 -0.807107 -0.193013
v 0.536640 -0.931470 -0.153792
v 0.369644 -1.023880 -0.109046
v 0.188443 -1.080785 -0.060493
v 0.195090 0.880785 -0.010000
v 0.382683 0.823879 -0.010000
v 0.555570 0.731470 -0.010000
v 0.707107 0.607107 -0.010000
v 0.831470 0.455570 -0.010000
v 0.923879 0.282683 -0.010000
v 0.980785 0.095090 -0.010000
v 1.000000 -0.100000 -0.010000
v 0.980785 -0.295090 -0.010000
v 0.923879 -0.482683 -0.010000
v 0.831470 -0.655570 -0.010000
v 0.707107 -0.807107 -0.010000
v 0.555570 -0.931470 -0.010000
v 0.382683 -1.023880 -0.010000
v 0.195090 -1.080785 -0.010000
v 0.188443 0.880785 0.040493
v 0.369644 0.823879 0.089045
v 0.536640 0.731470 0.133792
v 0.683012 0.607107 0.173012
v 0.803138 0.455570 0.205200
v 0.892399 0.282683 0.229117
v 0.947366 0.095090 0.243846
v 0.965926 -0.100000 0.248819
v 0.947366 -0.295090 0.243846
v 0.892399 -0.482683 0.229117
v 0.803138 -0.655570 0.205200
v 0.683012 -0.807107 0.173012
v 0.536640 -0.931470 0.133792
v 0.369644 -1.023880 0.089045
v 0.188443 -1.080785 0.040493
v 0.168953 0.880785 0.087545
v 0.331413 0.823879 0.181341
v 0.481138 0.731470 0.267785
v 0.612372 0.607107 0.343553
v 0.720074 0.455570 0.405735
v 0.800103 0.282683 0.451939
v 0.849385 0.095090 0.480392
v 0.866025 -0.100000 0.490000
v 0.849385 -0.295090 0.480392
v 0.800103 -0.482683 0.451939
v 0.720074 -0.655570 0.405735
v 0.612372 -0.807107 0.343553
v 0.481138 -0.931470 0.267785
v 0.331413 -1.023880 0.181341
v 0.168953 -1.080785 0.087545
v 0.137950 0.880785 0.127949
v 0.270598 0.823879 0.260598
v 0.392847 0.731470 0.382847
v 0.500000 0.607107 0.490000
v 0.587938 0.455570 0.577938
v 0.653281 0.282683 0.643281
v 0.693520 0.095090 0.683519
v 0.707107 -0.100000 0.697106
v 0.693520 -0.295090 0.683519
v 0.653281 -0.482683 0.643281
v 0.587938 -0.655570 0.577938
v 0.500000 -0.807107 0.490000
v 0.392847 -0.931470 0.382847
v 0.270598 -1.023880 0.260598
v 0.137950 -1.080785 0.127949
v 0.097545 0.880785 0.158953
v 0.191342 0.823879 0.321413
v 0.277785 0.731470 0.471138
v 0.353553 0.607107 0.602372
v 0.415735 0.455570 0.710074
v 0.461940 0.282683 0.790103
v 0.490393 0.095090 0.839384
v 0.500000 -0.100000 0.856025
v 0.490393 -0.295090 0.839384
v 0.461940 -0.482683 0.790103
v 0.415735 -0.655570 0.710074
v 0.353553 -0.807107 0.602372
v 0.277785 -0.931470 0.471138
v 0.191342 -1.023880 0.321413
v 0.097545 -1.080785 0.158953
v 0.050493 0.880785 0.178442
v 0.099046 0.823879 0.359643
v 0.143792 0.731470 0.526639
v 0.183013 0.607107 0.673012
v 0.215200 0.455570 0.793138
v 0.239117 0.282683 0.882399
v 0.253846 0.095090 0.937365
v 0.258819 -0.100000 0.955925
v 0.253846 -0.295090 0.937365
v 0.239117 -0.482683 0.882399
v 0.215200 -0.655570 0.793138
v 0.183013 -0.807107 0.673012
v 0.143792 -0.931470 0.526639
v 0.099046 -1.023880 0.359643
v 0.050493 -1.080785 0.178442
v -0.000000 0.880785 0.185090
v -0.000000 0.823879 0.372683
v -0.000000 0.731470 0.545570
v 0.000000 0.607107 0.697106
v -0.000000 0.455570 0.821469
v -0.000000 0.282683 0.913879
v 0.000000 0.095090 0.970785
v -0.000000 -0.100000 0.989999
v 0.000000 -0.295090 0.970785
v -0.000000 -0.482683 0.913879
v -0.000000 -0.655570 0.821469
v 0.000000 -0.807107 0.697106
v -0.000000 -0.931470 0.545570
v -0.000000 -1.023880 0.372683
v -0.000000 -1.080785 0.185090
v -0.050493 0.880785 0.178442
v -0.099046 0.823879 0.359643
v -0.143792 0.731470 0.526639
v -0.183013 0.607107 0.673012
v -0.215200 0.455570 0.793137
v -0.239118 0.282683 0.882399
v -0.253846 0.095090 0.937365
v -0.258819 -0.100000 0.955925
v -0.253846 -0.295090 0.937365
v -0.239118 -0.482683 0.882399
v -0.215200 -0.655570 0.793137
v -0.183013 -0.807107 0.673012
v -0.143792 -0.931470 0.526639
v -0.099046 -1.023880 0.359643
v -0.050493 -1.080785 0.178442
v -0.000000 0.900000 -0.010000
v -0.097545 0.880785 0.158953
v -0.191342 0.823879 0.321413
v -0.277785 0.731470 0.471137
v -0.353553 0.607107 0.602372
v -0.415735 0.455570 0.710073
v -0.461940 0.282683 0.790103
v -0.490392 0.095090 0.839384
v -0.500000 -0.100000 0.856025
v -0.490392 -0.295090 0.839384
v -0.461940 -0.482683 0.790103
v -0.415735 -0.655570 0.710073
v -0.353553 -0.807107 0.602372
v -0.277785 -0.931470 0.471137
v -0.191342 -1.023880 0.321413
v -0.097545 -1.080785 0.158953
v -0.000000 -1.100000 -0.010000
v -0.137950 0.880785 0.127949
v -0.270598 0.823879 0.260598
v -0.392847 0.731470 0.382847
v -0.500000 0.607107 0.489999
v -0.587938 0.455570 0.577937
v -0.653281 0.282683 0.643281
v -0.693520 0.095090 0.683519
v -0.707107 -0.100000 0.697106
v -0.693520 -0.295090 0.683519
v -0.653281 -0.482683 0.643281
v -0.587938 -0.655570 0.577937
v -0.500000 -0.807107 0.489999
v -0.392847 -0.931470 0.382847
v -0.270598 -1.023880 0.260598
v -0.137950 -1.080785 0.127949
v -0.168953 0.880785 0.087545
v -0.331414 0.823879 0.181341
v -0.481138 0.731470 0.267785
v -0.612372 0.607107 0.343553
v -0.720074 0.455570 0.405734
v -0.800103 0.282683 0.451939
v -0.849385 0.095090 0.480392
v -0.866025 -0.100000 0.489999
v -0.849385 -0.295090 0.480392
v -0.800103 -0.482683 0.451939
v -0.720074 -0.655570 0.405734
v -0.612372 -0.807107 0.343553
v -0.481138 -0.931470 0.267785
v -0.331414 -1.023880 0.181341
v -0.168953 -1.080785 0.087545
v -0.188443 0.880785 0.040493
v -0.369644 0.823879 0.089045
v -0.536640 0.731470 0.133792
v -0.683012 0.607107 0.173012
v -0.803138 0.455570 0.205200
v -0.892399 0.282683 0.229117
v -0.947366 0.095090 0.243846
v -0.965925 -0.100000 0.248819
v -0.947366 -0.295090 0.243846
v -0.892399 -0.482683 0.229117
v -0.803138 -0.655570 0.205200
v -0.683012 -0.807107 0.173012
v -0.536640 -0.931470 0.133792
v -0.369644 -1.023880 0.089045
v -0.188443 -1.080785 0.040493
v -0.195090 0.880785 -0.010000
v -0.382683 0.823879 -0.010000
v -0.555570 0.731470 -0.010000
v -0.707106 0.607107 -0.010000
v -0.831470 0.455570 -0.010000
v -0.923879 0.282683 -0.010000
v -0.980785 0.095090 -0.010000
v -1.000000 -0.100000 -0.010000
v -0.980785 -0.295090 -0.010000
v -0.923879 -0.482683 -0.010000
v -0.831470 -0.655570 -0.010000
v -0.707106 -0.807107 -0.010000
v -0.555570 -0.931470 -0.010000
v -0.382683 -1.023880 -0.010000
v -0.195090 -1.080785 -0.010000
v -0.188443 0.880785 -0.060493
v -0.369644 0.823879 -0.109046
v -0.536639 0.731470 -0.153792
v -0.683012 0.607107 -0.193013
v -0.803138 0.455570 -0.225201
v -0.892399 0.282683 -0.249118
v -0.947366 0.095090 -0.263846
v -0.965925 -0.100000 -0.268819
v -0.947366 -0.295090 -0.263846
v -0.892399 -0.482683 -0.249118
v -0.803138 -0.655570 -0.225201
v -0.683012 -0.807107 -0.193013
v -0.536639 -0.931470 -0.153792
v -0.369644 -1.023880 -0.109046
v -0.188443 -1.080785 -0.060493
v -0.168953 0.880785 -0.107545
v -0.331414 0.823879 -0.201342
v -0.481138 0.731470 -0.287785
v -0.612372 0.607107 -0.363553
v -0.720074 0.455570 -0.425735
v -0.800103 0.282683 -0.471940
v -0.849385 0.095090 -0.500393
v -0.866025 -0.100000 -0.510000
v -0.849385 -0.295090 -0.500393
v -0.800103 -0.482683 -0.471940
v -0.720074 -0.655570 -0.425735
v -0.612372 -0.807107 -0.363553
v -0.481138 -0.931470 -0.287785
v -0.331414 -1.023880 -0.201342
v -0.168953 -1.080785 -0.107545
v -0.137950 0.880785 -0.147950
v -0.270598 0.823879 -0.280598
v -0.392847 0.731470 -0.402848
v -0.500000 0.607107 -0.510000
v -0.587938 0.455570 -0.597938
v -0.653281 0.282683 -0.663282
v -0.693520 0.095090 -0.703520
v -0.707106 -0.100000 -0.717107
v -0.693520 -0.295090 -0.703520
v -0.653281 -0.482683 -0.663282
v -0.587938 -0.655570 -0.597938
v -0.500000 -0.807107 -0.510000
v -0.392847 -0.931470 -0.402848
v -0.270598 -1.023880 -0.280598
v -0.137950 -1.080785 -0.147950
v -0.097545 0.880785 -0.178953
v -0.191342 0.823879 -0.341414
v -0.277785 0.731470 -0.491138
v -0.353553 0.607107 -0.622372
v -0.415735 0.455570 -0.730074
v -0.461939 0.282683 -0.810103
v -0.490393 0.095090 -0.859385
v -0.500000 -0.100000 -0.876025
v -0.490393 -0.295090 -0.859385
v -0.461939 -0.482683 -0.810103
v -0.415735 -0.655570 -0.730074
v -0.353553 -0.807107 -0.622372
v -0.277785 -0.931470 -0.491138
v -0.191342 -1.023880 -0.341414
v -0.097545 -1.080785 -0.178953
v -0.050493 0.880785 -0.198443
v -0.099046 0.823879 -0.379644
v -0.143792 0.731470 -0.546640
v -0.183013 0.607107 -0.693012
v -0.215200 0.455570 -0.813138
v -0.239117 0.282683 -0.902399
v -0.253846 0.095090 -0.957366
v -0.258819 -0.100000 -0.975926
v -0.253846 -0.295090 -0.957366
v -0.239117 -0.482683 -0.902399
v -0.215200 -0.655570 -0.813138
v -0.183013 -0.807107 -0.693012
v -0.143792 -0.931470 -0.546640
v -0.099046 -1.023880 -0.379644
v -0.050493 -1.080785 -0.198443
v -0.000000 0.880785 -0.205091
v 0.000000 0.823879 -0.392684
v 0.000000 0.731470 -0.565570
v -0.000000 0.607107 -0.717106
v -0.000000 0.095090 -0.990785
v 0.000000 -0.100000 -1.010000
v -0.000000 -0.295090 -0.990785
v 0.000000 -0.482683 -0.933879
v -0.000000 -0.807107 -0.717106
v 0.000000 -0.931470 -0.565570
v 0.000000 -1.023880 -0.392684
v -0.000000 -1.080785 -0.205091
v 0.320000 0.188268 0.817612
v 0.320000 0.057612 0.871731
v 0.339134 0.242388 0.876858
v 0.355355 0.220711 0.848762
v 0.366194 0.188268 0.829989
v 0.370000 0.150000 0.823397
v 0.366194 0.111732 0.829989
v 0.355355 0.079289 0.848762
v 0.339134 0.057612 0.876858
v 0.320000 0.250000 0.910000
v 0.353141 0.242388 0.890866
v 0.381237 0.220711 0.874644
v 0.400010 0.188268 0.863806
v 0.406603 0.150000 0.860000
v 0.400010 0.111732 0.863806
v 0.381237 0.079289 0.874644
v 0.353141 0.057612 0.890866
v 0.358268 0.242388 0.910000
v 0.390711 0.220711 0.910000
v 0.412388 0.188268 0.910000
v 0.420000 0.150000 0.910000
v 0.412388 0.111732 0.910000
v 0.390711 0.079289 0.910000
v 0.358268 0.057612 0.910000
v 0.353141 0.242388 0.929134
v 0.381237 0.220711 0.945355
v 0.400010 0.188268 0.956194
v 0.406603 0.150000 0.960000
v 0.400010 0.111732 0.956194
v 0.381237 0.079289 0.945355
v 0.353141 0.057612 0.929134
v 0.339134 0.242388 0.943141
v 0.355355 0.220711 0.971237
v 0.366194 0.188268 0.990010
v 0.370000 0.150000 0.996602
v 0.366194 0.111732 0.990010
v 0.355355 0.079289 0.971237
v 0.339134 0.057612 0.943141
v 0.320000 0.242388 0.948268
v 0.320000 0.220711 0.980710
v 0.320000 0.188268 1.002388
v 0.320000 0.150000 1.010000
v 0.320000 0.111732 1.002388
v 0.320000 0.079289 0.980710
v 0.320000 0.057612 0.948268
v 0.300866 0.242388 0.943141
v 0.284645 0.220711 0.971237
v 0.273806 0.188268 0.990010
v 0.270000 0.150000 0.996602
v 0.273806 0.111732 0.990010
v 0.284645 0.079289 0.971237
v 0.300866 0.057612 0.943141
v 0.320000 0.050000 0.910000
v 0.286859 0.242388 0.929134
v 0.258763 0.220711 0.945355
v 0.239990 0.188268 0.956194
v 0.233397 0.150000 0.960000
v 0.239990 0.111732 0.956194
v 0.258763 0.079289 0.945355
v 0.286859 0.057612 0.929134
v 0.281732 0.242388 0.910000
v 0.249289 0.220711 0.910000
v 0.227612 0.188268 0.910000
v 0.220000 0.150000 0.910000
v 0.227612 0.111732 0.910000
v 0.249289 0.079289 0.910000
v 0.281732 0.057612 0.910000
v 0.286859 0.242388 0.890866
v 0.258763 0.220711 0.874644
v 0.239990 0.188268 0.863806
v 0.233397 0.150000 0.860000
v 0.239990 0.111732 0.863806
v 0.258763 0.079289 0.874644
v 0.286859 0.057612 0.890866
v 0.300866 0.242388 0.876858
v 0.284645 0.220711 0.848762
v 0.273806 0.188268 0.829989
v 0.270000 0.150000 0.823397
v 0.273806 0.111732 0.829989
v 0.284645 0.079289 0.848762
v 0.300866 0.057612 0.876858
v 0.320000 0.242388 0.871731
v 0.320000 0.220711 0.839289
v 0.320000 0.150000 0.810000
v 0.320000 0.111732 0.817612
v 0.320000 0.079289 0.839289
v -0.320000 0.188268 0.817612
v -0.320000 0.057612 0.871731
v -0.300866 0.242388 0.876858
v -0.284645 0.220711 0.848762
v -0.273806 0.188268 0.829989
v -0.270000 0.150000 0.823397
v -0.273806 0.111732 0.829989
v -0.284645 0.079289 0.848762
v -0.300866 0.057612 0.876858
v -0.320000 0.250000 0.910000
v -0.286859 0.242388 0.890866
v -0.258763 0.220711 0.874644
v -0.239990 0.188268 0.863806
v -0.233397 0.150000 0.860000
v -0.239990 0.111732 0.863806
v -0.258763 0.079289 0.874644
v -0.286859 0.057612 0.890866
v -0.281732 0.242388 0.910000
v -0.249289 0.220711 0.910000
v -0.227612 0.188268 0.910000
v -0.220000 0.150000 0.910000
v -0.227612 0.111732 0.910000
v -0.249289 0.079289 0.910000
v -0.281732 0.057612 0.910000
v -0.286859 0.242388 0.929134
v -0.258763 0.220711 0.945355
v -0.239990 0.188268 0.956194
v -0.233397 0.150000 0.960000
v -0.239990 0.111732 0.956194
v -0.258763 0.079289 0.945355
v -0.286859 0.057612 0.929134
v -0.300866 0.242388 0.943141
v -0.284645 0.220711 0.971237
v -0.273806 0.188268 0.990010
v -0.270000 0.150000 0.996602
v -0.273806 0.111732 0.990010
v -0.284645 0.079289 0.971237
v -0.300866 0.057612 0.943141
v -0.320000 0.242388 0.948268
v -0.320000 0.220711 0.980710
v -0.320000 0.188268 1.002388
v -0.320000 0.150000 1.010000
v -0.320000 0.111732 1.002388
v -0.320000 0.079289 0.980710
v -0.320000 0.057612 0.948268
v -0.339134 0.242388 0.943141
v -0.355355 0.220711 0.971237
v -0.366194 0.188268 0.990010
v -0.370000 0.150000 0.996602
v -0.366194 0.111732 0.990010
v -0.355355 0.079289 0.971237
v -0.339134 0.057612 0.943141
v -0.320000 0.050000 0.910000
v -0.353141 0.242388 0.929134
v -0.381237 0.220711 0.945355
v -0.400010 0.188268 0.956194
v -0.406603 0.150000 0.960000
v -0.400010 0.111732 0.956194
v -0.381237 0.079289 0.945355
v -0.353141 0.057612 0.929134
v -0.358268 0.242388 0.910000
v -0.390711 0.220711 0.910000
v -0.412388 0.188268 0.910000
v -0.420000 0.150000 0.910000
v -0.412388 0.111732 0.910000
v -0.390711 0.079289 0.910000
v -0.358268 0.057612 0.910000
v -0.353141 0.242388 0.890866
v -0.381237 0.220711 0.874644
v -0.400010 0.188268 0.863806
v -0.406603 0.150000 0.860000
v -0.400010 0.111732 0.863806
v -0.381237 0.079289 0.874644
v -0.353141 0.057612 0.890866
v -0.339134 0.242388 0.876858
v -0.355355 0.220711 0.848762
v -0.366194 0.188268 0.829989
v -0.370000 0.150000 0.823397
v -0.366194 0.111732 0.829989
v -0.355355 0.079289 0.848762
v -0.339134 0.057612 0.876858
v -0.320000 0.242388 0.871731
v -0.320000 0.220711 0.839289
v -0.320000 0.150000 0.810000
v -0.320000 0.111732 0.817612
v -0.320000 0.079289 0.839289
v 0.550000 0.040540 0.853927
v 0.550000 0.019296 0.840301
v 0.576788 0.040540 0.856080
v 0.599497 0.019296 0.844280
v 0.614672 -0.012497 0.836395
v 0.620000 -0.050000 0.833627
v 0.614672 -0.087503 0.836395
v 0.599497 -0.119297 0.844280
v 0.576788 -0.140540 0.856080
v 0.596398 0.040540 0.861963
v 0.635732 0.019296 0.855150
v 0.662014 -0.012497 0.850598
v 0.671244 -0.050000 0.849000
v 0.662014 -0.087503 0.850598
v 0.635732 -0.119297 0.855150
v 0.596398 -0.140540 0.861963
v 0.603576 0.040540 0.870000
v 0.648995 0.019296 0.870000
v 0.679343 -0.012497 0.870000
v 0.690000 -0.050000 0.870000
v 0.679343 -0.087503 0.870000
v 0.648995 -0.119297 0.870000
v 0.603576 -0.140540 0.870000
v 0.596398 0.040540 0.878036
v 0.635732 0.019296 0.884849
v 0.662014 -0.012497 0.889401
v 0.671244 -0.050000 0.891000
v 0.662014 -0.087503 0.889401
v 0.635732 -0.119297 0.884849
v 0.596398 -0.140540 0.878036
v 0.576788 0.040540 0.883919
v 0.599497 0.019296 0.895719
v 0.614672 -0.012497 0.903604
v 0.620000 -0.050000 0.906373
v 0.614672 -0.087503 0.903604
v 0.599497 -0.119297 0.895719
v 0.576788 -0.140540 0.883919
v 0.550000 0.040540 0.886072
v 0.550000 0.019296 0.899698
v 0.550000 -0.012497 0.908803
v 0.550000 -0.050000 0.912000
v 0.550000 -0.087503 0.908803
v 0.550000 -0.119297 0.899698
v 0.550000 -0.140540 0.886072
v 0.523212 0.040540 0.883919
v 0.500502 0.019296 0.895719
v 0.485328 -0.012497 0.903604
v 0.480000 -0.050000 0.906373
v 0.485328 -0.087503 0.903604
v 0.500502 -0.119297 0.895719
v 0.523212 -0.140540 0.883919
v 0.550000 0.048000 0.870000
v 0.503602 0.040540 0.878036
v 0.464268 0.019296 0.884849
v 0.437986 -0.012497 0.889401
v 0.428756 -0.050000 0.891000
v 0.437986 -0.087503 0.889401
v 0.464268 -0.119297 0.884849
v 0.503602 -0.140540 0.878036
v 0.550000 -0.148000 0.870000
v 0.496424 0.040540 0.870000
v 0.451005 0.019296 0.870000
v 0.420657 -0.012497 0.870000
v 0.410000 -0.050000 0.870000
v 0.420657 -0.087503 0.870000
v 0.451005 -0.119297 0.870000
v 0.496424 -0.140540 0.870000
v 0.503602 0.040540 0.861963
v 0.464268 0.019296 0.855150
v 0.437986 -0.012497 0.850598
v 0.428756 -0.050000 0.849000
v 0.437986 -0.087503 0.850598
v 0.464268 -0.119297 0.855150
v 0.503602 -0.140540 0.861963
v 0.523212 0.040540 0.856080
v 0.500502 0.019296 0.844280
v 0.485328 -0.012497 0.836395
v 0.480000 -0.050000 0.833627
v 0.485328 -0.087503 0.836395
v 0.500502 -0.119297 0.844280
v 0.523212 -0.140540 0.856080
v 0.550000 -0.012497 0.831197
v 0.550000 -0.050000 0.828000
v 0.550000 -0.087503 0.831197
v 0.550000 -0.119297 0.840301
v 0.550000 -0.140540 0.853927
v -0.550000 0.040540 0.853927
v -0.550000 0.019296 0.840301
v -0.523212 0.040540 0.856080
v -0.500503 0.019296 0.844280
v -0.485328 -0.012497 0.836395
v -0.480000 -0.050000 0.833627
v -0.485328 -0.087503 0.836395
v -0.500503 -0.119297 0.844280
v -0.523212 -0.140540 0.856080
v -0.503602 0.040540 0.861963
v -0.464268 0.019296 0.855150
v -0.437986 -0.012497 0.850598
v -0.428757 -0.050000 0.849000
v -0.437986 -0.087503 0.850598
v -0.464268 -0.119297 0.855150
v -0.503602 -0.140540 0.861963
v -0.496424 0.040540 0.870000
v -0.451005 0.019296 0.870000
v -0.420657 -0.012497 0.870000
v -0.410000 -0.050000 0.870000
v -0.420657 -0.087503 0.870000
v -0.451005 -0.119297 0.870000
v -0.496424 -0.140540 0.870000
v -0.503602 0.040540 0.878036
v -0.464268 0.019296 0.884849
v -0.437986 -0.012497 0.889401
v -0.428757 -0.050000 0.891000
v -0.437986 -0.087503 0.889401
v -0.464268 -0.119297 0.884849
v -0.503602 -0.140540 0.878036
v -0.523212 0.040540 0.883919
v -0.500503 0.019296 0.895719
v -0.485328 -0.012497 0.903604
v -0.480000 -0.050000 0.906373
v -0.485328 -0.087503 0.903604
v -0.500503 -0.119297 0.895719
v -0.523212 -0.140540 0.883919
v -0.550000 0.040540 0.886072
v -0.550000 0.019296 0.899698
v -0.550000 -0.012497 0.908803
v -0.550000 -0.050000 0.912000
v -0.550000 -0.087503 0.908803
v -0.550000 -0.119297 0.899698
v -0.550000 -0.140540 0.886072
v -0.576788 0.040540 0.883919
v -0.599498 0.019296 0.895719
v -0.614672 -0.012497 0.903604
v -0.620000 -0.050000 0.906373
v -0.614672 -0.087503 0.903604
v -0.599498 -0.119297 0.895719
v -0.576788 -0.140540 0.883919
v -0.550000 0.048000 0.870000
v -0.596398 0.040540 0.878036
v -0.635732 0.019296 0.884849
v -0.662014 -0.012497 0.889401
v -0.671244 -0.050000 0.891000
v -0.662014 -0.087503 0.889401
v -0.635732 -0.119297 0.884849
v -0.596398 -0.140540 0.878036
v -0.550000 -0.148000 0.870000
v -0.603576 0.040540 0.870000
v -0.648995 0.019296 0.870000
v -0.679343 -0.012497 0.870000
v -0.690000 -0.050000 0.870000
v -0.679343 -0.087503 0.870000
v -0.648995 -0.119297 0.870000
v -0.603576 -0.140540 0.870000
v -0.596398 0.040540 0.861963
v -0.635732 0.019296 0.855150
v -0.662014 -0.012497 0.850598
v -0.671244 -0.050000 0.849000
v -0.662014 -0.087503 0.850598
v -0.635732 -0.119297 0.855150
v -0.596398 -0.140540 0.861963
v -0.576788 0.040540 0.856080
v -0.599498 0.019296 0.844280
v -0.614672 -0.012497 0.836395
v -0.620000 -0.050000 0.833627
v -0.614672 -0.087503 0.836395
v -0.599498 -0.119297 0.844280
v -0.576788 -0.140540 0.856080
v -0.550000 -0.012497 0.831197
v -0.550000 -0.050000 0.828000
v -0.550000 -0.087503 0.831197
v -0.550000 -0.119297 0.840301
v -0.550000 -0.140540 0.853927
v 0.650000 1.088074 -0.100587
v 0.650000 1.053109 -0.185000
v 0.650000 0.925000 -0.313109
v 0.650000 0.840587 -0.348074
v 0.650000 0.750000 -0.360000
v 0.650000 0.659413 -0.348074
v 0.650000 0.575000 -0.313109
v 0.650000 0.446891 -0.185000
v 0.650000 0.411926 -0.100587
v 0.684666 1.088074 -0.093691
v 0.716970 1.053109 -0.171679
v 0.744709 0.997487 -0.238649
v 0.765995 0.925000 -0.290036
v 0.779375 0.840587 -0.322340
v 0.783939 0.750000 -0.333358
v 0.779375 0.659413 -0.322340
v 0.765995 0.575000 -0.290036
v 0.744709 0.502513 -0.238649
v 0.716970 0.446891 -0.171679
v 0.684666 0.411926 -0.093691
v 0.650000 1.100000 -0.010000
v 0.714054 1.088074 -0.074055
v 0.773744 1.053109 -0.133744
v 0.825000 0.997487 -0.185000
v 0.864330 0.925000 -0.224331
v 0.889054 0.840587 -0.249055
v 0.897487 0.750000 -0.257488
v 0.889054 0.659413 -0.249055
v 0.864330 0.575000 -0.224331
v 0.825000 0.502513 -0.185000
v 0.773744 0.446891 -0.133744
v 0.714054 0.411926 -0.074055
v 0.733691 1.088074 -0.044666
v 0.811679 1.053109 -0.076970
v 0.878649 0.997487 -0.104710
v 0.930036 0.925000 -0.125995
v 0.962340 0.840587 -0.139376
v 0.973358 0.750000 -0.143939
v 0.962340 0.659413 -0.139376
v 0.930036 0.575000 -0.125995
v 0.878649 0.502513 -0.104710
v 0.811679 0.446891 -0.076970
v 0.733691 0.411926 -0.044666
v 0.740587 1.088074 -0.010000
v 0.825000 1.053109 -0.010000
v 0.897487 0.997487 -0.010000
v 0.953109 0.925000 -0.010000
v 0.988074 0.840587 -0.010000
v 1.000000 0.750000 -0.010000
v 0.988074 0.659413 -0.010000
v 0.953109 0.575000 -0.010000
v 0.897487 0.502513 -0.010000
v 0.825000 0.446891 -0.010000
v 0.740587 0.411926 -0.010000
v 0.733691 1.088074 0.024666
v 0.811679 1.053109 0.056969
v 0.878648 0.997487 0.084709
v 0.930036 0.925000 0.105994
v 0.962340 0.840587 0.119375
v 0.973358 0.750000 0.123939
v 0.962340 0.659413 0.119375
v 0.930036 0.575000 0.105994
v 0.878648 0.502513 0.084709
v 0.811679 0.446891 0.056969
v 0.733691 0.411926 0.024666
v 0.714054 1.088074 0.054054
v 0.773744 1.053109 0.113743
v 0.825000 0.997487 0.165000
v 0.864330 0.925000 0.204330
v 0.889054 0.840587 0.229054
v 0.897487 0.750000 0.237487
v 0.889054 0.659413 0.229054
v 0.864330 0.575000 0.204330
v 0.825000 0.502513 0.165000
v 0.773744 0.446891 0.113743
v 0.714054 0.411926 0.054054
v 0.684666 1.088074 0.073691
v 0.716969 1.053109 0.151679
v 0.744709 0.997487 0.218648
v 0.765995 0.925000 0.270036
v 0.779375 0.840587 0.302339
v 0.783939 0.750000 0.313358
v 0.779375 0.659413 0.302339
v 0.765995 0.575000 0.270036
v 0.744709 0.502513 0.218648
v 0.716969 0.446891 0.151679
v 0.684666 0.411926 0.073691
v 0.650000 1.088074 0.080586
v 0.650000 1.053109 0.165000
v 0.650000 0.997487 0.237487
v 0.650000 0.925000 0.293109
v 0.650000 0.840587 0.328074
v 0.650000 0.750000 0.340000
v 0.650000 0.659413 0.328074
v 0.650000 0.575000 0.293109
v 0.650000 0.502513 0.237487
v 0.650000 0.446891 0.165000
v 0.650000 0.411926 0.080586
v 0.615334 1.088074 0.073691
v 0.583030 1.053109 0.151679
v 0.555291 0.997487 0.218648
v 0.534005 0.925000 0.270036
v 0.520625 0.840587 0.302339
v 0.516061 0.750000 0.313357
v 0.520625 0.659413 0.302339
v 0.534005 0.575000 0.270036
v 0.555291 0.502513 0.218648
v 0.583030 0.446891 0.151679
v 0.615334 0.411926 0.073691
v 0.650000 0.400000 -0.010000
v 0.585945 1.088074 0.054054
v 0.526256 1.053109 0.113743
v 0.475000 0.997487 0.165000
v 0.435670 0.925000 0.204330
v 0.410946 0.840587 0.229054
v 0.402513 0.750000 0.237487
v 0.410946 0.659413 0.229054
v 0.435670 0.575000 0.204330
v 0.475000 0.502513 0.165000
v 0.526256 0.446891 0.113743
v 0.585945 0.411926 0.054054
v 0.566309 1.088074 0.024666
v 0.488321 1.053109 0.056969
v 0.421351 0.997487 0.084709
v 0.369964 0.925000 0.105994
v 0.337660 0.840587 0.119375
v 0.326642 0.750000 0.123939
v 0.337660 0.659413 0.119375
v 0.369964 0.575000 0.105994
v 0.421351 0.502513 0.084709
v 0.488321 0.446891 0.056969
v 0.566309 0.411926 0.024666
v 0.559413 1.088074 -0.010000
v 0.475000 1.053109 -0.010000
v 0.402513 0.997487 -0.010000
v 0.346891 0.925000 -0.010000
v 0.311926 0.840587 -0.010000
v 0.300000 0.750000 -0.010000
v 0.311926 0.659413 -0.010000
v 0.346891 0.575000 -0.010000
v 0.402513 0.502513 -0.010000
v 0.475000 0.446891 -0.010000
v 0.559413 0.411926 -0.010000
v 0.566309 1.088074 -0.044666
v 0.488321 1.053109 -0.076970
v 0.421352 0.997487 -0.104710
v 0.369964 0.925000 -0.125995
v 0.337660 0.840587 -0.139376
v 0.326642 0.750000 -0.143940
v 0.337660 0.659413 -0.139376
v 0.369964 0.575000 -0.125995
v 0.421352 0.502513 -0.104710
v 0.488321 0.446891 -0.076970
v 0.566309 0.411926 -0.044666
v 0.585946 1.088074 -0.074055
v 0.526256 1.053109 -0.133744
v 0.475000 0.997487 -0.185000
v 0.435670 0.925000 -0.224331
v 0.410946 0.840587 -0.249055
v 0.402513 0.750000 -0.257488
v 0.410946 0.659413 -0.249055
v 0.435670 0.575000 -0.224331
v 0.475000 0.502513 -0.185000
v 0.526256 0.446891 -0.133744
v 0.585946 0.411926 -0.074055
v 0.615334 1.088074 -0.093691
v 0.583030 1.053109 -0.171679
v 0.555291 0.997487 -0.238649
v 0.534005 0.925000 -0.290036
v 0.520625 0.840587 -0.322340
v 0.516061 0.750000 -0.333358
v 0.520625 0.659413 -0.322340
v 0.534005 0.575000 -0.290036
v 0.555291 0.502513 -0.238649
v 0.583030 0.446891 -0.171679
v 0.615334 0.411926 -0.093691
v 0.650000 0.997487 -0.257488
v 0.650000 0.502513 -0.257488
v -0.650000 1.088074 -0.100587
v -0.650000 1.053109 -0.185000
v -0.650000 0.925000 -0.313109
v -0.650000 0.840587 -0.348074
v -0.650000 0.750000 -0.360000
v -0.650000 0.659413 -0.348074
v -0.650000 0.575000 -0.313109
v -0.650000 0.446891 -0.185000
v -0.650000 0.411926 -0.100587
v -0.615334 1.088074 -0.093691
v -0.583030 1.053109 -0.171679
v -0.555291 0.997487 -0.238649
v -0.534005 0.925000 -0.290036
v -0.520625 0.840587 -0.322340
v -0.516061 0.750000 -0.333358
v -0.520625 0.659413 -0.322340
v -0.534005 0.575000 -0.290036
v -0.555291 0.502513 -0.238649
v -0.583030 0.446891 -0.171679
v -0.615334 0.411926 -0.093691
v -0.650000 1.100000 -0.010000
v -0.585946 1.088074 -0.074055
v -0.526256 1.053109 -0.133744
v -0.475000 0.997487 -0.185000
v -0.435670 0.925000 -0.224331
v -0.410946 0.840587 -0.249055
v -0.402513 0.750000 -0.257488
v -0.410946 0.659413 -0.249055
v -0.435670 0.575000 -0.224331
v -0.475000 0.502513 -0.185000
v -0.526256 0.446891 -0.133744
v -0.585946 0.411926 -0.074055
v -0.566309 1.088074 -0.044666
v -0.488321 1.053109 -0.076970
v -0.421351 0.997487 -0.104710
v -0.369964 0.925000 -0.125995
v -0.337660 0.840587 -0.139376
v -0.326642 0.750000 -0.143939
v -0.337660 0.659413 -0.139376
v -0.369964 0.575000 -0.125995
v -0.421351 0.502513 -0.104710
v -0.488321 0.446891 -0.076970
v -0.566309 0.411926 -0.044666
v -0.559413 1.088074 -0.010000
v -0.475000 1.053109 -0.010000
v -0.402513 0.997487 -0.010000
v -0.346891 0.925000 -0.010000
v -0.311926 0.840587 -0.010000
v -0.300000 0.750000 -0.010000
v -0.311926 0.659413 -0.010000
v -0.346891 0.575000 -0.010000
v -0.402513 0.502513 -0.010000
v -0.475000 0.446891 -0.010000
v -0.559413 0.411926 -0.010000
v -0.566309 1.088074 0.024666
v -0.488321 1.053109 0.056969
v -0.421352 0.997487 0.084709
v -0.369964 0.925000 0.105994
v -0.337660 0.840587 0.119375
v -0.326642 0.750000 0.123939
v -0.337660 0.659413 0.119375
v -0.369964 0.575000 0.105994
v -0.421352 0.502513 0.084709
v -0.488321 0.446891 0.056969
v -0.566309 0.411926 0.024666
v -0.585946 1.088074 0.054054
v -0.526256 1.053109 0.113743
v -0.475000 0.997487 0.165000
v -0.435670 0.925000 0.204330
v -0.410946 0.840587 0.229054
v -0.402513 0.750000 0.237487
v -0.410946 0.659413 0.229054
v -0.435670 0.575000 0.204330
v -0.475000 0.502513 0.165000
v -0.526256 0.446891 0.113743
v -0.585946 0.411926 0.054054
v -0.615334 1.088074 0.073691
v -0.583030 1.053109 0.151679
v -0.555291 0.997487 0.218648
v -0.534005 0.925000 0.270036
v -0.520625 0.840587 0.302339
v -0.516061 0.750000 0.313358
v -0.520625 0.659413 0.302339
v -0.534005 0.575000 0.270036
v -0.555291 0.502513 0.218648
v -0.583030 0.446891 0.151679
v -0.615334 0.411926 0.073691
v -0.650000 1.088074 0.080586
v -0.650000 1.053109 0.165000
v -0.650000 0.997487 0.237487
v -0.650000 0.925000 0.293109
v -0.650000 0.840587 0.328074
v -0.650000 0.750000 0.340000
v -0.650000 0.659413 0.328074
v -0.650000 0.575000 0.293109
v -0.650000 0.502513 0.237487
v -0.650000 0.446891 0.165000
v -0.650000 0.411926 0.080586
v -0.684666 1.088074 0.073691
v -0.716970 1.053109 0.151679
v -0.744709 0.997487 0.218648
v -0.765995 0.925000 0.270036
v -0.779375 0.840587 0.302339
v -0.783939 0.750000 0.313357
v -0.779375 0.659413 0.302339
v -0.765995 0.575000 0.270036
v -0.744709 0.502513 0.218648
v -0.716970 0.446891 0.151679
v -0.684666 0.411926 0.073691
v -0.650000 0.400000 -0.010000
v -0.714054 1.088074 0.054054
v -0.773744 1.053109 0.113743
v -0.825000 0.997487 0.165000
v -0.864330 0.925000 0.204330
v -0.889054 0.840587 0.229054
v -0.897487 0.750000 0.237487
v -0.889054 0.659413 0.229054
v -0.864330 0.575000 0.204330
v -0.825000 0.502513 0.165000
v -0.773744 0.446891 0.113743
v -0.714054 0.411926 0.054054
v -0.733691 1.088074 0.024666
v -0.811679 1.053109 0.056969
v -0.878649 0.997487 0.084709
v -0.930036 0.925000 0.105994
v -0.962340 0.840587 0.119375
v -0.973358 0.750000 0.123939
v -0.962340 0.659413 0.119375
v -0.930036 0.575000 0.105994
v -0.878649 0.502513 0.084709
v -0.811679 0.446891 0.056969
v -0.733691 0.411926 0.024666
v -0.740587 1.088074 -0.010000
v -0.825000 1.053109 -0.010000
v -0.897487 0.997487 -0.010000
v -0.953109 0.925000 -0.010000
v -0.988074 0.840587 -0.010000
v -1.000000 0.750000 -0.010000
v -0.988074 0.659413 -0.010000
v -0.953109 0.575000 -0.010000
v -0.897487 0.502513 -0.010000
v -0.825000 0.446891 -0.010000
v -0.740587 0.411926 -0.010000
v -0.733691 1.088074 -0.044666
v -0.811679 1.053109 -0.076970
v -0.878648 0.997487 -0.104710
v -0.930036 0.925000 -0.125995
v -0.962340 0.840587 -0.139376
v -0.973358 0.750000 -0.143940
v -0.962340 0.659413 -0.139376
v -0.930036 0.575000 -0.125995
v -0.878648 0.502513 -0.104710
v -0.811679 0.446891 -0.076970
v -0.733691 0.411926 -0.044666
v -0.714054 1.088074 -0.074055
v -0.773744 1.053109 -0.133744
v -0.825000 0.997487 -0.185000
v -0.864330 0.925000 -0.224331
v -0.889054 0.840587 -0.249055
v -0.897487 0.750000 -0.257488
v -0.889054 0.659413 -0.249055
v -0.864330 0.575000 -0.224331
v -0.825000 0.502513 -0.185000
v -0.773744 0.446891 -0.133744
v -0.714054 0.411926 -0.074055
v -0.684666 1.088074 -0.093691
v -0.716969 1.053109 -0.171679
v -0.744709 0.997487 -0.238649
v -0.765995 0.925000 -0.290036
v -0.779375 0.840587 -0.322340
v -0.783939 0.750000 -0.333358
v -0.779375 0.659413 -0.322340
v -0.765995 0.575000 -0.290036
v -0.744709 0.502513 -0.238649
v -0.716969 0.446891 -0.171679
v -0.684666 0.411926 -0.093691
v -0.650000 0.997487 -0.257488
v -0.650000 0.502513 -0.257488
vt 0.750000 0.187500
vt 0.750000 0.250000
vt 0.708333 0.250000
vt 0.708333 0.187500
vt 0.750000 0.625000
vt 0.750000 0.687500
vt 0.708333 0.687500
vt 0.708333 0.625000
vt 0.750000 0.125000
vt 0.708333 0.125000
vt 0.750000 0.562500
vt 0.708333 0.562500
vt 0.750000 0.062500
vt 0.708333 0.062500
vt 0.750000 0.500000
vt 0.708333 0.500000
vt 0.750000 0.937500
vt 0.729167 1.000000
vt 0.708333 0.937500
vt 0.729167 0.000000
vt 0.750000 0.437500
vt 0.708333 0.437500
vt 0.750000 0.875000
vt 0.708333 0.875000
vt 0.750000 0.375000
vt 0.708333 0.375000
vt 0.750000 0.812500
vt 0.708333 0.812500
vt 0.750000 0.312500
vt 0.708333 0.312500
vt 0.750000 0.750000
vt 0.708333 0.750000
vt 0.666667 0.312500
vt 0.666667 0.250000
vt 0.666667 0.750000
vt 0.666667 0.687500
vt 0.666667 0.187500
vt 0.666667 0.625000
vt 0.666667 0.125000
vt 0.666667 0.562500
vt 0.666667 0.062500
vt 0.666667 0.500000
vt 0.687500 1.000000
vt 0.666667 0.937500
vt 0.687500 0.000000
vt 0.666667 0.437500
vt 0.666667 0.875000
vt 0.666667 0.375000
vt 0.666667 0.812500
vt 0.645833 1.000000
vt 0.625000 0.937500
vt 0.645833 0.000000
vt 0.625000 0.062500
vt 0.625000 0.500000
vt 0.625000 0.437500
vt 0.625000 0.875000
vt 0.625000 0.375000
vt 0.625000 0.812500
vt 0.625000 0.312500
vt 0.625000 0.750000
vt 0.625000 0.250000
vt 0.625000 0.687500
vt 0.625000 0.187500
vt 0.625000 0.625000
vt 0.625000 0.125000
vt 0.625000 0.562500
vt 0.583333 0.750000
vt 0.583333 0.687500
vt 0.583333 0.250000
vt 0.583333 0.187500
vt 0.583333 0.625000
vt 0.583333 0.125000
vt 0.583333 0.562500
vt 0.583333 0.062500
vt 0.583333 0.500000
vt 0.604167 1.000000
vt 0.583333 0.937500
vt 0.604167 0.000000
vt 0.583333 0.437500
vt 0.583333 0.875000
vt 0.583333 0.375000
vt 0.583333 0.812500
vt 0.583333 0.312500
vt 0.541667 0.500000
vt 0.541667 0.437500
vt 0.541667 0.937500
vt 0.541667 0.875000
vt 0.541667 0.375000
vt 0.541667 0.812500
vt 0.541667 0.312500
vt 0.541667 0.750000
vt 0.541667 0.250000
vt 0.541667 0.687500
vt 0.541667 0.187500
vt 0.541667 0.625000
vt 0.541667 0.125000
vt 0.541667 0.562500
vt 0.541667 0.062500
vt 0.562500 1.000000
vt 0.562500 0.000000
vt 0.500000 0.250000
vt 0.500000 0.187500
vt 0.500000 0.687500
vt 0.500000 0.625000
vt 0.500000 0.125000
vt 0.500000 0.562500
vt 0.500000 0.062500
vt 0.500000 0.500000
vt 0.520833 1.000000
vt 0.500000 0.937500
vt 0.520833 0.000000
vt 0.500000 0.437500
vt 0.500000 0.875000
vt 0.500000 0.375000
vt 0.500000 0.812500
vt 0.500000 0.312500
vt 0.500000 0.750000
vt 0.458333 0.437500
vt 0.458333 0.375000
vt 0.458333 0.875000
vt 0.458333 0.812500
vt 0.458333 0.312500
vt 0.458333 0.750000
vt 0.458333 0.250000
vt 0.458333 0.687500
vt 0.458333 0.187500
vt 0.458333 0.625000
vt 0.458333 0.125000
vt 0.458333 0.562500
vt 0.458333 0.062500
vt 0.458333 0.500000
vt 0.479167 1.000000
vt 0.458333 0.937500
vt 0.479167 0.000000
vt 0.416667 0.187500
vt 0.416667 0.125000
vt 0.416667 0.625000
vt 0.416667 0.562500
vt 0.416667 0.062500
vt 0.416667 0.500000
vt 0.437500 1.000000
vt 0.416667 0.937500
vt 0.437500 0.000000
vt 0.416667 0.437500
vt 0.416667 0.875000
vt 0.416667 0.375000
vt 0.416667 0.812500
vt 0.416667 0.312500
vt 0.416667 0.750000
vt 0.416667 0.250000
vt 0.416667 0.687500
vt 0.375000 0.875000
vt 0.375000 0.812500
vt 0.375000 0.375000
vt 0.375000 0.312500
vt 0.375000 0.750000
vt 0.375000 0.250000
vt 0.375000 0.687500
vt 0.375000 0.187500
vt 0.375000 0.625000
vt 0.375000 0.125000
vt 0.375000 0.562500
vt 0.375000 0.062500
vt 0.375000 0.500000
vt 0.395833 1.000000
vt 0.375000 0.937500
vt 0.395833 0.000000
vt 0.375000 0.437500
vt 0.333333 0.625000
vt 0.333333 0.562500
vt 0.333333 0.125000
vt 0.333333 0.062500
vt 0.333333 0.500000
vt 0.354167 1.000000
vt 0.333333 0.937500
vt 0.354167 0.000000
vt 0.333333 0.437500
vt 0.333333 0.875000
vt 0.333333 0.375000
vt 0.333333 0.812500
vt 0.333333 0.312500
vt 0.333333 0.750000
vt 0.333333 0.250000
vt 0.333333 0.687500
vt 0.333333 0.187500
vt 0.291667 0.375000
vt 0.291667 0.312500
vt 0.291667 0.812500
vt 0.291667 0.750000
vt 0.291667 0.250000
vt 0.291667 0.687500
vt 0.291667 0.187500
vt 0.291667 0.625000
vt 0.291667 0.125000
vt 0.291667 0.562500
vt 0.291667 0.062500
vt 0.291667 0.500000
vt 0.312500 1.000000
vt 0.291667 0.937500
vt 0.312500 0.000000
vt 0.291667 0.437500
vt 0.291667 0.875000
vt 0.250000 0.125000
vt 0.250000 0.062500
vt 0.250000 0.562500
vt 0.250000 0.500000
vt 0.270833 1.000000
vt 0.250000 0.937500
vt 0.270833 0.000000
vt 0.250000 0.437500
vt 0.250000 0.875000
vt 0.250000 0.375000
vt 0.250000 0.812500
vt 0.250000 0.312500
vt 0.250000 0.750000
vt 0.250000 0.250000
vt 0.250000 0.687500
vt 0.250000 0.187500
vt 0.250000 0.625000
vt 0.208333 0.812500
vt 0.208333 0.750000
vt 0.208333 0.312500
vt 0.208333 0.250000
vt 0.208333 0.687500
vt 0.208333 0.187500
vt 0.208333 0.625000
vt 0.208333 0.125000
vt 0.208333 0.562500
vt 0.208333 0.062500
vt 0.208333 0.500000
vt 0.229167 1.000000
vt 0.208333 0.937500
vt 0.229167 0.000000
vt 0.208333 0.437500
vt 0.208333 0.875000
vt 0.208333 0.375000
vt 0.166667 0.562500
vt 0.166667 0.500000
vt 0.187500 1.000000
vt 0.166667 0.937500
vt 0.187500 0.000000
vt 0.166667 0.062500
vt 0.166667 0.437500
vt 0.166667 0.875000
vt 0.166667 0.375000
vt 0.166667 0.812500
vt 0.166667 0.312500
vt 0.166667 0.750000
vt 0.166667 0.250000
vt 0.166667 0.687500
vt 0.166667 0.187500
vt 0.166667 0.625000
vt 0.166667 0.125000
vt 0.125000 0.312500
vt 0.125000 0.250000
vt 0.125000 0.750000
vt 0.125000 0.687500
vt 0.125000 0.187500
vt 0.125000 0.625000
vt 0.125000 0.125000
vt 0.125000 0.562500
vt 0.125000 0.062500
vt 0.125000 0.500000
vt 0.145833 1.000000
vt 0.125000 0.937500
vt 0.145833 0.000000
vt 0.125000 0.437500
vt 0.125000 0.875000
vt 0.125000 0.375000
vt 0.125000 0.812500
vt 0.104167 0.000000
vt 0.083333 0.062500
vt 0.083333 0.500000
vt 0.083333 0.437500
vt 0.083333 0.937500
vt 0.083333 0.875000
vt 0.083333 0.375000
vt 0.083333 0.812500
vt 0.083333 0.312500
vt 0.083333 0.750000
vt 0.083333 0.250000
vt 0.083333 0.687500
vt 0.083333 0.187500
vt 0.083333 0.625000
vt 0.083333 0.125000
vt 0.083333 0.562500
vt 0.104167 1.000000
vt 0.041667 0.250000
vt 0.041667 0.187500
vt 0.041667 0.687500
vt 0.041667 0.625000
vt 0.041667 0.125000
vt 0.041667 0.562500
vt 0.041667 0.062500
vt 0.041667 0.500000
vt 0.062500 1.000000
vt 0.041667 0.937500
vt 0.062500 0.000000
vt 0.041667 0.437500
vt 0.041667 0.875000
vt 0.041667 0.375000
vt 0.041667 0.812500
vt 0.041667 0.312500
vt 0.041667 0.750000
vt 0.000000 0.937500
vt 0.000000 0.875000
vt 0.000000 0.437500
vt 0.000000 0.375000
vt 0.000000 0.812500
vt 0.000000 0.312500
vt 0.000000 0.750000
vt 0.000000 0.250000
vt 0.000000 0.687500
vt 0.000000 0.187500
vt 0.000000 0.625000
vt 0.000000 0.125000
vt 0.000000 0.562500
vt 0.000000 0.062500
vt 0.000000 0.500000
vt 0.020833 1.000000
vt 0.020833 0.000000
vt 1.000000 0.625000
vt 1.000000 0.687500
vt 0.958333 0.687500
vt 0.958333 0.625000
vt 1.000000 0.125000
vt 1.000000 0.187500
vt 0.958333 0.187500
vt 0.958333 0.125000
vt 1.000000 0.562500
vt 0.958333 0.562500
vt 1.000000 0.062500
vt 0.958333 0.062500
vt 1.000000 0.500000
vt 0.958333 0.500000
vt 1.000000 0.937500
vt 0.979167 1.000000
vt 0.958333 0.937500
vt 0.979167 0.000000
vt 1.000000 0.437500
vt 0.958333 0.437500
vt 1.000000 0.875000
vt 0.958333 0.875000
vt 1.000000 0.375000
vt 0.958333 0.375000
vt 1.000000 0.812500
vt 0.958333 0.812500
vt 1.000000 0.312500
vt 0.958333 0.312500
vt 1.000000 0.750000
vt 0.958333 0.750000
vt 1.000000 0.250000
vt 0.958333 0.250000
vt 0.916667 0.437500
vt 0.916667 0.375000
vt 0.916667 0.875000
vt 0.916667 0.812500
vt 0.916667 0.312500
vt 0.916667 0.750000
vt 0.916667 0.250000
vt 0.916667 0.687500
vt 0.916667 0.187500
vt 0.916667 0.625000
vt 0.916667 0.125000
vt 0.916667 0.562500
vt 0.916667 0.062500
vt 0.916667 0.500000
vt 0.937500 1.000000
vt 0.916667 0.937500
vt 0.937500 0.000000
vt 0.875000 0.187500
vt 0.875000 0.125000
vt 0.875000 0.625000
vt 0.875000 0.562500
vt 0.875000 0.062500
vt 0.875000 0.500000
vt 0.895833 1.000000
vt 0.875000 0.937500
vt 0.895833 0.000000
vt 0.875000 0.437500
vt 0.875000 0.875000
vt 0.875000 0.375000
vt 0.875000 0.812500
vt 0.875000 0.312500
vt 0.875000 0.750000
vt 0.875000 0.250000
vt 0.875000 0.687500
vt 0.833333 0.875000
vt 0.833333 0.812500
vt 0.833333 0.375000
vt 0.833333 0.312500
vt 0.833333 0.750000
vt 0.833333 0.250000
vt 0.833333 0.687500
vt 0.833333 0.187500
vt 0.833333 0.625000
vt 0.833333 0.125000
vt 0.833333 0.562500
vt 0.833333 0.062500
vt 0.833333 0.500000
vt 0.854167 1.000000
vt 0.833333 0.937500
vt 0.854167 0.000000
vt 0.833333 0.437500
vt 0.791667 0.625000
vt 0.791667 0.562500
vt 0.791667 0.125000
vt 0.791667 0.062500
vt 0.791667 0.500000
vt 0.812500 1.000000
vt 0.791667 0.937500
vt 0.812500 0.000000
vt 0.791667 0.437500
vt 0.791667 0.875000
vt 0.791667 0.375000
vt 0.791667 0.812500
vt 0.791667 0.312500
vt 0.791667 0.750000
vt 0.791667 0.250000
vt 0.791667 0.687500
vt 0.791667 0.187500
vt 0.770833 1.000000
vt 0.770833 0.000000
vt 0.750000 0.916667
vt 0.718750 1.000000
vt 0.687500 0.916667
vt 0.750000 0.333333
vt 0.750000 0.416667
vt 0.687500 0.416667
vt 0.687500 0.333333
vt 0.750000 0.583333
vt 0.750000 0.666667
vt 0.687500 0.666667
vt 0.687500 0.583333
vt 0.718750 0.000000
vt 0.750000 0.083333
vt 0.687500 0.083333
vt 0.750000 0.833333
vt 0.687500 0.833333
vt 0.750000 0.250000
vt 0.687500 0.250000
vt 0.750000 0.500000
vt 0.687500 0.500000
vt 0.750000 0.750000
vt 0.687500 0.750000
vt 0.750000 0.166667
vt 0.687500 0.166667
vt 0.625000 0.583333
vt 0.625000 0.500000
vt 0.625000 0.833333
vt 0.625000 0.750000
vt 0.625000 0.250000
vt 0.625000 0.166667
vt 0.625000 0.416667
vt 0.625000 0.666667
vt 0.625000 0.083333
vt 0.656250 1.000000
vt 0.625000 0.916667
vt 0.625000 0.333333
vt 0.656250 0.000000
vt 0.562500 0.666667
vt 0.562500 0.583333
vt 0.593750 0.000000
vt 0.562500 0.083333
vt 0.562500 0.916667
vt 0.562500 0.833333
vt 0.562500 0.333333
vt 0.562500 0.250000
vt 0.562500 0.500000
vt 0.562500 0.750000
vt 0.562500 0.166667
vt 0.562500 0.416667
vt 0.593750 1.000000
vt 0.500000 0.500000
vt 0.500000 0.416667
vt 0.500000 0.750000
vt 0.500000 0.666667
vt 0.500000 0.166667
vt 0.500000 0.083333
vt 0.531250 1.000000
vt 0.500000 0.916667
vt 0.500000 0.333333
vt 0.500000 0.583333
vt 0.531250 0.000000
vt 0.500000 0.833333
vt 0.500000 0.250000
vt 0.437500 0.583333
vt 0.437500 0.500000
vt 0.437500 0.833333
vt 0.437500 0.750000
vt 0.437500 0.250000
vt 0.437500 0.166667
vt 0.437500 0.416667
vt 0.437500 0.666667
vt 0.437500 0.083333
vt 0.468750 1.000000
vt 0.437500 0.916667
vt 0.437500 0.333333
vt 0.468750 0.000000
vt 0.375000 0.416667
vt 0.375000 0.333333
vt 0.375000 0.666667
vt 0.375000 0.583333
vt 0.406250 0.000000
vt 0.375000 0.083333
vt 0.375000 0.916667
vt 0.375000 0.833333
vt 0.375000 0.250000
vt 0.375000 0.500000
vt 0.375000 0.750000
vt 0.375000 0.166667
vt 0.406250 1.000000
vt 0.312500 0.500000
vt 0.312500 0.416667
vt 0.312500 0.750000
vt 0.312500 0.666667
vt 0.312500 0.166667
vt 0.312500 0.083333
vt 0.343750 1.000000
vt 0.312500 0.916667
vt 0.312500 0.333333
vt 0.312500 0.583333
vt 0.343750 0.000000
vt 0.312500 0.833333
vt 0.312500 0.250000
vt 0.250000 0.333333
vt 0.250000 0.250000
vt 0.250000 0.583333
vt 0.250000 0.500000
vt 0.250000 0.833333
vt 0.250000 0.750000
vt 0.250000 0.166667
vt 0.250000 0.416667
vt 0.250000 0.666667
vt 0.250000 0.083333
vt 0.281250 1.000000
vt 0.250000 0.916667
vt 0.281250 0.000000
vt 0.218750 1.000000
vt 0.187500 0.916667
vt 0.187500 0.416667
vt 0.187500 0.333333
vt 0.187500 0.666667
vt 0.187500 0.583333
vt 0.218750 0.000000
vt 0.187500 0.083333
vt 0.187500 0.833333
vt 0.187500 0.250000
vt 0.187500 0.500000
vt 0.187500 0.750000
vt 0.187500 0.166667
vt 0.125000 0.250000
vt 0.125000 0.166667
vt 0.125000 0.500000
vt 0.125000 0.416667
vt 0.125000 0.750000
vt 0.125000 0.666667
vt 0.125000 0.083333
vt 0.156250 1.000000
vt 0.125000 0.916667
vt 0.125000 0.333333
vt 0.125000 0.583333
vt 0.156250 0.000000
vt 0.125000 0.833333
vt 0.062500 0.916667
vt 0.062500 0.833333
vt 0.062500 0.333333
vt 0.062500 0.250000
vt 0.062500 0.583333
vt 0.062500 0.500000
vt 0.062500 0.750000
vt 0.062500 0.166667
vt 0.062500 0.416667
vt 0.062500 0.666667
vt 0.062500 0.083333
vt 0.093750 1.000000
vt 0.093750 0.000000
vt 0.000000 0.166667
vt 0.000000 0.083333
vt 0.031250 1.000000
vt 0.000000 0.916667
vt 0.000000 0.416667
vt 0.000000 0.333333
vt 0.000000 0.666667
vt 0.000000 0.583333
vt 0.031250 0.000000
vt 0.000000 0.833333
vt 0.000000 0.250000
vt 0.000000 0.500000
vt 0.000000 0.750000
vt 1.000000 0.750000
vt 1.000000 0.833333
vt 0.937500 0.833333
vt 0.937500 0.750000
vt 1.000000 0.166667
vt 1.000000 0.250000
vt 0.937500 0.250000
vt 0.937500 0.166667
vt 1.000000 0.416667
vt 1.000000 0.500000
vt 0.937500 0.500000
vt 0.937500 0.416667
vt 1.000000 0.666667
vt 0.937500 0.666667
vt 1.000000 0.083333
vt 0.937500 0.083333
vt 1.000000 0.916667
vt 0.968750 1.000000
vt 0.937500 0.916667
vt 1.000000 0.333333
vt 0.937500 0.333333
vt 1.000000 0.583333
vt 0.937500 0.583333
vt 0.968750 0.000000
vt 0.906250 0.000000
vt 0.875000 0.083333
vt 0.875000 0.916667
vt 0.875000 0.833333
vt 0.875000 0.333333
vt 0.875000 0.250000
vt 0.875000 0.583333
vt 0.875000 0.500000
vt 0.875000 0.750000
vt 0.875000 0.166667
vt 0.875000 0.416667
vt 0.875000 0.666667
vt 0.906250 1.000000
vt 0.812500 0.750000
vt 0.812500 0.666667
vt 0.812500 0.166667
vt 0.812500 0.083333
vt 0.843750 1.000000
vt 0.812500 0.916667
vt 0.812500 0.416667
vt 0.812500 0.333333
vt 0.812500 0.583333
vt 0.843750 0.000000
vt 0.812500 0.833333
vt 0.812500 0.250000
vt 0.812500 0.500000
vt 0.781250 1.000000
vt 0.781250 0.000000
vt 0.750000 0.500000
vt 0.750000 0.583333
vt 0.687500 0.583333
vt 0.687500 0.500000
vt 0.750000 0.750000
vt 0.750000 0.833333
vt 0.687500 0.833333
vt 0.687500 0.750000
vt 0.750000 0.166667
vt 0.750000 0.250000
vt 0.687500 0.250000
vt 0.687500 0.166667
vt 0.750000 0.416667
vt 0.687500 0.416667
vt 0.750000 0.666667
vt 0.687500 0.666667
vt 0.750000 0.083333
vt 0.687500 0.083333
vt 0.750000 0.916667
vt 0.718750 1.000000
vt 0.687500 0.916667
vt 0.750000 0.333333
vt 0.687500 0.333333
vt 0.718750 0.000000
vt 0.625000 0.750000
vt 0.625000 0.666667
vt 0.625000 0.166667
vt 0.625000 0.083333
vt 0.656250 1.000000
vt 0.625000 0.916667
vt 0.625000 0.416667
vt 0.625000 0.333333
vt 0.625000 0.583333
vt 0.656250 0.000000
vt 0.625000 0.833333
vt 0.625000 0.250000
vt 0.625000 0.500000
vt 0.562500 0.833333
vt 0.562500 0.750000
vt 0.562500 0.250000
vt 0.562500 0.166667
vt 0.562500 0.500000
vt 0.562500 0.416667
vt 0.562500 0.666667
vt 0.562500 0.083333
vt 0.593750 1.000000
vt 0.562500 0.916667
vt 0.562500 0.333333
vt 0.562500 0.583333
vt 0.593750 0.000000
vt 0.500000 0.666667
vt 0.500000 0.583333
vt 0.531250 0.000000
vt 0.500000 0.083333
vt 0.500000 0.916667
vt 0.500000 0.833333
vt 0.500000 0.333333
vt 0.500000 0.250000
vt 0.500000 0.500000
vt 0.500000 0.750000
vt 0.500000 0.166667
vt 0.500000 0.416667
vt 0.531250 1.000000
vt 0.437500 0.750000
vt 0.437500 0.666667
vt 0.437500 0.166667
vt 0.437500 0.083333
vt 0.468750 1.000000
vt 0.437500 0.916667
vt 0.437500 0.416667
vt 0.437500 0.333333
vt 0.437500 0.583333
vt 0.468750 0.000000
vt 0.437500 0.833333
vt 0.437500 0.250000
vt 0.437500 0.500000
vt 0.375000 0.583333
vt 0.375000 0.500000
vt 0.375000 0.833333
vt 0.375000 0.750000
vt 0.375000 0.250000
vt 0.375000 0.166667
vt 0.375000 0.416667
vt 0.375000 0.666667
vt 0.375000 0.083333
vt 0.406250 1.000000
vt 0.375000 0.916667
vt 0.375000 0.333333
vt 0.406250 0.000000
vt 0.312500 0.666667
vt 0.312500 0.583333
vt 0.343750 0.000000
vt 0.312500 0.083333
vt 0.312500 0.916667
vt 0.312500 0.833333
vt 0.312500 0.333333
vt 0.312500 0.250000
vt 0.312500 0.500000
vt 0.312500 0.750000
vt 0.312500 0.166667
vt 0.312500 0.416667
vt 0.343750 1.000000
vt 0.250000 0.500000
vt 0.250000 0.416667
vt 0.250000 0.750000
vt 0.250000 0.666667
vt 0.250000 0.166667
vt 0.250000 0.083333
vt 0.281250 1.000000
vt 0.250000 0.916667
vt 0.250000 0.333333
vt 0.250000 0.583333
vt 0.281250 0.000000
vt 0.250000 0.833333
vt 0.250000 0.250000
vt 0.187500 0.583333
vt 0.187500 0.500000
vt 0.187500 0.833333
vt 0.187500 0.750000
vt 0.187500 0.250000
vt 0.187500 0.166667
vt 0.187500 0.416667
vt 0.187500 0.666667
vt 0.187500 0.083333
vt 0.218750 1.000000
vt 0.187500 0.916667
vt 0.187500 0.333333
vt 0.218750 0.000000
vt 0.125000 0.416667
vt 0.125000 0.333333
vt 0.125000 0.666667
vt 0.125000 0.583333
vt 0.156250 0.000000
vt 0.125000 0.083333
vt 0.125000 0.916667
vt 0.125000 0.833333
vt 0.125000 0.250000
vt 0.125000 0.500000
vt 0.125000 0.750000
vt 0.125000 0.166667
vt 0.156250 1.000000
vt 0.062500 0.500000
vt 0.062500 0.416667
vt 0.062500 0.750000
vt 0.062500 0.666667
vt 0.062500 0.166667
vt 0.062500 0.083333
vt 0.093750 1.000000
vt 0.062500 0.916667
vt 0.062500 0.333333
vt 0.062500 0.583333
vt 0.093750 0.000000
vt 0.062500 0.833333
vt 0.062500 0.250000
vt 0.000000 0.333333
vt 0.000000 0.250000
vt 0.000000 0.583333
vt 0.000000 0.500000
vt 0.000000 0.833333
vt 0.000000 0.750000
vt 0.000000 0.166667
vt 0.000000 0.416667
vt 0.000000 0.666667
vt 0.000000 0.083333
vt 0.031250 1.000000
vt 0.000000 0.916667
vt 0.031250 0.000000
vt 1.000000 0.916667
vt 0.968750 1.000000
vt 0.937500 0.916667
vt 1.000000 0.333333
vt 1.000000 0.416667
vt 0.937500 0.416667
vt 0.937500 0.333333
vt 1.000000 0.583333
vt 1.000000 0.666667
vt 0.937500 0.666667
vt 0.937500 0.583333
vt 0.968750 0.000000
vt 1.000000 0.083333
vt 0.937500 0.083333
vt 1.000000 0.833333
vt 0.937500 0.833333
vt 1.000000 0.250000
vt 0.937500 0.250000
vt 1.000000 0.500000
vt 0.937500 0.500000
vt 1.000000 0.750000
vt 0.937500 0.750000
vt 1.000000 0.166667
vt 0.937500 0.166667
vt 0.875000 0.250000
vt 0.875000 0.166667
vt 0.875000 0.500000
vt 0.875000 0.416667
vt 0.875000 0.750000
vt 0.875000 0.666667
vt 0.875000 0.083333
vt 0.906250 1.000000
vt 0.875000 0.916667
vt 0.875000 0.333333
vt 0.875000 0.583333
vt 0.906250 0.000000
vt 0.875000 0.833333
vt 0.812500 0.916667
vt 0.812500 0.833333
vt 0.812500 0.333333
vt 0.812500 0.250000
vt 0.812500 0.583333
vt 0.812500 0.500000
vt 0.812500 0.750000
vt 0.812500 0.166667
vt 0.812500 0.416667
vt 0.812500 0.666667
vt 0.812500 0.083333
vt 0.843750 1.000000
vt 0.843750 0.000000
vt 0.781250 1.000000
vt 0.781250 0.000000
vt 0.750000 0.125000
vt 0.750000 0.250000
vt 0.666667 0.250000
vt 0.666667 0.125000
vt 0.750000 0.375000
vt 0.750000 0.500000
vt 0.666667 0.500000
vt 0.666667 0.375000
vt 0.750000 0.625000
vt 0.750000 0.750000
vt 0.666667 0.750000
vt 0.666667 0.625000
vt 0.750000 0.875000
vt 0.708333 1.000000
vt 0.666667 0.875000
vt 0.708333 0.000000
vt 0.625000 0.000000
vt 0.583333 0.125000
vt 0.583333 0.375000
vt 0.583333 0.250000
vt 0.583333 0.625000
vt 0.583333 0.500000
vt 0.583333 0.875000
vt 0.583333 0.750000
vt 0.625000 1.000000
vt 0.500000 0.625000
vt 0.500000 0.500000
vt 0.500000 0.875000
vt 0.500000 0.750000
vt 0.500000 0.250000
vt 0.500000 0.125000
vt 0.500000 0.375000
vt 0.541667 1.000000
vt 0.541667 0.000000
vt 0.416667 0.250000
vt 0.416667 0.125000
vt 0.416667 0.500000
vt 0.416667 0.375000
vt 0.416667 0.750000
vt 0.416667 0.625000
vt 0.458333 1.000000
vt 0.416667 0.875000
vt 0.458333 0.000000
vt 0.333333 0.750000
vt 0.333333 0.625000
vt 0.375000 1.000000
vt 0.333333 0.875000
vt 0.375000 0.000000
vt 0.333333 0.125000
vt 0.333333 0.375000
vt 0.333333 0.250000
vt 0.333333 0.500000
vt 0.291667 0.000000
vt 0.250000 0.125000
vt 0.250000 0.375000
vt 0.250000 0.250000
vt 0.250000 0.625000
vt 0.250000 0.500000
vt 0.250000 0.875000
vt 0.250000 0.750000
vt 0.291667 1.000000
vt 0.166667 0.875000
vt 0.166667 0.750000
vt 0.166667 0.250000
vt 0.166667 0.125000
vt 0.166667 0.500000
vt 0.166667 0.375000
vt 0.166667 0.625000
vt 0.208333 1.000000
vt 0.208333 0.000000
vt 0.083333 0.250000
vt 0.083333 0.125000
vt 0.083333 0.500000
vt 0.083333 0.375000
vt 0.083333 0.750000
vt 0.083333 0.625000
vt 0.125000 1.000000
vt 0.083333 0.875000
vt 0.125000 0.000000
vt 0.041667 1.000000
vt 0.000000 0.875000
vt 0.041667 0.000000
vt 0.000000 0.125000
vt 0.000000 0.375000
vt 0.000000 0.250000
vt 0.000000 0.625000
vt 0.000000 0.500000
vt 0.000000 0.750000
vt 1.000000 0.250000
vt 1.000000 0.375000
vt 0.916667 0.375000
vt 0.916667 0.250000
vt 1.000000 0.500000
vt 1.000000 0.625000
vt 0.916667 0.625000
vt 0.916667 0.500000
vt 1.000000 0.750000
vt 1.000000 0.875000
vt 0.916667 0.875000
vt 0.916667 0.750000
vt 1.000000 0.125000
vt 0.916667 0.125000
vt 0.958333 1.000000
vt 0.958333 0.000000
vt 0.833333 0.250000
vt 0.833333 0.125000
vt 0.833333 0.500000
vt 0.833333 0.375000
vt 0.833333 0.750000
vt 0.833333 0.625000
vt 0.875000 1.000000
vt 0.833333 0.875000
vt 0.875000 0.000000
vt 0.791667 1.000000
vt 0.791667 0.000000
vt 0.750000 0.875000
vt 0.708333 1.000000
vt 0.666667 0.875000
vt 0.708333 0.000000
vt 0.750000 0.125000
vt 0.666667 0.125000
vt 0.750000 0.250000
vt 0.750000 0.375000
vt 0.666667 0.375000
vt 0.666667 0.250000
vt 0.750000 0.500000
vt 0.750000 0.625000
vt 0.666667 0.625000
vt 0.666667 0.500000
vt 0.750000 0.750000
vt 0.666667 0.750000
vt 0.583333 0.625000
vt 0.583333 0.500000
vt 0.583333 0.875000
vt 0.583333 0.750000
vt 0.583333 0.250000
vt 0.583333 0.125000
vt 0.583333 0.375000
vt 0.625000 1.000000
vt 0.625000 0.000000
vt 0.500000 0.250000
vt 0.500000 0.125000
vt 0.500000 0.500000
vt 0.500000 0.375000
vt 0.500000 0.750000
vt 0.500000 0.625000
vt 0.541667 1.000000
vt 0.500000 0.875000
vt 0.541667 0.000000
vt 0.416667 0.750000
vt 0.416667 0.625000
vt 0.458333 1.000000
vt 0.416667 0.875000
vt 0.458333 0.000000
vt 0.416667 0.125000
vt 0.416667 0.375000
vt 0.416667 0.250000
vt 0.416667 0.500000
vt 0.375000 0.000000
vt 0.333333 0.125000
vt 0.333333 0.375000
vt 0.333333 0.250000
vt 0.333333 0.625000
vt 0.333333 0.500000
vt 0.333333 0.875000
vt 0.333333 0.750000
vt 0.375000 1.000000
vt 0.250000 0.875000
vt 0.250000 0.750000
vt 0.250000 0.250000
vt 0.250000 0.125000
vt 0.250000 0.500000
vt 0.250000 0.375000
vt 0.250000 0.625000
vt 0.291667 1.000000
vt 0.291667 0.000000
vt 0.166667 0.250000
vt 0.166667 0.125000
vt 0.166667 0.500000
vt 0.166667 0.375000
vt 0.166667 0.750000
vt 0.166667 0.625000
vt 0.208333 1.000000
vt 0.166667 0.875000
vt 0.208333 0.000000
vt 0.125000 1.000000
vt 0.083333 0.875000
vt 0.125000 0.000000
vt 0.083333 0.125000
vt 0.083333 0.375000
vt 0.083333 0.250000
vt 0.083333 0.625000
vt 0.083333 0.500000
vt 0.083333 0.750000
vt 0.000000 0.375000
vt 0.000000 0.250000
vt 0.000000 0.625000
vt 0.000000 0.500000
vt 0.000000 0.875000
vt 0.000000 0.750000
vt 0.000000 0.125000
vt 0.041667 1.000000
vt 0.041667 0.000000
vt 1.000000 0.125000
vt 1.000000 0.250000
vt 0.916667 0.250000
vt 0.916667 0.125000
vt 1.000000 0.375000
vt 1.000000 0.500000
vt 0.916667 0.500000
vt 0.916667 0.375000
vt 1.000000 0.625000
vt 1.000000 0.750000
vt 0.916667 0.750000
vt 0.916667 0.625000
vt 1.000000 0.875000
vt 0.958333 1.000000
vt 0.916667 0.875000
vt 0.958333 0.000000
vt 0.833333 0.500000
vt 0.833333 0.375000
vt 0.833333 0.750000
vt 0.833333 0.625000
vt 0.875000 1.000000
vt 0.833333 0.875000
vt 0.875000 0.000000
vt 0.833333 0.125000
vt 0.833333 0.250000
vt 0.791667 0.000000
vt 0.791667 1.000000
vt 0.750000 0.250000
vt 0.750000 0.375000
vt 0.666667 0.375000
vt 0.666667 0.250000
vt 0.750000 0.500000
vt 0.750000 0.625000
vt 0.666667 0.625000
vt 0.666667 0.500000
vt 0.750000 0.750000
vt 0.750000 0.875000
vt 0.666667 0.875000
vt 0.666667 0.750000
vt 0.750000 0.125000
vt 0.666667 0.125000
vt 0.708333 1.000000
vt 0.708333 0.000000
vt 0.583333 0.250000
vt 0.583333 0.125000
vt 0.583333 0.500000
vt 0.583333 0.375000
vt 0.583333 0.750000
vt 0.583333 0.625000
vt 0.625000 1.000000
vt 0.583333 0.875000
vt 0.625000 0.000000
vt 0.500000 0.750000
vt 0.500000 0.625000
vt 0.541667 1.000000
vt 0.500000 0.875000
vt 0.541667 0.000000
vt 0.500000 0.125000
vt 0.500000 0.375000
vt 0.500000 0.250000
vt 0.500000 0.500000
vt 0.458333 0.000000
vt 0.416667 0.125000
vt 0.416667 0.375000
vt 0.416667 0.250000
vt 0.416667 0.625000
vt 0.416667 0.500000
vt 0.416667 0.875000
vt 0.416667 0.750000
vt 0.458333 1.000000
vt 0.333333 0.875000
vt 0.333333 0.750000
vt 0.333333 0.250000
vt 0.333333 0.125000
vt 0.333333 0.500000
vt 0.333333 0.375000
vt 0.333333 0.625000
vt 0.375000 1.000000
vt 0.375000 0.000000
vt 0.250000 0.250000
vt 0.250000 0.125000
vt 0.250000 0.500000
vt 0.250000 0.375000
vt 0.250000 0.750000
vt 0.250000 0.625000
vt 0.291667 1.000000
vt 0.250000 0.875000
vt 0.291667 0.000000
vt 0.208333 1.000000
vt 0.166667 0.875000
vt 0.208333 0.000000
vt 0.166667 0.125000
vt 0.166667 0.375000
vt 0.166667 0.250000
vt 0.166667 0.625000
vt 0.166667 0.500000
vt 0.166667 0.750000
vt 0.083333 0.375000
vt 0.083333 0.250000
vt 0.083333 0.625000
vt 0.083333 0.500000
vt 0.083333 0.875000
vt 0.083333 0.750000
vt 0.083333 0.125000
vt 0.125000 1.000000
vt 0.125000 0.000000
vt 0.000000 0.250000
vt 0.000000 0.125000
vt 0.000000 0.500000
vt 0.000000 0.375000
vt 0.000000 0.750000
vt 0.000000 0.625000
vt 0.041667 1.000000
vt 0.000000 0.875000
vt 0.041667 0.000000
vt 1.000000 0.375000
vt 1.000000 0.500000
vt 0.916667 0.500000
vt 0.916667 0.375000
vt 1.000000 0.625000
vt 1.000000 0.750000
vt 0.916667 0.750000
vt 0.916667 0.625000
vt 1.000000 0.875000
vt 0.958333 1.000000
vt 0.916667 0.875000
vt 0.958333 0.000000
vt 1.000000 0.125000
vt 0.916667 0.125000
vt 1.000000 0.250000
vt 0.916667 0.250000
vt 0.875000 0.000000
vt 0.833333 0.125000
vt 0.833333 0.375000
vt 0.833333 0.250000
vt 0.833333 0.625000
vt 0.833333 0.500000
vt 0.833333 0.875000
vt 0.833333 0.750000
vt 0.875000 1.000000
vt 0.791667 1.000000
vt 0.791667 0.000000
vt 0.750000 0.125000
vt 0.750000 0.250000
vt 0.666667 0.250000
vt 0.666667 0.125000
vt 0.750000 0.375000
vt 0.750000 0.500000
vt 0.666667 0.500000
vt 0.666667 0.375000
vt 0.750000 0.625000
vt 0.750000 0.750000
vt 0.666667 0.750000
vt 0.666667 0.625000
vt 0.750000 0.875000
vt 0.708333 1.000000
vt 0.666667 0.875000
vt 0.708333 0.000000
vt 0.583333 0.750000
vt 0.583333 0.625000
vt 0.625000 1.000000
vt 0.583333 0.875000
vt 0.625000 0.000000
vt 0.583333 0.125000
vt 0.583333 0.375000
vt 0.583333 0.250000
vt 0.583333 0.500000
vt 0.541667 0.000000
vt 0.500000 0.125000
vt 0.500000 0.375000
vt 0.500000 0.250000
vt 0.500000 0.625000
vt 0.500000 0.500000
vt 0.500000 0.875000
vt 0.500000 0.750000
vt 0.541667 1.000000
vt 0.416667 0.875000
vt 0.416667 0.750000
vt 0.416667 0.250000
vt 0.416667 0.125000
vt 0.416667 0.500000
vt 0.416667 0.375000
vt 0.416667 0.625000
vt 0.458333 1.000000
vt 0.458333 0.000000
vt 0.333333 0.250000
vt 0.333333 0.125000
vt 0.333333 0.500000
vt 0.333333 0.375000
vt 0.333333 0.750000
vt 0.333333 0.625000
vt 0.375000 1.000000
vt 0.333333 0.875000
vt 0.375000 0.000000
vt 0.291667 1.000000
vt 0.250000 0.875000
vt 0.291667 0.000000
vt 0.250000 0.125000
vt 0.250000 0.375000
vt 0.250000 0.250000
vt 0.250000 0.625000
vt 0.250000 0.500000
vt 0.250000 0.750000
vt 0.166667 0.375000
vt 0.166667 0.250000
vt 0.166667 0.625000
vt 0.166667 0.500000
vt 0.166667 0.875000
vt 0.166667 0.750000
vt 0.166667 0.125000
vt 0.208333 1.000000
vt 0.208333 0.000000
vt 0.083333 0.250000
vt 0.083333 0.125000
vt 0.083333 0.500000
vt 0.083333 0.375000
vt 0.083333 0.750000
vt 0.083333 0.625000
vt 0.125000 1.000000
vt 0.083333 0.875000
vt 0.125000 0.000000
vt 0.000000 0.500000
vt 0.000000 0.375000
vt 0.000000 0.750000
vt 0.000000 0.625000
vt 0.041667 1.000000
vt 0.000000 0.875000
vt 0.041667 0.000000
vt 0.000000 0.125000
vt 0.000000 0.250000
vt 0.958333 0.000000
vt 1.000000 0.125000
vt 0.916667 0.125000
vt 1.000000 0.250000
vt 1.000000 0.375000
vt 0.916667 0.375000
vt 0.916667 0.250000
vt 1.000000 0.500000
vt 1.000000 0.625000
vt 0.916667 0.625000
vt 0.916667 0.500000
vt 1.000000 0.750000
vt 1.000000 0.875000
vt 0.916667 0.875000
vt 0.916667 0.750000
vt 0.958333 1.000000
vt 0.833333 0.625000
vt 0.833333 0.500000
vt 0.833333 0.875000
vt 0.833333 0.750000
vt 0.833333 0.250000
vt 0.833333 0.125000
vt 0.833333 0.375000
vt 0.875000 1.000000
vt 0.875000 0.000000
vt 0.791667 1.000000
vt 0.791667 0.000000
vn -0.0000 -0.8277 -0.5612
vn -0.0000 -0.7031 -0.7111
vn 0.1841 -0.7031 -0.6869
vn 0.1452 -0.8277 -0.5420
vn -0.0000 0.3798 -0.9251
vn -0.0000 0.5518 -0.8340
vn 0.2158 0.5518 -0.8055
vn 0.2394 0.3798 -0.8935
vn -0.0000 -0.9210 -0.3896
vn 0.1008 -0.9210 -0.3763
vn -0.0000 0.1935 -0.9811
vn 0.2539 0.1935 -0.9477
vn -0.0000 -0.9792 -0.2029
vn 0.0525 -0.9792 -0.1960
vn -0.0000 -0.0000 -1.0000
vn 0.2588 -0.0000 -0.9659
vn -0.0000 0.9792 -0.2029
vn -0.0000 1.0000 -0.0000
vn 0.0525 0.9792 -0.1960
vn -0.0000 -1.0000 0.0000
vn -0.0000 -0.1935 -0.9811
vn 0.2539 -0.1935 -0.9477
vn -0.0000 0.9210 -0.3896
vn 0.1008 0.9210 -0.3763
vn -0.0000 -0.3798 -0.9251
vn 0.2394 -0.3798 -0.8935
vn -0.0000 0.8277 -0.5612
vn 0.1452 0.8277 -0.5420
vn -0.0000 -0.5518 -0.8340
vn 0.2158 -0.5518 -0.8055
vn -0.0000 0.7031 -0.7111
vn 0.1841 0.7031 -0.6869
vn 0.4170 -0.5518 -0.7222
vn 0.3556 -0.7031 -0.6159
vn 0.3556 0.7031 -0.6159
vn 0.4170 0.5518 -0.7222
vn 0.2806 -0.8277 -0.4860
vn 0.4625 0.3798 -0.8011
vn 0.1948 -0.9210 -0.3374
vn 0.4905 0.1935 -0.8496
vn 0.1015 -0.9792 -0.1757
vn 0.5000 0.0000 -0.8660
vn 0.1015 0.9792 -0.1757
vn 0.4905 -0.1935 -0.8496
vn 0.1948 0.9210 -0.3374
vn 0.4625 -0.3798 -0.8011
vn 0.2806 0.8277 -0.4860
vn 0.1435 0.9792 -0.1435
vn 0.1435 -0.9792 -0.1435
vn 0.7071 0.0000 -0.7071
vn 0.6937 -0.1935 -0.6937
vn 0.2755 0.9210 -0.2755
vn 0.6541 -0.3798 -0.6541
vn 0.3968 0.8277 -0.3968
vn 0.5897 -0.5518 -0.5897
vn 0.5029 0.7031 -0.5029
vn 0.5029 -0.7031 -0.5029
vn 0.5897 0.5518 -0.5897
vn 0.3968 -0.8277 -0.3968
vn 0.6541 0.3798 -0.6541
vn 0.2755 -0.9210 -0.2755
vn 0.6937 0.1935 -0.6937
vn 0.6159 0.7031 -0.3556
vn 0.7222 0.5518 -0.4170
vn 0.6159 -0.7031 -0.3556
vn 0.4860 -0.8277 -0.2806
vn 0.8011 0.3798 -0.4625
vn 0.3374 -0.9210 -0.1948
vn 0.8496 0.1935 -0.4905
vn 0.1757 -0.9792 -0.1015
vn 0.8660 0.0000 -0.5000
vn 0.1757 0.9792 -0.1015
vn 0.8496 -0.1935 -0.4905
vn 0.3374 0.9210 -0.1948
vn 0.8011 -0.3798 -0.4625
vn 0.4860 0.8277 -0.2806
vn 0.7222 -0.5518 -0.4170
vn 0.9659 0.0000 -0.2588
vn 0.9477 -0.1935 -0.2539
vn 0.1960 0.9792 -0.0525
vn 0.3763 0.9210 -0.1008
vn 0.8935 -0.3798 -0.2394
vn 0.5420 0.8277 -0.1452
vn 0.8055 -0.5518 -0.2158
vn 0.6869 0.7031 -0.1841
vn 0.6869 -0.7031 -0.1841
vn 0.8055 0.5518 -0.2158
vn 0.5420 -0.8277 -0.1452
vn 0.8935 0.3798 -0.2394
vn 0.3763 -0.9210 -0.1008
vn 0.9477 0.1935 -0.2539
vn 0.1960 -0.9792 -0.0525
vn 0.7111 -0.7031 -0.0000
vn 0.5612 -0.8277 -0.0000
vn 0.8340 0.5518 0.0000
vn 0.9251 0.3798 0.0000
vn 0.3896 -0.9210 0.0000
vn 0.9811 0.1935 0.0000
vn 0.2029 -0.9792 0.0000
vn 1.0000 -0.0000 0.0000
vn 0.2029 0.9792 -0.0000
vn 0.9811 -0.1935 0.0000
vn 0.3896 0.9210 -0.0000
vn 0.9251 -0.3798 0.0000
vn 0.5612 0.8277 -0.0000
vn 0.8340 -0.5518 0.0000
vn 0.7111 0.7031 0.0000
vn 0.9477 -0.1935 0.2539
vn 0.8935 -0.3798 0.2394
vn 0.3763 0.9210 0.1008
vn 0.5420 0.8277 0.1452
vn 0.8055 -0.5518 0.2158
vn 0.6869 0.7031 0.1841
vn 0.6869 -0.7031 0.1841
vn 0.8055 0.5518 0.2158
vn 0.5420 -0.8277 0.1452
vn 0.8935 0.3798 0.2394
vn 0.3763 -0.9210 0.1008
vn 0.9477 0.1935 0.2539
vn 0.1960 -0.9792 0.0525
vn 0.9659 -0.0000 0.2588
vn 0.1960 0.9792 0.0525
vn 0.4860 -0.8277 0.2806
vn 0.3374 -0.9210 0.1948
vn 0.8011 0.3798 0.4625
vn 0.8496 0.1935 0.4905
vn 0.1757 -0.9792 0.1015
vn 0.8660 0.0000 0.5000
vn 0.1757 0.9792 0.1015
vn 0.8496 -0.1935 0.4905
vn 0.3374 0.9210 0.1948
vn 0.8011 -0.3798 0.4625
vn 0.4860 0.8277 0.2806
vn 0.7222 -0.5518 0.4170
vn 0.6159 0.7031 0.3556
vn 0.6159 -0.7031 0.3556
vn 0.7222 0.5518 0.4170
vn 0.2755 0.9210 0.2755
vn 0.3968 0.8277 0.3968
vn 0.6541 -0.3798 0.6541
vn 0.5897 -0.5518 0.5897
vn 0.5029 0.7031 0.5029
vn 0.5029 -0.7031 0.5029
vn 0.5897 0.5518 0.5897
vn 0.3968 -0.8277 0.3968
vn 0.6541 0.3798 0.6541
vn 0.2755 -0.9210 0.2755
vn 0.6937 0.1935 0.6937
vn 0.1435 -0.9792 0.1435
vn 0.7071 0.0000 0.7071
vn 0.1435 0.9792 0.1435
vn 0.6937 -0.1935 0.6937
vn 0.4625 0.3798 0.8011
vn 0.4905 0.1935 0.8496
vn 0.1948 -0.9210 0.3374
vn 0.1015 -0.9792 0.1757
vn 0.5000 -0.0000 0.8660
vn 0.1015 0.9792 0.1757
vn 0.4905 -0.1935 0.8496
vn 0.1948 0.9210 0.3374
vn 0.4625 -0.3798 0.8011
vn 0.2806 0.8277 0.4860
vn 0.4170 -0.5518 0.7222
vn 0.3556 0.7031 0.6159
vn 0.3556 -0.7031 0.6159
vn 0.4170 0.5518 0.7222
vn 0.2806 -0.8277 0.4860
vn 0.2394 -0.3798 0.8935
vn 0.2158 -0.5518 0.8055
vn 0.1452 0.8277 0.5420
vn 0.1841 0.7031 0.6869
vn 0.1841 -0.7031 0.6869
vn 0.2158 0.5518 0.8055
vn 0.1452 -0.8277 0.5420
vn 0.2394 0.3798 0.8935
vn 0.1008 -0.9210 0.3763
vn 0.2539 0.1935 0.9477
vn 0.0525 -0.9792 0.1960
vn 0.2588 -0.0000 0.9659
vn 0.0525 0.9792 0.1960
vn 0.2539 -0.1935 0.9477
vn 0.1008 0.9210 0.3763
vn -0.0000 -0.9210 0.3896
vn 0.0000 -0.9792 0.2029
vn 0.0000 0.1935 0.9811
vn -0.0000 0.0000 1.0000
vn 0.0000 0.9792 0.2029
vn 0.0000 -0.1935 0.9811
vn -0.0000 0.9210 0.3896
vn -0.0000 -0.3798 0.9251
vn -0.0000 0.8277 0.5612
vn -0.0000 -0.5518 0.8340
vn -0.0000 0.7031 0.7111
vn -0.0000 -0.7031 0.7111
vn -0.0000 0.5518 0.8340
vn -0.0000 -0.8277 0.5612
vn -0.0000 0.3798 0.9251
vn -0.1452 0.8277 0.5420
vn -0.1841 0.7031 0.6869
vn -0.2158 -0.5518 0.8055
vn -0.1841 -0.7031 0.6869
vn -0.2158 0.5518 0.8055
vn -0.1452 -0.8277 0.5420
vn -0.2394 0.3798 0.8935
vn -0.1008 -0.9210 0.3763
vn -0.2539 0.1935 0.9477
vn -0.0525 -0.9792 0.1960
vn -0.2588 0.0000 0.9659
vn -0.0525 0.9792 0.1960
vn -0.2539 -0.1935 0.9477
vn -0.1008 0.9210 0.3763
vn -0.2394 -0.3798 0.8935
vn -0.4905 0.1935 0.8496
vn -0.5000 0.0000 0.8660
vn -0.1015 0.9792 0.1757
vn -0.1015 -0.9792 0.1757
vn -0.4905 -0.1935 0.8496
vn -0.1948 0.9210 0.3374
vn -0.4625 -0.3798 0.8011
vn -0.2806 0.8277 0.4860
vn -0.4170 -0.5518 0.7222
vn -0.3556 0.7031 0.6159
vn -0.3556 -0.7031 0.6159
vn -0.4170 0.5518 0.7222
vn -0.2806 -0.8277 0.4860
vn -0.4625 0.3798 0.8011
vn -0.1948 -0.9210 0.3374
vn -0.5897 -0.5518 0.5897
vn -0.5029 -0.7031 0.5029
vn -0.5029 0.7031 0.5029
vn -0.5897 0.5518 0.5897
vn -0.3968 -0.8277 0.3968
vn -0.6541 0.3798 0.6541
vn -0.2755 -0.9210 0.2755
vn -0.6937 0.1935 0.6937
vn -0.1435 -0.9792 0.1435
vn -0.7071 0.0000 0.7071
vn -0.1435 0.9792 0.1435
vn -0.6937 -0.1935 0.6937
vn -0.2755 0.9210 0.2755
vn -0.6541 -0.3798 0.6541
vn -0.3968 0.8277 0.3968
vn -0.1757 -0.9792 0.1015
vn -0.8660 0.0000 0.5000
vn -0.8496 -0.1935 0.4905
vn -0.1757 0.9792 0.1015
vn -0.3374 0.9210 0.1948
vn -0.8011 -0.3798 0.4625
vn -0.4860 0.8277 0.2806
vn -0.7222 -0.5518 0.4170
vn -0.6159 0.7031 0.3556
vn -0.6159 -0.7031 0.3556
vn -0.7222 0.5518 0.4170
vn -0.4860 -0.8277 0.2806
vn -0.8011 0.3798 0.4625
vn -0.3374 -0.9210 0.1948
vn -0.8496 0.1935 0.4905
vn -0.6869 -0.7031 0.1841
vn -0.5420 -0.8277 0.1452
vn -0.8055 0.5518 0.2158
vn -0.8935 0.3798 0.2394
vn -0.3763 -0.9210 0.1008
vn -0.9477 0.1935 0.2539
vn -0.1960 -0.9792 0.0525
vn -0.9659 0.0000 0.2588
vn -0.1960 0.9792 0.0525
vn -0.9477 -0.1935 0.2539
vn -0.3763 0.9210 0.1008
vn -0.8935 -0.3798 0.2394
vn -0.5420 0.8277 0.1452
vn -0.8055 -0.5518 0.2158
vn -0.6869 0.7031 0.1841
vn -0.2029 0.9792 0.0000
vn -0.3896 0.9210 0.0000
vn -0.9811 -0.1935 0.0000
vn -0.9251 -0.3798 -0.0000
vn -0.5612 0.8277 -0.0000
vn -0.8340 -0.5518 -0.0000
vn -0.7111 0.7031 -0.0000
vn -0.7111 -0.7031 -0.0000
vn -0.8340 0.5518 -0.0000
vn -0.5612 -0.8277 -0.0000
vn -0.9251 0.3798 -0.0000
vn -0.3896 -0.9210 0.0000
vn -0.9811 0.1935 0.0000
vn -0.2029 -0.9792 0.0000
vn -1.0000 -0.0000 -0.0000
vn -0.8055 0.5518 -0.2158
vn -0.8935 0.3798 -0.2394
vn -0.5420 -0.8277 -0.1452
vn -0.3763 -0.9210 -0.1008
vn -0.9477 0.1935 -0.2539
vn -0.1960 -0.9792 -0.0525
vn -0.9659 -0.0000 -0.2588
vn -0.1960 0.9792 -0.0525
vn -0.9477 -0.1935 -0.2539
vn -0.3763 0.9210 -0.1008
vn -0.8935 -0.3798 -0.2394
vn -0.5420 0.8277 -0.1452
vn -0.8055 -0.5518 -0.2158
vn -0.6869 0.7031 -0.1841
vn -0.6869 -0.7031 -0.1841
vn -0.8496 -0.1935 -0.4905
vn -0.8011 -0.3798 -0.4625
vn -0.3374 0.9210 -0.1948
vn -0.4860 0.8277 -0.2806
vn -0.7222 -0.5518 -0.4170
vn -0.6159 0.7031 -0.3556
vn -0.6159 -0.7031 -0.3556
vn -0.7222 0.5518 -0.4170
vn -0.4860 -0.8277 -0.2806
vn -0.8011 0.3798 -0.4625
vn -0.3374 -0.9210 -0.1948
vn -0.8496 0.1935 -0.4905
vn -0.1757 -0.9792 -0.1015
vn -0.8660 0.0000 -0.5000
vn -0.1757 0.9792 -0.1015
vn -0.3968 -0.8277 -0.3968
vn -0.2755 -0.9210 -0.2755
vn -0.6541 0.3798 -0.6541
vn -0.6937 0.1935 -0.6937
vn -0.1435 -0.9792 -0.1435
vn -0.7071 0.0000 -0.7071
vn -0.1435 0.9792 -0.1435
vn -0.6937 -0.1935 -0.6937
vn -0.2755 0.9210 -0.2755
vn -0.6541 -0.3798 -0.6541
vn -0.3968 0.8277 -0.3968
vn -0.5897 -0.5518 -0.5897
vn -0.5029 0.7031 -0.5029
vn -0.5029 -0.7031 -0.5029
vn -0.5897 0.5518 -0.5897
vn -0.1948 0.9210 -0.3374
vn -0.2806 0.8277 -0.4860
vn -0.4625 -0.3798 -0.8011
vn -0.4170 -0.5518 -0.7222
vn -0.3556 0.7031 -0.6159
vn -0.3556 -0.7031 -0.6159
vn -0.4170 0.5518 -0.7222
vn -0.2806 -0.8277 -0.4860
vn -0.4625 0.3798 -0.8011
vn -0.1948 -0.9210 -0.3374
vn -0.4905 0.1935 -0.8496
vn -0.1015 -0.9792 -0.1757
vn -0.5000 0.0000 -0.8660
vn -0.1015 0.9792 -0.1757
vn -0.4905 -0.1935 -0.8496
vn -0.2394 0.3798 -0.8935
vn -0.2539 0.1935 -0.9477
vn -0.1008 -0.9210 -0.3763
vn -0.0525 -0.9792 -0.1960
vn -0.2588 -0.0000 -0.9659
vn -0.0525 0.9792 -0.1960
vn -0.2539 -0.1935 -0.9477
vn -0.1008 0.9210 -0.3763
vn -0.2394 -0.3798 -0.8935
vn -0.1452 0.8277 -0.5420
vn -0.2158 -0.5518 -0.8055
vn -0.1841 0.7031 -0.6869
vn -0.1841 -0.7031 -0.6869
vn -0.2158 0.5518 -0.8055
vn -0.1452 -0.8277 -0.5420
vn -0.0000 0.9618 -0.2739
vn 0.1048 0.9618 -0.2531
vn -0.0000 -0.4931 -0.8700
vn -0.0000 -0.2549 -0.9670
vn 0.3700 -0.2549 -0.8934
vn 0.3329 -0.4931 -0.8038
vn -0.0000 0.2549 -0.9670
vn -0.0000 0.4931 -0.8700
vn 0.3329 0.4931 -0.8038
vn 0.3700 0.2549 -0.8934
vn -0.0000 -0.9618 -0.2739
vn 0.1048 -0.9618 -0.2531
vn -0.0000 0.8590 -0.5120
vn 0.1959 0.8590 -0.4730
vn 0.0000 -0.6991 -0.7151
vn 0.2736 -0.6991 -0.6606
vn 0.3827 -0.0000 -0.9239
vn 0.0000 0.6991 -0.7151
vn 0.2736 0.6991 -0.6606
vn -0.0000 -0.8590 -0.5120
vn 0.1959 -0.8590 -0.4730
vn 0.6838 0.2549 -0.6838
vn 0.3621 0.8590 -0.3621
vn 0.5056 0.6991 -0.5056
vn 0.5056 -0.6991 -0.5056
vn 0.3621 -0.8590 -0.3621
vn 0.6838 -0.2549 -0.6838
vn 0.6152 0.4931 -0.6152
vn 0.1937 -0.9618 -0.1937
vn 0.1937 0.9618 -0.1937
vn 0.6152 -0.4931 -0.6152
vn 0.8038 0.4931 -0.3329
vn 0.8934 0.2549 -0.3700
vn 0.2531 -0.9618 -0.1048
vn 0.2531 0.9618 -0.1048
vn 0.4730 0.8590 -0.1959
vn 0.8038 -0.4931 -0.3329
vn 0.6606 -0.6991 -0.2736
vn 0.9239 0.0000 -0.3827
vn 0.6606 0.6991 -0.2736
vn 0.4730 -0.8590 -0.1959
vn 0.8934 -0.2549 -0.3700
vn 0.9670 -0.2549 0.0000
vn 0.7151 0.6991 0.0000
vn 0.8700 0.4931 0.0000
vn 0.5120 -0.8590 0.0000
vn 0.2739 -0.9618 0.0000
vn 0.2739 0.9618 0.0000
vn 0.8700 -0.4931 0.0000
vn 0.9670 0.2549 0.0000
vn 0.5120 0.8590 0.0000
vn 0.7151 -0.6991 0.0000
vn 0.8934 0.2549 0.3700
vn 0.9239 0.0000 0.3827
vn 0.4730 0.8590 0.1959
vn 0.6606 0.6991 0.2736
vn 0.6606 -0.6991 0.2736
vn 0.4730 -0.8590 0.1959
vn 0.8934 -0.2549 0.3700
vn 0.8038 0.4931 0.3329
vn 0.2531 -0.9618 0.1048
vn 0.2531 0.9618 0.1048
vn 0.8038 -0.4931 0.3329
vn 0.6838 -0.2549 0.6838
vn 0.6152 -0.4931 0.6152
vn 0.6152 0.4931 0.6152
vn 0.6838 0.2549 0.6838
vn 0.1937 -0.9618 0.1937
vn 0.1937 0.9618 0.1937
vn 0.3621 0.8590 0.3621
vn 0.5056 -0.6991 0.5056
vn 0.5056 0.6991 0.5056
vn 0.3621 -0.8590 0.3621
vn 0.3827 -0.0000 0.9239
vn 0.3700 -0.2549 0.8934
vn 0.2736 0.6991 0.6606
vn 0.3329 0.4931 0.8038
vn 0.1959 -0.8590 0.4730
vn 0.1048 -0.9618 0.2531
vn 0.1048 0.9618 0.2531
vn 0.3329 -0.4931 0.8038
vn 0.3700 0.2549 0.8934
vn 0.1959 0.8590 0.4730
vn 0.2736 -0.6991 0.6606
vn -0.0000 -0.4931 0.8700
vn -0.0000 -0.6991 0.7151
vn -0.0000 0.2549 0.9670
vn 0.0000 0.8590 0.5120
vn -0.0000 0.6991 0.7151
vn 0.0000 -0.8590 0.5120
vn -0.0000 -0.2549 0.9670
vn -0.0000 0.4931 0.8700
vn -0.0000 -0.9618 0.2739
vn -0.0000 0.9618 0.2739
vn -0.1048 0.9618 0.2531
vn -0.3700 -0.2549 0.8934
vn -0.3329 -0.4931 0.8038
vn -0.3329 0.4931 0.8038
vn -0.3700 0.2549 0.8934
vn -0.1048 -0.9618 0.2531
vn -0.1959 0.8590 0.4730
vn -0.2736 -0.6991 0.6606
vn -0.3827 0.0000 0.9239
vn -0.2736 0.6991 0.6606
vn -0.1959 -0.8590 0.4730
vn -0.5056 -0.6991 0.5056
vn -0.3621 -0.8590 0.3621
vn -0.6838 -0.2549 0.6838
vn -0.5056 0.6991 0.5056
vn -0.6152 0.4931 0.6152
vn -0.1937 -0.9618 0.1937
vn -0.1937 0.9618 0.1937
vn -0.6152 -0.4931 0.6152
vn -0.6838 0.2549 0.6838
vn -0.3621 0.8590 0.3621
vn -0.2531 0.9618 0.1048
vn -0.4730 0.8590 0.1959
vn -0.8038 -0.4931 0.3329
vn -0.6606 -0.6991 0.2736
vn -0.8934 0.2549 0.3700
vn -0.9239 0.0000 0.3827
vn -0.6606 0.6991 0.2736
vn -0.4730 -0.8590 0.1959
vn -0.8934 -0.2549 0.3700
vn -0.8038 0.4931 0.3329
vn -0.2531 -0.9618 0.1048
vn -0.5120 -0.8590 -0.0000
vn -0.2739 -0.9618 -0.0000
vn -0.2739 0.9618 -0.0000
vn -0.9670 -0.2549 -0.0000
vn -0.8700 -0.4931 -0.0000
vn -0.8700 0.4931 -0.0000
vn -0.9670 0.2549 -0.0000
vn -0.5120 0.8590 0.0000
vn -0.7151 -0.6991 -0.0000
vn -0.7151 0.6991 -0.0000
vn -0.4730 0.8590 -0.1959
vn -0.6606 0.6991 -0.2736
vn -0.6606 -0.6991 -0.2736
vn -0.4730 -0.8590 -0.1959
vn -0.9239 0.0000 -0.3827
vn -0.8934 -0.2549 -0.3700
vn -0.8038 0.4931 -0.3329
vn -0.2531 -0.9618 -0.1048
vn -0.2531 0.9618 -0.1048
vn -0.8038 -0.4931 -0.3329
vn -0.8934 0.2549 -0.3700
vn -0.1937 -0.9618 -0.1937
vn -0.1937 0.9618 -0.1937
vn -0.3621 0.8590 -0.3621
vn -0.6152 -0.4931 -0.6152
vn -0.5056 -0.6991 -0.5056
vn -0.6838 0.2549 -0.6838
vn -0.5056 0.6991 -0.5056
vn -0.3621 -0.8590 -0.3621
vn -0.6838 -0.2549 -0.6838
vn -0.6152 0.4931 -0.6152
vn -0.2736 0.6991 -0.6606
vn -0.3329 0.4931 -0.8038
vn -0.1959 -0.8590 -0.4730
vn -0.1048 -0.9618 -0.2531
vn -0.1048 0.9618 -0.2531
vn -0.3700 -0.2549 -0.8934
vn -0.3329 -0.4931 -0.8038
vn -0.3700 0.2549 -0.8934
vn -0.1959 0.8590 -0.4730
vn -0.2736 -0.6991 -0.6606
vn -0.3827 0.0000 -0.9239
vn 0.0000 -0.9122 -0.4097
vn -0.0000 -0.6913 -0.7226
vn 0.3613 -0.6913 -0.6258
vn 0.2049 -0.9122 -0.3548
vn 0.0000 -0.3718 -0.9283
vn 0.4642 -0.3718 -0.8040
vn -0.0000 0.3718 -0.9283
vn -0.0000 0.6913 -0.7226
vn 0.3613 0.6913 -0.6258
vn 0.4642 0.3718 -0.8040
vn 0.0000 0.9122 -0.4097
vn 0.2049 0.9122 -0.3548
vn 0.3548 -0.9122 -0.2048
vn 0.8040 -0.3718 -0.4642
vn 0.6258 -0.6913 -0.3613
vn 0.8040 0.3718 -0.4642
vn 0.3548 0.9122 -0.2048
vn 0.6258 0.6913 -0.3613
vn 0.9283 0.3718 0.0000
vn 0.4097 0.9122 -0.0000
vn 0.7226 0.6913 0.0000
vn 0.7226 -0.6913 0.0000
vn 0.4097 -0.9122 0.0000
vn 0.9283 -0.3718 0.0000
vn 0.6258 -0.6913 0.3613
vn 0.3548 -0.9122 0.2048
vn 0.8040 -0.3718 0.4642
vn 0.6258 0.6913 0.3613
vn 0.8040 0.3718 0.4642
vn 0.3548 0.9122 0.2048
vn 0.3613 0.6913 0.6258
vn 0.4642 0.3718 0.8040
vn 0.2049 0.9122 0.3548
vn 0.2049 -0.9122 0.3548
vn 0.4642 -0.3718 0.8040
vn 0.3613 -0.6913 0.6258
vn 0.0000 -0.9122 0.4097
vn -0.0000 -0.3718 0.9283
vn 0.0000 -0.6913 0.7226
vn -0.0000 0.3718 0.9283
vn 0.0000 0.9122 0.4097
vn 0.0000 0.6913 0.7226
vn -0.2048 0.9122 0.3548
vn -0.3613 0.6913 0.6258
vn -0.3613 -0.6913 0.6258
vn -0.2048 -0.9122 0.3548
vn -0.4642 -0.3718 0.8040
vn -0.4642 0.3718 0.8040
vn -0.6258 -0.6913 0.3613
vn -0.3548 -0.9122 0.2048
vn -0.8040 -0.3718 0.4642
vn -0.6258 0.6913 0.3613
vn -0.8040 0.3718 0.4642
vn -0.3548 0.9122 0.2049
vn -0.4097 0.9122 0.0000
vn -0.4097 -0.9122 -0.0000
vn -0.9283 -0.3718 -0.0000
vn -0.7226 -0.6913 -0.0000
vn -0.9283 0.3718 -0.0000
vn -0.7226 0.6913 -0.0000
vn -0.8040 -0.3718 -0.4642
vn -0.6258 -0.6913 -0.3613
vn -0.8040 0.3718 -0.4642
vn -0.3548 0.9122 -0.2048
vn -0.6258 0.6913 -0.3613
vn -0.3548 -0.9122 -0.2048
vn -0.3613 -0.6913 -0.6258
vn -0.2049 -0.9122 -0.3548
vn -0.4642 -0.3718 -0.8040
vn -0.3613 0.6913 -0.6258
vn -0.4642 0.3718 -0.8040
vn -0.2049 0.9122 -0.3548
vn -0.2049 -0.9122 0.3548
vn -0.2049 0.9122 0.3548
vn -0.3548 0.9122 0.2048
vn -0.0000 -0.4092 -0.9124
vn -0.0000 -0.1801 -0.9836
vn 0.1879 -0.2104 -0.9594
vn 0.1665 -0.4633 -0.8704
vn -0.0000 0.1801 -0.9836
vn 0.1879 0.2104 -0.9594
vn 0.1929 -0.0000 -0.9812
vn -0.0000 0.4092 -0.9124
vn -0.0000 0.7464 -0.6655
vn 0.1042 0.7808 -0.6161
vn 0.1665 0.4633 -0.8704
vn -0.0000 -0.7464 -0.6655
vn 0.1042 -0.7808 -0.6161
vn 0.3975 -0.6320 -0.6653
vn 0.2246 -0.8653 -0.4482
vn 0.5618 0.0000 -0.8273
vn 0.5171 -0.3370 -0.7868
vn 0.3975 0.6320 -0.6653
vn 0.5171 0.3370 -0.7868
vn 0.2246 0.8653 -0.4482
vn 0.6329 0.7742 0.0000
vn 0.8897 0.4566 0.0000
vn 0.3442 0.9389 -0.0000
vn 0.3442 -0.9389 -0.0000
vn 0.8897 -0.4566 0.0000
vn 0.6329 -0.7742 0.0000
vn 0.2246 -0.8653 0.4482
vn 0.5171 -0.3370 0.7868
vn 0.3975 -0.6320 0.6653
vn 0.5171 0.3370 0.7868
vn 0.5618 -0.0000 0.8273
vn 0.2246 0.8653 0.4482
vn 0.3975 0.6320 0.6653
vn 0.1042 0.7808 0.6161
vn 0.1665 0.4633 0.8704
vn 0.1665 -0.4633 0.8704
vn 0.1042 -0.7808 0.6161
vn 0.1929 -0.0000 0.9812
vn 0.1879 -0.2104 0.9594
vn 0.1879 0.2104 0.9594
vn -0.0000 -0.4092 0.9124
vn -0.0000 -0.7464 0.6655
vn -0.0000 -0.1801 0.9836
vn -0.0000 0.4092 0.9124
vn -0.0000 0.1801 0.9836
vn -0.0000 0.7464 0.6655
vn -0.1042 0.7808 0.6161
vn -0.1042 -0.7808 0.6161
vn -0.1879 -0.2104 0.9594
vn -0.1665 -0.4633 0.8704
vn -0.1879 0.2104 0.9594
vn -0.1929 0.0000 0.9812
vn -0.1665 0.4633 0.8704
vn -0.5171 -0.3370 0.7868
vn -0.3975 -0.6320 0.6653
vn -0.5171 0.3370 0.7868
vn -0.5618 0.0000 0.8273
vn -0.2246 0.8653 0.4482
vn -0.3975 0.6320 0.6653
vn -0.2246 -0.8653 0.4482
vn -0.6329 -0.7742 -0.0000
vn -0.3442 -0.9389 -0.0000
vn -0.8897 -0.4566 0.0000
vn -0.6329 0.7742 -0.0000
vn -0.8897 0.4566 -0.0000
vn -0.3442 0.9389 -0.0000
vn -0.5618 0.0000 -0.8273
vn -0.5171 -0.3370 -0.7868
vn -0.3975 0.6320 -0.6653
vn -0.5171 0.3370 -0.7868
vn -0.2246 0.8653 -0.4482
vn -0.2246 -0.8653 -0.4482
vn -0.3975 -0.6320 -0.6653
vn -0.1042 -0.7808 -0.6161
vn -0.1879 -0.2104 -0.9594
vn -0.1665 -0.4633 -0.8704
vn -0.1879 0.2104 -0.9594
vn -0.1929 0.0000 -0.9812
vn -0.1042 0.7808 -0.6161
vn -0.1665 0.4633 -0.8704
usemtl M_Pink
s 1
f 360/1/1 359/2/2 15/3/3 16/4/4
f 2/5/5 1/6/6 8/7/7 9/8/8
f 361/9/9 360/1/1 16/4/4 17/10/10
f 355/11/11 2/5/5 9/8/8 10/12/12
f 362/13/13 361/9/9 17/10/10 18/14/14
f 356/15/15 355/11/11 10/12/12 11/16/16
f 351/17/17 199/18/18 4/19/19
f 215/20/20 362/13/13 18/14/14
f 357/21/21 356/15/15 11/16/16 12/22/22
f 352/23/23 351/17/17 4/19/19 5/24/24
f 358/25/25 357/21/21 12/22/22 13/26/26
f 353/27/27 352/23/23 5/24/24 6/28/28
f 3/29/29 358/25/25 13/26/26 14/30/30
f 354/31/31 353/27/27 6/28/28 7/32/32
f 359/2/2 3/29/29 14/30/30 15/3/3
f 1/6/6 354/31/31 7/32/32 8/7/7
f 15/3/3 14/30/30 29/33/33 30/34/34
f 8/7/7 7/32/32 22/35/35 23/36/36
f 16/4/4 15/3/3 30/34/34 31/37/37
f 9/8/8 8/7/7 23/36/36 24/38/38
f 17/10/10 16/4/4 31/37/37 32/39/39
f 10/12/12 9/8/8 24/38/38 25/40/40
f 18/14/14 17/10/10 32/39/39 33/41/41
f 11/16/16 10/12/12 25/40/40 26/42/42
f 4/19/19 199/43/18 19/44/43
f 215/45/20 18/14/14 33/41/41
f 12/22/22 11/16/16 26/42/42 27/46/44
f 5/24/24 4/19/19 19/44/43 20/47/45
f 13/26/26 12/22/22 27/46/44 28/48/46
f 6/28/28 5/24/24 20/47/45 21/49/47
f 14/30/30 13/26/26 28/48/46 29/33/33
f 7/32/32 6/28/28 21/49/47 22/35/35
f 19/44/43 199/50/18 34/51/48
f 215/52/20 33/41/41 48/53/49
f 27/46/44 26/42/42 41/54/50 42/55/51
f 20/47/45 19/44/43 34/51/48 35/56/52
f 28/48/46 27/46/44 42/55/51 43/57/53
f 21/49/47 20/47/45 35/56/52 36/58/54
f 29/33/33 28/48/46 43/57/53 44/59/55
f 22/35/35 21/49/47 36/58/54 37/60/56
f 30/34/34 29/33/33 44/59/55 45/61/57
f 23/36/36 22/35/35 37/60/56 38/62/58
f 31/37/37 30/34/34 45/61/57 46/63/59
f 24/38/38 23/36/36 38/62/58 39/64/60
f 32/39/39 31/37/37 46/63/59 47/65/61
f 25/40/40 24/38/38 39/64/60 40/66/62
f 33/41/41 32/39/39 47/65/61 48/53/49
f 26/42/42 25/40/40 40/66/62 41/54/50
f 38/62/58 37/60/56 52/67/63 53/68/64
f 46/63/59 45/61/57 60/69/65 61/70/66
f 39/64/60 38/62/58 53/68/64 54/71/67
f 47/65/61 46/63/59 61/70/66 62/72/68
f 40/66/62 39/64/60 54/71/67 55/73/69
f 48/53/49 47/65/61 62/72/68 63/74/70
f 41/54/50 40/66/62 55/73/69 56/75/71
f 34/51/48 199/76/18 49/77/72
f 215/78/20 48/53/49 63/74/70
f 42/55/51 41/54/50 56/75/71 57/79/73
f 35/56/52 34/51/48 49/77/72 50/80/74
f 43/57/53 42/55/51 57/79/73 58/81/75
f 36/58/54 35/56/52 50/80/74 51/82/76
f 44/59/55 43/57/53 58/81/75 59/83/77
f 37/60/56 36/58/54 51/82/76 52/67/63
f 45/61/57 44/59/55 59/83/77 60/69/65
f 57/79/73 56/75/71 71/84/78 72/85/79
f 50/80/74 49/77/72 64/86/80 65/87/81
f 58/81/75 57/79/73 72/85/79 73/88/82
f 51/82/76 50/80/74 65/87/81 66/89/83
f 59/83/77 58/81/75 73/88/82 74/90/84
f 52/67/63 51/82/76 66/89/83 67/91/85
f 60/69/65 59/83/77 74/90/84 75/92/86
f 53/68/64 52/67/63 67/91/85 68/93/87
f 61/70/66 60/69/65 75/92/86 76/94/88
f 54/71/67 53/68/64 68/93/87 69/95/89
f 62/72/68 61/70/66 76/94/88 77/96/90
f 55/73/69 54/71/67 69/95/89 70/97/91
f 63/74/70 62/72/68 77/96/90 78/98/92
f 56/75/71 55/73/69 70/97/91 71/84/78
f 49/77/72 199/99/18 64/86/80
f 215/100/20 63/74/70 78/98/92
f 76/94/88 75/92/86 90/101/93 91/102/94
f 69/95/89 68/93/87 83/103/95 84/104/96
f 77/96/90 76/94/88 91/102/94 92/105/97
f 70/97/91 69/95/89 84/104/96 85/106/98
f 78/98/92 77/96/90 92/105/97 93/107/99
f 71/84/78 70/97/91 85/106/98 86/108/100
f 64/86/80 199/109/18 79/110/101
f 215/111/20 78/98/92 93/107/99
f 72/85/79 71/84/78 86/108/100 87/112/102
f 65/87/81 64/86/80 79/110/101 80/113/103
f 73/88/82 72/85/79 87/112/102 88/114/104
f 66/89/83 65/87/81 80/113/103 81/115/105
f 74/90/84 73/88/82 88/114/104 89/116/106
f 67/91/85 66/89/83 81/115/105 82/117/107
f 75/92/86 74/90/84 89/116/106 90/101/93
f 68/93/87 67/91/85 82/117/107 83/103/95
f 88/114/104 87/112/102 102/118/108 103/119/109
f 81/115/105 80/113/103 95/120/110 96/121/111
f 89/116/106 88/114/104 103/119/109 104/122/112
f 82/117/107 81/115/105 96/121/111 97/123/113
f 90/101/93 89/116/106 104/122/112 105/124/114
f 83/103/95 82/117/107 97/123/113 98/125/115
f 91/102/94 90/101/93 105/124/114 106/126/116
f 84/104/96 83/103/95 98/125/115 99/127/117
f 92/105/97 91/102/94 106/126/116 107/128/118
f 85/106/98 84/104/96 99/127/117 100/129/119
f 93/107/99 92/105/97 107/128/118 108/130/120
f 86/108/100 85/106/98 100/129/119 101/131/121
f 79/110/101 199/132/18 94/133/122
f 215/134/20 93/107/99 108/130/120
f 87/112/102 86/108/100 101/131/121 102/118/108
f 80/113/103 79/110/101 94/133/122 95/120/110
f 107/128/118 106/126/116 121/135/123 122/136/124
f 100/129/119 99/127/117 114/137/125 115/138/126
f 108/130/120 107/128/118 122/136/124 123/139/127
f 101/131/121 100/129/119 115/138/126 116/140/128
f 94/133/122 199/141/18 109/142/129
f 215/143/20 108/130/120 123/139/127
f 102/118/108 101/131/121 116/140/128 117/144/130
f 95/120/110 94/133/122 109/142/129 110/145/131
f 103/119/109 102/118/108 117/144/130 118/146/132
f 96/121/111 95/120/110 110/145/131 111/147/133
f 104/122/112 103/119/109 118/146/132 119/148/134
f 97/123/113 96/121/111 111/147/133 112/149/135
f 105/124/114 104/122/112 119/148/134 120/150/136
f 98/125/115 97/123/113 112/149/135 113/151/137
f 106/126/116 105/124/114 120/150/136 121/135/123
f 99/127/117 98/125/115 113/151/137 114/137/125
f 111/147/133 110/145/131 125/152/138 126/153/139
f 119/148/134 118/146/132 133/154/140 134/155/141
f 112/149/135 111/147/133 126/153/139 127/156/142
f 120/150/136 119/148/134 134/155/141 135/157/143
f 113/151/137 112/149/135 127/156/142 128/158/144
f 121/135/123 120/150/136 135/157/143 136/159/145
f 114/137/125 113/151/137 128/158/144 129/160/146
f 122/136/124 121/135/123 136/159/145 137/161/147
f 115/138/126 114/137/125 129/160/146 130/162/148
f 123/139/127 122/136/124 137/161/147 138/163/149
f 116/140/128 115/138/126 130/162/148 131/164/150
f 109/142/129 199/165/18 124/166/151
f 215/167/20 123/139/127 138/163/149
f 117/144/130 116/140/128 131/164/150 132/168/152
f 110/145/131 109/142/129 124/166/151 125/152/138
f 118/146/132 117/144/130 132/168/152 133/154/140
f 130/162/148 129/160/146 144/169/153 145/170/154
f 138/163/149 137/161/147 152/171/155 153/172/156
f 131/164/150 130/162/148 145/170/154 146/173/157
f 124/166/151 199/174/18 139/175/158
f 215/176/20 138/163/149 153/172/156
f 132/168/152 131/164/150 146/173/157 147/177/159
f 125/152/138 124/166/151 139/175/158 140/178/160
f 133/154/140 132/168/152 147/177/159 148/179/161
f 126/153/139 125/152/138 140/178/160 141/180/162
f 134/155/141 133/154/140 148/179/161 149/181/163
f 127/156/142 126/153/139 141/180/162 142/182/164
f 135/157/143 134/155/141 149/181/163 150/183/165
f 128/158/144 127/156/142 142/182/164 143/184/166
f 136/159/145 135/157/143 150/183/165 151/185/167
f 129/160/146 128/158/144 143/184/166 144/169/153
f 137/161/147 136/159/145 151/185/167 152/171/155
f 149/181/163 148/179/161 163/186/168 164/187/169
f 142/182/164 141/180/162 156/188/170 157/189/171
f 150/183/165 149/181/163 164/187/169 165/190/172
f 143/184/166 142/182/164 157/189/171 158/191/173
f 151/185/167 150/183/165 165/190/172 166/192/174
f 144/169/153 143/184/166 158/191/173 159/193/175
f 152/171/155 151/185/167 166/192/174 167/194/176
f 145/170/154 144/169/153 159/193/175 160/195/177
f 153/172/156 152/171/155 167/194/176 168/196/178
f 146/173/157 145/170/154 160/195/177 161/197/179
f 139/175/158 199/198/18 154/199/180
f 215/200/20 153/172/156 168/196/178
f 147/177/159 146/173/157 161/197/179 162/201/181
f 140/178/160 139/175/158 154/199/180 155/202/182
f 148/179/161 147/177/159 162/201/181 163/186/168
f 141/180/162 140/178/160 155/202/182 156/188/170
f 168/196/178 167/194/176 182/203/183 183/204/184
f 161/197/179 160/195/177 175/205/185 176/206/186
f 154/199/180 199/207/18 169/208/187
f 215/209/20 168/196/178 183/204/184
f 162/201/181 161/197/179 176/206/186 177/210/188
f 155/202/182 154/199/180 169/208/187 170/211/189
f 163/186/168 162/201/181 177/210/188 178/212/190
f 156/188/170 155/202/182 170/211/189 171/213/191
f 164/187/169 163/186/168 178/212/190 179/214/192
f 157/189/171 156/188/170 171/213/191 172/215/193
f 165/190/172 164/187/169 179/214/192 180/216/194
f 158/191/173 157/189/171 172/215/193 173/217/195
f 166/192/174 165/190/172 180/216/194 181/218/196
f 159/193/175 158/191/173 173/217/195 174/219/197
f 167/194/176 166/192/174 181/218/196 182/203/183
f 160/195/177 159/193/175 174/219/197 175/205/185
f 172/215/193 171/213/191 186/220/198 187/221/199
f 180/216/194 179/214/192 194/222/200 195/223/201
f 173/217/195 172/215/193 187/221/199 188/224/202
f 181/218/196 180/216/194 195/223/201 196/225/203
f 174/219/197 173/217/195 188/224/202 189/226/204
f 182/203/183 181/218/196 196/225/203 197/227/205
f 175/205/185 174/219/197 189/226/204 190/228/206
f 183/204/184 182/203/183 197/227/205 198/229/207
f 176/206/186 175/205/185 190/228/206 191/230/208
f 169/208/187 199/231/18 184/232/209
f 215/233/20 183/204/184 198/229/207
f 177/210/188 176/206/186 191/230/208 192/234/210
f 170/211/189 169/208/187 184/232/209 185/235/211
f 178/212/190 177/210/188 192/234/210 193/236/212
f 171/213/191 170/211/189 185/235/211 186/220/198
f 179/214/192 178/212/190 193/236/212 194/222/200
f 191/230/208 190/228/206 206/237/213 207/238/214
f 184/232/209 199/239/18 200/240/215
f 215/241/20 198/229/207 214/242/216
f 192/234/210 191/230/208 207/238/214 208/243/217
f 185/235/211 184/232/209 200/240/215 201/244/218
f 193/236/212 192/234/210 208/243/217 209/245/219
f 186/220/198 185/235/211 201/244/218 202/246/220
f 194/222/200 193/236/212 209/245/219 210/247/221
f 187/221/199 186/220/198 202/246/220 203/248/222
f 195/223/201 194/222/200 210/247/221 211/249/223
f 188/224/202 187/221/199 203/248/222 204/250/224
f 196/225/203 195/223/201 211/249/223 212/251/225
f 189/226/204 188/224/202 204/250/224 205/252/226
f 197/227/205 196/225/203 212/251/225 213/253/227
f 190/228/206 189/226/204 205/252/226 206/237/213
f 198/229/207 197/227/205 213/253/227 214/242/216
f 211/249/223 210/247/221 226/254/228 227/255/229
f 204/250/224 203/248/222 219/256/230 220/257/231
f 212/251/225 211/249/223 227/255/229 228/258/232
f 205/252/226 204/250/224 220/257/231 221/259/233
f 213/253/227 212/251/225 228/258/232 229/260/234
f 206/237/213 205/252/226 221/259/233 222/261/235
f 214/242/216 213/253/227 229/260/234 230/262/236
f 207/238/214 206/237/213 222/261/235 223/263/237
f 200/240/215 199/264/18 216/265/238
f 215/266/20 214/242/216 230/262/236
f 208/243/217 207/238/214 223/263/237 224/267/239
f 201/244/218 200/240/215 216/265/238 217/268/240
f 209/245/219 208/243/217 224/267/239 225/269/241
f 202/246/220 201/244/218 217/268/240 218/270/242
f 210/247/221 209/245/219 225/269/241 226/254/228
f 203/248/222 202/246/220 218/270/242 219/256/230
f 215/271/20 230/262/236 245/272/243
f 224/267/239 223/263/237 238/273/244 239/274/245
f 217/268/240 216/265/238 231/275/246 232/276/247
f 225/269/241 224/267/239 239/274/245 240/277/248
f 218/270/242 217/268/240 232/276/247 233/278/249
f 226/254/228 225/269/241 240/277/248 241/279/250
f 219/256/230 218/270/242 233/278/249 234/280/251
f 227/255/229 226/254/228 241/279/250 242/281/252
f 220/257/231 219/256/230 234/280/251 235/282/253
f 228/258/232 227/255/229 242/281/252 243/283/254
f 221/259/233 220/257/231 235/282/253 236/284/255
f 229/260/234 228/258/232 243/283/254 244/285/256
f 222/261/235 221/259/233 236/284/255 237/286/257
f 230/262/236 229/260/234 244/285/256 245/272/243
f 223/263/237 222/261/235 237/286/257 238/273/244
f 216/265/238 199/287/18 231/275/246
f 243/283/254 242/281/252 257/288/258 258/289/259
f 236/284/255 235/282/253 250/290/260 251/291/261
f 244/285/256 243/283/254 258/289/259 259/292/262
f 237/286/257 236/284/255 251/291/261 252/293/263
f 245/272/243 244/285/256 259/292/262 260/294/264
f 238/273/244 237/286/257 252/293/263 253/295/265
f 231/275/246 199/296/18 246/297/266
f 215/298/20 245/272/243 260/294/264
f 239/274/245 238/273/244 253/295/265 254/299/267
f 232/276/247 231/275/246 246/297/266 247/300/268
f 240/277/248 239/274/245 254/299/267 255/301/269
f 233/278/249 232/276/247 247/300/268 248/302/270
f 241/279/250 240/277/248 255/301/269 256/303/271
f 234/280/251 233/278/249 248/302/270 249/304/272
f 242/281/252 241/279/250 256/303/271 257/288/258
f 235/282/253 234/280/251 249/304/272 250/290/260
f 247/300/268 246/297/266 261/305/273 262/306/274
f 255/301/269 254/299/267 269/307/275 270/308/276
f 248/302/270 247/300/268 262/306/274 263/309/277
f 256/303/271 255/301/269 270/308/276 271/310/278
f 249/304/272 248/302/270 263/309/277 264/311/279
f 257/288/258 256/303/271 271/310/278 272/312/280
f 250/290/260 249/304/272 264/311/279 265/313/281
f 258/289/259 257/288/258 272/312/280 273/314/282
f 251/291/261 250/290/260 265/313/281 266/315/283
f 259/292/262 258/289/259 273/314/282 274/316/284
f 252/293/263 251/291/261 266/315/283 267/317/285
f 260/294/264 259/292/262 274/316/284 275/318/286
f 253/295/265 252/293/263 267/317/285 268/319/287
f 246/297/266 199/320/18 261/305/273
f 215/321/20 260/294/264 275/318/286
f 254/299/267 253/295/265 268/319/287 269/307/275
f 266/322/283 265/323/281 280/324/288 281/325/289
f 274/326/284 273/327/282 288/328/290 289/329/291
f 267/330/285 266/322/283 281/325/289 282/331/292
f 275/332/286 274/326/284 289/329/291 290/333/293
f 268/334/287 267/330/285 282/331/292 283/335/294
f 261/336/273 199/337/18 276/338/295
f 215/339/20 275/332/286 290/333/293
f 269/340/275 268/334/287 283/335/294 284/341/296
f 262/342/274 261/336/273 276/338/295 277/343/297
f 270/344/276 269/340/275 284/341/296 285/345/298
f 263/346/277 262/342/274 277/343/297 278/347/299
f 271/348/278 270/344/276 285/345/298 286/349/300
f 264/350/279 263/346/277 278/347/299 279/351/301
f 272/352/280 271/348/278 286/349/300 287/353/302
f 265/323/281 264/350/279 279/351/301 280/324/288
f 273/327/282 272/352/280 287/353/302 288/328/290
f 285/345/298 284/341/296 299/354/303 300/355/304
f 278/347/299 277/343/297 292/356/305 293/357/306
f 286/349/300 285/345/298 300/355/304 301/358/307
f 279/351/301 278/347/299 293/357/306 294/359/308
f 287/353/302 286/349/300 301/358/307 302/360/309
f 280/324/288 279/351/301 294/359/308 295/361/310
f 288/328/290 287/353/302 302/360/309 303/362/311
f 281/325/289 280/324/288 295/361/310 296/363/312
f 289/329/291 288/328/290 303/362/311 304/364/313
f 282/331/292 281/325/289 296/363/312 297/365/314
f 290/333/293 289/329/291 304/364/313 305/366/315
f 283/335/294 282/331/292 297/365/314 298/367/316
f 276/338/295 199/368/18 291/369/317
f 215/370/20 290/333/293 305/366/315
f 284/341/296 283/335/294 298/367/316 299/354/303
f 277/343/297 276/338/295 291/369/317 292/356/305
f 304/364/313 303/362/311 318/371/318 319/372/319
f 297/365/314 296/363/312 311/373/320 312/374/321
f 305/366/315 304/364/313 319/372/319 320/375/322
f 298/367/316 297/365/314 312/374/321 313/376/323
f 291/369/317 199/377/18 306/378/324
f 215/379/20 305/366/315 320/375/322
f 299/354/303 298/367/316 313/376/323 314/380/325
f 292/356/305 291/369/317 306/378/324 307/381/326
f 300/355/304 299/354/303 314/380/325 315/382/327
f 293/357/306 292/356/305 307/381/326 308/383/328
f 301/358/307 300/355/304 315/382/327 316/384/329
f 294/359/308 293/357/306 308/383/328 309/385/330
f 302/360/309 301/358/307 316/384/329 317/386/331
f 295/361/310 294/359/308 309/385/330 310/387/332
f 303/362/311 302/360/309 317/386/331 318/371/318
f 296/363/312 295/361/310 310/387/332 311/373/320
f 308/383/328 307/381/326 322/388/333 323/389/334
f 316/384/329 315/382/327 330/390/335 331/391/336
f 309/385/330 308/383/328 323/389/334 324/392/337
f 317/386/331 316/384/329 331/391/336 332/393/338
f 310/387/332 309/385/330 324/392/337 325/394/339
f 318/371/318 317/386/331 332/393/338 333/395/340
f 311/373/320 310/387/332 325/394/339 326/396/341
f 319/372/319 318/371/318 333/395/340 334/397/342
f 312/374/321 311/373/320 326/396/341 327/398/343
f 320/375/322 319/372/319 334/397/342 335/399/344
f 313/376/323 312/374/321 327/398/343 328/400/345
f 306/378/324 199/401/18 321/402/346
f 215/403/20 320/375/322 335/399/344
f 314/380/325 313/376/323 328/400/345 329/404/347
f 307/381/326 306/378/324 321/402/346 322/388/333
f 315/382/327 314/380/325 329/404/347 330/390/335
f 327/398/343 326/396/341 341/405/348 342/406/349
f 335/399/344 334/397/342 349/407/350 350/408/351
f 328/400/345 327/398/343 342/406/349 343/409/352
f 321/402/346 199/410/18 336/411/353
f 215/412/20 335/399/344 350/408/351
f 329/404/347 328/400/345 343/409/352 344/413/354
f 322/388/333 321/402/346 336/411/353 337/414/355
f 330/390/335 329/404/347 344/413/354 345/415/356
f 323/389/334 322/388/333 337/414/355 338/416/357
f 331/391/336 330/390/335 345/415/356 346/417/358
f 324/392/337 323/389/334 338/416/357 339/418/359
f 332/393/338 331/391/336 346/417/358 347/419/360
f 325/394/339 324/392/337 339/418/359 340/420/361
f 333/395/340 332/393/338 347/419/360 348/421/362
f 326/396/341 325/394/339 340/420/361 341/405/348
f 334/397/342 333/395/340 348/421/362 349/407/350
f 346/417/358 345/415/356 358/25/25 3/29/29
f 339/418/359 338/416/357 353/27/27 354/31/31
f 347/419/360 346/417/358 3/29/29 359/2/2
f 340/420/361 339/418/359 354/31/31 1/6/6
f 348/421/362 347/419/360 359/2/2 360/1/1
f 341/405/348 340/420/361 1/6/6 2/5/5
f 349/407/350 348/421/362 360/1/1 361/9/9
f 342/406/349 341/405/348 2/5/5 355/11/11
f 350/408/351 349/407/350 361/9/9 362/13/13
f 343/409/352 342/406/349 355/11/11 356/15/15
f 336/411/353 199/422/18 351/17/17
f 215/423/20 350/408/351 362/13/13
f 344/413/354 343/409/352 356/15/15 357/21/21
f 337/414/355 336/411/353 351/17/17 352/23/23
f 345/415/356 344/413/354 357/21/21 358/25/25
f 338/416/357 337/414/355 352/23/23 353/27/27
f 707/424/363 727/425/18 716/426/364
f 713/427/365 712/428/366 722/429/367 723/430/368
f 710/431/369 709/432/370 719/433/371 720/434/372
f 816/435/20 715/436/373 726/437/374
f 708/438/375 707/424/363 716/426/364 717/439/376
f 884/440/377 713/427/365 723/430/368 724/441/378
f 711/442/15 710/431/369 720/434/372 721/443/379
f 883/444/380 708/438/375 717/439/376 718/445/381
f 714/446/382 884/440/377 724/441/378 725/447/383
f 712/428/366 711/442/15 721/443/379 722/429/367
f 709/432/370 883/444/380 718/445/381 719/433/371
f 715/436/373 714/446/382 725/447/383 726/437/374
f 721/443/379 720/434/372 732/448/384 733/449/50
f 718/445/381 717/439/376 729/450/385 730/451/386
f 725/447/383 724/441/378 736/452/387 737/453/388
f 722/429/367 721/443/379 733/449/50 734/454/389
f 719/433/371 718/445/381 730/451/386 731/455/390
f 726/437/374 725/447/383 737/453/388 738/456/391
f 716/426/364 727/457/18 728/458/392
f 723/430/368 722/429/367 734/454/389 735/459/393
f 720/434/372 719/433/371 731/455/390 732/448/384
f 816/460/20 726/437/374 738/456/391
f 717/439/376 716/426/364 728/458/392 729/450/385
f 724/441/378 723/430/368 735/459/393 736/452/387
f 732/448/384 731/455/390 742/461/394 743/462/395
f 816/463/20 738/456/391 749/464/396
f 729/450/385 728/458/392 739/465/397 740/466/398
f 736/452/387 735/459/393 746/467/399 747/468/400
f 733/449/50 732/448/384 743/462/395 744/469/401
f 730/451/386 729/450/385 740/466/398 741/470/402
f 737/453/388 736/452/387 747/468/400 748/471/403
f 734/454/389 733/449/50 744/469/401 745/472/404
f 731/455/390 730/451/386 741/470/402 742/461/394
f 738/456/391 737/453/388 748/471/403 749/464/396
f 728/458/392 727/473/18 739/465/397
f 735/459/393 734/454/389 745/472/404 746/467/399
f 745/472/404 744/469/401 755/474/100 756/475/405
f 742/461/394 741/470/402 752/476/406 753/477/407
f 749/464/396 748/471/403 759/478/408 760/479/409
f 739/465/397 727/480/18 750/481/410
f 746/467/399 745/472/404 756/475/405 757/482/411
f 743/462/395 742/461/394 753/477/407 754/483/412
f 816/484/20 749/464/396 760/479/409
f 740/466/398 739/465/397 750/481/410 751/485/413
f 747/468/400 746/467/399 757/482/411 758/486/414
f 744/469/401 743/462/395 754/483/412 755/474/100
f 741/470/402 740/466/398 751/485/413 752/476/406
f 748/471/403 747/468/400 758/486/414 759/478/408
f 755/474/100 754/483/412 765/487/415 766/488/416
f 752/476/406 751/485/413 762/489/417 763/490/418
f 759/478/408 758/486/414 769/491/419 770/492/420
f 756/475/405 755/474/100 766/488/416 767/493/421
f 753/477/407 752/476/406 763/490/418 764/494/422
f 760/479/409 759/478/408 770/492/420 771/495/423
f 750/481/410 727/496/18 761/497/424
f 757/482/411 756/475/405 767/493/421 768/498/425
f 754/483/412 753/477/407 764/494/422 765/487/415
f 816/499/20 760/479/409 771/495/423
f 751/485/413 750/481/410 761/497/424 762/489/417
f 758/486/414 757/482/411 768/498/425 769/491/419
f 768/498/425 767/493/421 778/500/426 779/501/427
f 765/487/415 764/494/422 775/502/428 776/503/429
f 816/504/20 771/495/423 782/505/430
f 762/489/417 761/497/424 772/506/431 773/507/432
f 769/491/419 768/498/425 779/501/427 780/508/433
f 766/488/416 765/487/415 776/503/429 777/509/150
f 763/490/418 762/489/417 773/507/432 774/510/434
f 770/492/420 769/491/419 780/508/433 781/511/435
f 767/493/421 766/488/416 777/509/150 778/500/426
f 764/494/422 763/490/418 774/510/434 775/502/428
f 771/495/423 770/492/420 781/511/435 782/505/430
f 761/497/424 727/512/18 772/506/431
f 778/500/426 777/509/150 788/513/436 789/514/437
f 775/502/428 774/510/434 785/515/438 786/516/439
f 782/505/430 781/511/435 792/517/440 793/518/441
f 772/506/431 727/519/18 783/520/442
f 779/501/427 778/500/426 789/514/437 790/521/443
f 776/503/429 775/502/428 786/516/439 787/522/444
f 816/523/20 782/505/430 793/518/441
f 773/507/432 772/506/431 783/520/442 784/524/445
f 780/508/433 779/501/427 790/521/443 791/525/446
f 777/509/150 776/503/429 787/522/444 788/513/436
f 774/510/434 773/507/432 784/524/445 785/515/438
f 781/511/435 780/508/433 791/525/446 792/517/440
f 791/525/446 790/521/443 801/526/447 802/527/448
f 788/513/436 787/522/444 798/528/449 799/529/186
f 785/515/438 784/524/445 795/530/450 796/531/451
f 792/517/440 791/525/446 802/527/448 803/532/452
f 789/514/437 788/513/436 799/529/186 800/533/453
f 786/516/439 785/515/438 796/531/451 797/534/454
f 793/518/441 792/517/440 803/532/452 804/535/455
f 783/520/442 727/536/18 794/537/456
f 790/521/443 789/514/437 800/533/453 801/526/447
f 787/522/444 786/516/439 797/534/454 798/528/449
f 816/538/20 793/518/441 804/535/455
f 784/524/445 783/520/442 794/537/456 795/530/450
f 794/537/456 727/539/18 805/540/457
f 801/526/447 800/533/453 811/541/458 812/542/459
f 798/528/449 797/534/454 808/543/460 809/544/461
f 816/545/20 804/535/455 815/546/462
f 795/530/450 794/537/456 805/540/457 806/547/463
f 802/527/448 801/526/447 812/542/459 813/548/464
f 799/529/186 798/528/449 809/544/461 810/549/465
f 796/531/451 795/530/450 806/547/463 807/550/466
f 803/532/452 802/527/448 813/548/464 814/551/467
f 800/533/453 799/529/186 810/549/465 811/541/458
f 797/534/454 796/531/451 807/550/466 808/543/460
f 804/535/455 803/532/452 814/551/467 815/546/462
f 814/551/467 813/548/464 825/552/468 826/553/469
f 811/541/458 810/549/465 822/554/237 823/555/470
f 808/543/460 807/550/466 819/556/471 820/557/472
f 815/546/462 814/551/467 826/553/469 827/558/473
f 805/540/457 727/559/18 817/560/474
f 812/542/459 811/541/458 823/555/470 824/561/475
f 809/544/461 808/543/460 820/557/472 821/562/476
f 816/563/20 815/546/462 827/558/473
f 806/547/463 805/540/457 817/560/474 818/564/477
f 813/548/464 812/542/459 824/561/475 825/552/468
f 810/549/465 809/544/461 821/562/476 822/554/237
f 807/550/466 806/547/463 818/564/477 819/556/471
f 818/564/477 817/560/474 828/565/478 829/566/479
f 825/552/468 824/561/475 835/567/480 836/568/481
f 822/554/237 821/562/476 832/569/482 833/570/483
f 819/556/471 818/564/477 829/566/479 830/571/484
f 826/553/469 825/552/468 836/568/481 837/572/485
f 823/555/470 822/554/237 833/570/483 834/573/486
f 820/557/472 819/556/471 830/571/484 831/574/487
f 827/558/473 826/553/469 837/572/485 838/575/488
f 817/560/474 727/576/18 828/565/478
f 824/561/475 823/555/470 834/573/486 835/567/480
f 821/562/476 820/557/472 831/574/487 832/569/482
f 816/577/20 827/558/473 838/575/488
f 838/575/488 837/572/485 848/578/489 849/579/490
f 828/565/478 727/580/18 839/581/491
f 835/567/480 834/573/486 845/582/492 846/583/493
f 832/569/482 831/574/487 842/584/494 843/585/495
f 816/586/20 838/575/488 849/579/490
f 829/566/479 828/565/478 839/581/491 840/587/496
f 836/568/481 835/567/480 846/583/493 847/588/497
f 833/570/483 832/569/482 843/585/495 844/589/287
f 830/571/484 829/566/479 840/587/496 841/590/498
f 837/572/485 836/568/481 847/588/497 848/578/489
f 834/573/486 833/570/483 844/589/287 845/582/492
f 831/574/487 830/571/484 841/590/498 842/584/494
f 841/591/498 840/592/496 851/593/499 852/594/500
f 848/595/489 847/596/497 858/597/501 859/598/502
f 845/599/492 844/600/287 855/601/503 856/602/504
f 842/603/494 841/591/498 852/594/500 853/604/505
f 849/605/490 848/595/489 859/598/502 860/606/506
f 839/607/491 727/608/18 850/609/507
f 846/610/493 845/599/492 856/602/504 857/611/508
f 843/612/495 842/603/494 853/604/505 854/613/509
f 816/614/20 849/605/490 860/606/506
f 840/592/496 839/607/491 850/609/507 851/593/499
f 847/596/497 846/610/493 857/611/508 858/597/501
f 844/600/287 843/612/495 854/613/509 855/601/503
f 816/615/20 860/606/506 871/616/510
f 851/593/499 850/609/507 861/617/511 862/618/512
f 858/597/501 857/611/508 868/619/513 869/620/514
f 855/601/503 854/613/509 865/621/515 866/622/323
f 852/594/500 851/593/499 862/618/512 863/623/516
f 859/598/502 858/597/501 869/620/514 870/624/517
f 856/602/504 855/601/503 866/622/323 867/625/518
f 853/604/505 852/594/500 863/623/516 864/626/519
f 860/606/506 859/598/502 870/624/517 871/616/510
f 850/609/507 727/627/18 861/617/511
f 857/611/508 856/602/504 867/625/518 868/619/513
f 854/613/509 853/604/505 864/626/519 865/621/515
f 864/626/519 863/623/516 874/628/520 875/629/521
f 871/616/510 870/624/517 881/630/522 882/631/523
f 861/617/511 727/632/18 872/633/524
f 868/619/513 867/625/518 878/634/525 879/635/526
f 865/621/515 864/626/519 875/629/521 876/636/527
f 816/637/20 871/616/510 882/631/523
f 862/618/512 861/617/511 872/633/524 873/638/528
f 869/620/514 868/619/513 879/635/526 880/639/529
f 866/622/323 865/621/515 876/636/527 877/640/530
f 863/623/516 862/618/512 873/638/528 874/628/520
f 870/624/517 869/620/514 880/639/529 881/630/522
f 867/625/518 866/622/323 877/640/530 878/634/525
f 874/628/520 873/638/528 708/438/375 883/444/380
f 881/630/522 880/639/529 884/440/377 714/446/382
f 878/634/525 877/640/530 711/442/15 712/428/366
f 875/629/521 874/628/520 883/444/380 709/432/370
f 882/631/523 881/630/522 714/446/382 715/436/373
f 872/633/524 727/641/18 707/424/363
f 879/635/526 878/634/525 712/428/366 713/427/365
f 876/636/527 875/629/521 709/432/370 710/431/369
f 816/642/20 882/631/523 715/436/373
f 873/638/528 872/633/524 707/424/363 708/438/375
f 880/639/529 879/635/526 713/427/365 884/440/377
f 877/640/530 876/636/527 710/431/369 711/442/15
f 889/643/15 888/644/369 898/645/372 899/646/379
f 1061/647/380 886/648/375 895/649/376 896/650/381
f 892/651/382 1062/652/377 902/653/378 903/654/383
f 890/655/366 889/643/15 899/646/379 900/656/367
f 887/657/370 1061/647/380 896/650/381 897/658/371
f 893/659/373 892/651/382 903/654/383 904/660/374
f 885/661/363 905/662/18 894/663/364
f 891/664/365 890/655/366 900/656/367 901/665/368
f 888/644/369 887/657/370 897/658/371 898/645/372
f 994/666/20 893/659/373 904/660/374
f 886/648/375 885/661/363 894/663/364 895/649/376
f 1062/652/377 891/664/365 901/665/368 902/653/378
f 897/658/371 896/650/381 908/667/386 909/668/390
f 904/660/374 903/654/383 915/669/388 916/670/391
f 894/663/364 905/671/18 906/672/392
f 901/665/368 900/656/367 912/673/389 913/674/393
f 898/645/372 897/658/371 909/668/390 910/675/384
f 994/676/20 904/660/374 916/670/391
f 895/649/376 894/663/364 906/672/392 907/677/385
f 902/653/378 901/665/368 913/674/393 914/678/387
f 899/646/379 898/645/372 910/675/384 911/679/50
f 896/650/381 895/649/376 907/677/385 908/667/386
f 903/654/383 902/653/378 914/678/387 915/669/388
f 900/656/367 899/646/379 911/679/50 912/673/389
f 908/667/386 907/677/385 918/680/398 919/681/402
f 915/669/388 914/678/387 925/682/400 926/683/403
f 912/673/389 911/679/50 922/684/401 923/685/404
f 909/668/390 908/667/386 919/681/402 920/686/394
f 916/670/391 915/669/388 926/683/403 927/687/396
f 906/672/392 905/688/18 917/689/397
f 913/674/393 912/673/389 923/685/404 924/690/399
f 910/675/384 909/668/390 920/686/394 921/691/395
f 994/692/20 916/670/391 927/687/396
f 907/677/385 906/672/392 917/689/397 918/680/398
f 914/678/387 913/674/393 924/690/399 925/682/400
f 911/679/50 910/675/384 921/691/395 922/684/401
f 921/691/395 920/686/394 931/693/407 932/694/412
f 994/695/20 927/687/396 938/696/409
f 918/680/398 917/689/397 928/697/410 929/698/413
f 925/682/400 924/690/399 935/699/411 936/700/414
f 922/684/401 921/691/395 932/694/412 933/701/100
f 919/681/402 918/680/398 929/698/413 930/702/406
f 926/683/403 925/682/400 936/700/414 937/703/408
f 923/685/404 922/684/401 933/701/100 934/704/405
f 920/686/394 919/681/402 930/702/406 931/693/407
f 927/687/396 926/683/403 937/703/408 938/696/409
f 917/689/397 905/705/18 928/697/410
f 924/690/399 923/685/404 934/704/405 935/699/411
f 931/693/407 930/702/406 941/706/418 942/707/422
f 938/696/409 937/703/408 948/708/420 949/709/423
f 928/697/410 905/710/18 939/711/424
f 935/699/411 934/704/405 945/712/421 946/713/425
f 932/694/412 931/693/407 942/707/422 943/714/415
f 994/715/20 938/696/409 949/709/423
f 929/698/413 928/697/410 939/711/424 940/716/417
f 936/700/414 935/699/411 946/713/425 947/717/419
f 933/701/100 932/694/412 943/714/415 944/718/416
f 930/702/406 929/698/413 940/716/417 941/706/418
f 937/703/408 936/700/414 947/717/419 948/708/420
f 934/704/405 933/701/100 944/718/416 945/712/421
f 944/718/416 943/714/415 954/719/429 955/720/150
f 941/706/418 940/716/417 951/721/432 952/722/434
f 948/708/420 947/717/419 958/723/433 959/724/435
f 945/712/421 944/718/416 955/720/150 956/725/426
f 942/707/422 941/706/418 952/722/434 953/726/428
f 949/709/423 948/708/420 959/724/435 960/727/430
f 939/711/424 905/728/18 950/729/431
f 946/713/425 945/712/421 956/725/426 957/730/427
f 943/714/415 942/707/422 953/726/428 954/719/429
f 994/731/20 949/709/423 960/727/430
f 940/716/417 939/711/424 950/729/431 951/721/432
f 947/717/419 946/713/425 957/730/427 958/723/433
f 954/719/429 953/726/428 964/732/439 965/733/444
f 994/734/20 960/727/430 971/735/441
f 951/721/432 950/729/431 961/736/442 962/737/445
f 958/723/433 957/730/427 968/738/443 969/739/446
f 955/720/150 954/719/429 965/733/444 966/740/436
f 952/722/434 951/721/432 962/737/445 963/741/438
f 959/724/435 958/723/433 969/739/446 970/742/440
f 956/725/426 955/720/150 966/740/436 967/743/437
f 953/726/428 952/722/434 963/741/438 964/732/439
f 960/727/430 959/724/435 970/742/440 971/735/441
f 950/729/431 905/744/18 961/736/442
f 957/730/427 956/725/426 967/743/437 968/738/443
f 967/743/437 966/740/436 977/745/186 978/746/453
f 964/732/439 963/741/438 974/747/451 975/748/454
f 971/735/441 970/742/440 981/749/452 982/750/455
f 961/736/442 905/751/18 972/752/456
f 968/738/443 967/743/437 978/746/453 979/753/447
f 965/733/444 964/732/439 975/748/454 976/754/449
f 994/755/20 971/735/441 982/750/455
f 962/737/445 961/736/442 972/752/456 973/756/450
f 969/739/446 968/738/443 979/753/447 980/757/448
f 966/740/436 965/733/444 976/754/449 977/745/186
f 963/741/438 962/737/445 973/756/450 974/747/451
f 970/742/440 969/739/446 980/757/448 981/749/452
f 977/745/186 976/754/449 987/758/461 988/759/465
f 974/747/451 973/756/450 984/760/463 985/761/466
f 981/749/452 980/757/448 991/762/464 992/763/467
f 978/746/453 977/745/186 988/759/465 989/764/458
f 975/748/454 974/747/451 985/761/466 986/765/460
f 982/750/455 981/749/452 992/763/467 993/766/462
f 972/752/456 905/767/18 983/768/457
f 979/753/447 978/746/453 989/764/458 990/769/459
f 976/754/449 975/748/454 986/765/460 987/758/461
f 994/770/20 982/750/455 993/766/462
f 973/756/450 972/752/456 983/768/457 984/760/463
f 980/757/448 979/753/447 990/769/459 991/762/464
f 990/769/459 989/764/458 1001/771/470 1002/772/475
f 987/758/461 986/765/460 998/773/472 999/774/476
f 994/775/20 993/766/462 1005/776/473
f 984/760/463 983/768/457 995/777/474 996/778/477
f 991/762/464 990/769/459 1002/772/475 1003/779/468
f 988/759/465 987/758/461 999/774/476 1000/780/237
f 985/761/466 984/760/463 996/778/477 997/781/471
f 992/763/467 991/762/464 1003/779/468 1004/782/469
f 989/764/458 988/759/465 1000/780/237 1001/771/470
f 986/765/460 985/761/466 997/781/471 998/773/472
f 993/766/462 992/763/467 1004/782/469 1005/776/473
f 983/768/457 905/783/18 995/777/474
f 1001/771/470 1000/780/237 1011/784/483 1012/785/486
f 998/773/472 997/781/471 1008/786/484 1009/787/487
f 1005/776/473 1004/782/469 1015/788/485 1016/789/488
f 995/777/474 905/790/18 1006/791/478
f 1002/772/475 1001/771/470 1012/785/486 1013/792/480
f 999/774/476 998/773/472 1009/787/487 1010/793/482
f 994/794/20 1005/776/473 1016/789/488
f 996/778/477 995/777/474 1006/791/478 1007/795/479
f 1003/779/468 1002/772/475 1013/792/480 1014/796/481
f 1000/780/237 999/774/476 1010/793/482 1011/784/483
f 997/781/471 996/778/477 1007/795/479 1008/786/484
f 1004/782/469 1003/779/468 1014/796/481 1015/788/485
f 1014/796/481 1013/792/480 1024/797/493 1025/798/497
f 1011/784/483 1010/793/482 1021/799/495 1022/800/287
f 1008/786/484 1007/795/479 1018/801/496 1019/802/498
f 1015/788/485 1014/796/481 1025/798/497 1026/803/489
f 1012/785/486 1011/784/483 1022/800/287 1023/804/492
f 1009/787/487 1008/786/484 1019/802/498 1020/805/494
f 1016/789/488 1015/788/485 1026/803/489 1027/806/490
f 1006/791/478 905/807/18 1017/808/491
f 1013/792/480 1012/785/486 1023/804/492 1024/797/493
f 1010/793/482 1009/787/487 1020/805/494 1021/799/495
f 994/809/20 1016/789/488 1027/806/490
f 1007/795/479 1006/791/478 1017/808/491 1018/801/496
f 1017/810/491 905/811/18 1028/812/507
f 1024/813/493 1023/814/492 1034/815/504 1035/816/508
f 1021/817/495 1020/818/494 1031/819/505 1032/820/509
f 994/821/20 1027/822/490 1038/823/506
f 1018/824/496 1017/810/491 1028/812/507 1029/825/499
f 1025/826/497 1024/813/493 1035/816/508 1036/827/501
f 1022/828/287 1021/817/495 1032/820/509 1033/829/503
f 1019/830/498 1018/824/496 1029/825/499 1030/831/500
f 1026/832/489 1025/826/497 1036/827/501 1037/833/502
f 1023/814/492 1022/828/287 1033/829/503 1034/815/504
f 1020/818/494 1019/830/498 1030/831/500 1031/819/505
f 1027/822/490 1026/832/489 1037/833/502 1038/823/506
f 1037/833/502 1036/827/501 1047/834/514 1048/835/517
f 1034/815/504 1033/829/503 1044/836/323 1045/837/518
f 1031/819/505 1030/831/500 1041/838/516 1042/839/519
f 1038/823/506 1037/833/502 1048/835/517 1049/840/510
f 1028/812/507 905/841/18 1039/842/511
f 1035/816/508 1034/815/504 1045/837/518 1046/843/513
f 1032/820/509 1031/819/505 1042/839/519 1043/844/515
f 994/845/20 1038/823/506 1049/840/510
f 1029/825/499 1028/812/507 1039/842/511 1040/846/512
f 1036/827/501 1035/816/508 1046/843/513 1047/834/514
f 1033/829/503 1032/820/509 1043/844/515 1044/836/323
f 1030/831/500 1029/825/499 1040/846/512 1041/838/516
f 1040/846/512 1039/842/511 1050/847/524 1051/848/528
f 1047/834/514 1046/843/513 1057/849/526 1058/850/529
f 1044/836/323 1043/844/515 1054/851/527 1055/852/530
f 1041/838/516 1040/846/512 1051/848/528 1052/853/520
f 1048/835/517 1047/834/514 1058/850/529 1059/854/522
f 1045/837/518 1044/836/323 1055/852/530 1056/855/525
f 1042/839/519 1041/838/516 1052/853/520 1053/856/521
f 1049/840/510 1048/835/517 1059/854/522 1060/857/523
f 1039/842/511 905/858/18 1050/847/524
f 1046/843/513 1045/837/518 1056/855/525 1057/849/526
f 1043/844/515 1042/839/519 1053/856/521 1054/851/527
f 994/859/20 1049/840/510 1060/857/523
f 1060/857/523 1059/854/522 892/651/382 893/659/373
f 1050/847/524 905/860/18 885/661/363
f 1057/849/526 1056/855/525 890/655/366 891/664/365
f 1054/851/527 1053/856/521 887/657/370 888/644/369
f 994/861/20 1060/857/523 893/659/373
f 1051/848/528 1050/847/524 885/661/363 886/648/375
f 1058/850/529 1057/849/526 891/664/365 1062/652/377
f 1055/852/530 1054/851/527 888/644/369 889/643/15
f 1052/853/520 1051/848/528 886/648/375 1061/647/380
f 1059/854/522 1058/850/529 1062/652/377 892/651/382
f 1056/855/525 1055/852/530 889/643/15 890/655/366
f 1053/856/521 1052/853/520 1061/647/380 887/657/370
usemtl M_Black
f 364/862/531 448/863/532 370/864/533 371/865/534
f 447/866/535 446/867/15 368/868/42 369/869/536
f 363/870/537 445/871/538 366/872/539 367/873/540
f 444/874/541 372/875/18 365/876/542
f 415/877/20 364/862/531 371/865/534
f 448/863/532 447/866/535 369/869/536 370/864/533
f 446/867/15 363/870/537 367/873/540 368/868/42
f 445/871/538 444/874/541 365/876/542 366/872/539
f 415/878/20 371/865/534 379/879/543
f 370/864/533 369/869/536 377/880/544 378/881/545
f 368/868/42 367/873/540 375/882/546 376/883/71
f 366/872/539 365/876/542 373/884/547 374/885/548
f 371/865/534 370/864/533 378/881/545 379/879/543
f 369/869/536 368/868/42 376/883/71 377/880/544
f 367/873/540 366/872/539 374/885/548 375/882/546
f 365/876/542 372/886/18 373/884/547
f 376/883/71 375/882/546 382/887/549 383/888/100
f 374/885/548 373/884/547 380/889/550 381/890/551
f 379/879/543 378/881/545 385/891/552 386/892/553
f 377/880/544 376/883/71 383/888/100 384/893/554
f 375/882/546 374/885/548 381/890/551 382/887/549
f 373/884/547 372/894/18 380/889/550
f 415/895/20 379/879/543 386/892/553
f 378/881/545 377/880/544 384/893/554 385/891/552
f 386/892/553 385/891/552 392/896/555 393/897/556
f 384/893/554 383/888/100 390/898/128 391/899/557
f 382/887/549 381/890/551 388/900/558 389/901/559
f 380/889/550 372/902/18 387/903/560
f 415/904/20 386/892/553 393/897/556
f 385/891/552 384/893/554 391/899/557 392/896/555
f 383/888/100 382/887/549 389/901/559 390/898/128
f 381/890/551 380/889/550 387/903/560 388/900/558
f 389/901/559 388/900/558 395/905/561 396/906/562
f 387/903/560 372/907/18 394/908/563
f 415/909/20 393/897/556 400/910/564
f 392/896/555 391/899/557 398/911/565 399/912/566
f 390/898/128 389/901/559 396/906/562 397/913/157
f 388/900/558 387/903/560 394/908/563 395/905/561
f 393/897/556 392/896/555 399/912/566 400/910/564
f 391/899/557 390/898/128 397/913/157 398/911/565
f 415/914/20 400/910/564 407/915/567
f 399/912/566 398/911/565 405/916/568 406/917/569
f 397/913/157 396/906/562 403/918/570 404/919/186
f 395/905/561 394/908/563 401/920/571 402/921/572
f 400/910/564 399/912/566 406/917/569 407/915/567
f 398/911/565 397/913/157 404/919/186 405/916/568
f 396/906/562 395/905/561 402/921/572 403/918/570
f 394/908/563 372/922/18 401/920/571
f 402/921/572 401/920/571 408/923/573 409/924/574
f 407/915/567 406/917/569 413/925/575 414/926/576
f 405/916/568 404/919/186 411/927/214 412/928/577
f 403/918/570 402/921/572 409/924/574 410/929/578
f 401/920/571 372/930/18 408/923/573
f 415/931/20 407/915/567 414/926/576
f 406/917/569 405/916/568 412/928/577 413/925/575
f 404/919/186 403/918/570 410/929/578 411/927/214
f 414/926/576 413/925/575 421/932/579 422/933/580
f 412/928/577 411/927/214 419/934/244 420/935/581
f 410/929/578 409/924/574 417/936/582 418/937/583
f 408/923/573 372/938/18 416/939/584
f 415/940/20 414/926/576 422/933/580
f 413/925/575 412/928/577 420/935/581 421/932/579
f 411/927/214 410/929/578 418/937/583 419/934/244
f 409/924/574 408/923/573 416/939/584 417/936/582
f 416/939/584 372/941/18 423/942/585
f 415/943/20 422/933/580 429/944/586
f 421/932/579 420/935/581 427/945/587 428/946/588
f 419/934/244 418/937/583 425/947/589 426/948/287
f 417/936/582 416/939/584 423/942/585 424/949/590
f 422/933/580 421/932/579 428/946/588 429/944/586
f 420/935/581 419/934/244 426/948/287 427/945/587
f 418/937/583 417/936/582 424/949/590 425/947/589
f 428/950/588 427/951/587 434/952/591 435/953/592
f 426/954/287 425/955/589 432/956/593 433/957/316
f 424/958/590 423/959/585 430/960/594 431/961/595
f 429/962/586 428/950/588 435/953/592 436/963/596
f 427/951/587 426/954/287 433/957/316 434/952/591
f 425/955/589 424/958/590 431/961/595 432/956/593
f 423/959/585 372/964/18 430/960/594
f 415/965/20 429/962/586 436/963/596
f 436/963/596 435/953/592 442/966/597 443/967/598
f 434/952/591 433/957/316 440/968/345 441/969/599
f 432/956/593 431/961/595 438/970/600 439/971/601
f 430/960/594 372/972/18 437/973/602
f 415/974/20 436/963/596 443/967/598
f 435/953/592 434/952/591 441/969/599 442/966/597
f 433/957/316 432/956/593 439/971/601 440/968/345
f 431/961/595 430/960/594 437/973/602 438/970/600
f 441/969/599 440/968/345 446/867/15 447/866/535
f 439/971/601 438/970/600 445/871/538 363/870/537
f 437/973/602 372/975/18 444/874/541
f 415/976/20 443/967/598 364/862/531
f 442/966/597 441/969/599 447/866/535 448/863/532
f 440/968/345 439/971/601 363/870/537 446/867/15
f 438/970/600 437/973/602 444/874/541 445/871/538
f 443/967/598 442/966/597 448/863/532 364/862/531
f 530/977/541 458/978/18 451/979/542
f 501/980/20 450/981/531 457/982/534
f 534/983/532 533/984/535 455/985/536 456/986/533
f 532/987/15 449/988/537 453/989/540 454/990/42
f 531/991/538 530/977/541 451/979/542 452/992/539
f 450/981/531 534/983/532 456/986/533 457/982/534
f 533/984/535 532/987/15 454/990/42 455/985/536
f 449/988/537 531/991/538 452/992/539 453/989/540
f 454/990/42 453/989/540 461/993/546 462/994/71
f 452/992/539 451/979/542 459/995/547 460/996/548
f 457/982/534 456/986/533 464/997/545 465/998/543
f 455/985/536 454/990/42 462/994/71 463/999/544
f 453/989/540 452/992/539 460/996/548 461/993/546
f 451/979/542 458/1000/18 459/995/547
f 501/1001/20 457/982/534 465/998/543
f 456/986/533 455/985/536 463/999/544 464/997/545
f 465/998/543 464/997/545 471/1002/552 472/1003/553
f 463/999/544 462/994/71 469/1004/100 470/1005/554
f 461/993/546 460/996/548 467/1006/551 468/1007/549
f 459/995/547 458/1008/18 466/1009/550
f 501/1010/20 465/998/543 472/1003/553
f 464/997/545 463/999/544 470/1005/554 471/1002/552
f 462/994/71 461/993/546 468/1007/549 469/1004/100
f 460/996/548 459/995/547 466/1009/550 467/1006/551
f 468/1007/549 467/1006/551 474/1011/558 475/1012/559
f 466/1009/550 458/1013/18 473/1014/560
f 501/1015/20 472/1003/553 479/1016/556
f 471/1002/552 470/1005/554 477/1017/557 478/1018/555
f 469/1004/100 468/1007/549 475/1012/559 476/1019/128
f 467/1006/551 466/1009/550 473/1014/560 474/1011/558
f 472/1003/553 471/1002/552 478/1018/555 479/1016/556
f 470/1005/554 469/1004/100 476/1019/128 477/1017/557
f 501/1020/20 479/1016/556 486/1021/564
f 478/1018/555 477/1017/557 484/1022/565 485/1023/566
f 476/1019/128 475/1012/559 482/1024/562 483/1025/157
f 474/1011/558 473/1014/560 480/1026/563 481/1027/561
f 479/1016/556 478/1018/555 485/1023/566 486/1021/564
f 477/1017/557 476/1019/128 483/1025/157 484/1022/565
f 475/1012/559 474/1011/558 481/1027/561 482/1024/562
f 473/1014/560 458/1028/18 480/1026/563
f 481/1027/561 480/1026/563 487/1029/571 488/1030/572
f 486/1021/564 485/1023/566 492/1031/569 493/1032/567
f 484/1022/565 483/1025/157 490/1033/186 491/1034/568
f 482/1024/562 481/1027/561 488/1030/572 489/1035/570
f 480/1026/563 458/1036/18 487/1029/571
f 501/1037/20 486/1021/564 493/1032/567
f 485/1023/566 484/1022/565 491/1034/568 492/1031/569
f 483/1025/157 482/1024/562 489/1035/570 490/1033/186
f 493/1032/567 492/1031/569 499/1038/575 500/1039/603
f 491/1034/568 490/1033/186 497/1040/214 498/1041/577
f 489/1035/570 488/1030/572 495/1042/574 496/1043/578
f 487/1029/571 458/1044/18 494/1045/604
f 501/1046/20 493/1032/567 500/1039/603
f 492/1031/569 491/1034/568 498/1041/577 499/1038/575
f 490/1033/186 489/1035/570 496/1043/578 497/1040/214
f 488/1030/572 487/1029/571 494/1045/604 495/1042/574
f 494/1045/604 458/1047/18 502/1048/605
f 501/1049/20 500/1039/603 508/1050/580
f 499/1038/575 498/1041/577 506/1051/581 507/1052/579
f 497/1040/214 496/1043/578 504/1053/583 505/1054/244
f 495/1042/574 494/1045/604 502/1048/605 503/1055/582
f 500/1039/603 499/1038/575 507/1052/579 508/1050/580
f 498/1041/577 497/1040/214 505/1054/244 506/1051/581
f 496/1043/578 495/1042/574 503/1055/582 504/1053/583
f 507/1052/579 506/1051/581 513/1056/587 514/1057/588
f 505/1054/244 504/1053/583 511/1058/589 512/1059/287
f 503/1055/582 502/1048/605 509/1060/585 510/1061/590
f 508/1050/580 507/1052/579 514/1057/588 515/1062/586
f 506/1051/581 505/1054/244 512/1059/287 513/1056/587
f 504/1053/583 503/1055/582 510/1061/590 511/1058/589
f 502/1048/605 458/1063/18 509/1060/585
f 501/1064/20 508/1050/580 515/1062/586
f 515/1065/586 514/1066/588 521/1067/592 522/1068/596
f 513/1069/587 512/1070/287 519/1071/316 520/1072/591
f 511/1073/589 510/1074/590 517/1075/595 518/1076/593
f 509/1077/585 458/1078/18 516/1079/594
f 501/1080/20 515/1065/586 522/1068/596
f 514/1066/588 513/1069/587 520/1072/591 521/1067/592
f 512/1070/287 511/1073/589 518/1076/593 519/1071/316
f 510/1074/590 509/1077/585 516/1079/594 517/1075/595
f 520/1072/591 519/1071/316 526/1081/345 527/1082/599
f 518/1076/593 517/1075/595 524/1083/600 525/1084/601
f 516/1079/594 458/1085/18 523/1086/602
f 501/1087/20 522/1068/596 529/1088/598
f 521/1067/592 520/1072/591 527/1082/599 528/1089/597
f 519/1071/316 518/1076/593 525/1084/601 526/1081/345
f 517/1075/595 516/1079/594 523/1086/602 524/1083/600
f 522/1068/596 521/1067/592 528/1089/597 529/1088/598
f 501/1090/20 529/1088/598 450/981/531
f 528/1089/597 527/1082/599 533/984/535 534/983/532
f 526/1081/345 525/1084/601 449/988/537 532/987/15
f 524/1083/600 523/1086/602 530/977/541 531/991/538
f 529/1088/598 528/1089/597 534/983/532 450/981/531
f 527/1082/599 526/1081/345 532/987/15 533/984/535
f 525/1084/601 524/1083/600 531/991/538 449/988/537
f 523/1086/602 458/1091/18 530/977/541
usemtl M_Blush
f 619/1092/606 618/1093/607 541/1094/608 542/1095/609
f 617/1096/15 616/1097/610 539/1098/611 540/1099/612
f 536/1100/613 535/1101/614 537/1102/615 538/1103/616
f 620/1104/617 619/1092/606 542/1095/609 543/1105/618
f 618/1093/607 617/1096/15 540/1099/612 541/1094/608
f 616/1097/610 536/1100/613 538/1103/616 539/1098/611
f 535/1101/614 586/1106/18 537/1102/615
f 594/1107/20 620/1104/617 543/1105/618
f 543/1105/618 542/1095/609 549/1108/619 550/1109/620
f 541/1094/608 540/1099/612 547/1110/621 548/1111/622
f 539/1098/611 538/1103/616 545/1112/623 546/1113/624
f 537/1102/615 586/1114/18 544/1115/625
f 594/1116/20 543/1105/618 550/1109/620
f 542/1095/609 541/1094/608 548/1111/622 549/1108/619
f 540/1099/612 539/1098/611 546/1113/624 547/1110/621
f 538/1103/616 537/1102/615 544/1115/625 545/1112/623
f 546/1113/624 545/1112/623 552/1117/626 553/1118/627
f 544/1115/625 586/1119/18 551/1120/628
f 594/1121/20 550/1109/620 557/1122/629
f 549/1108/619 548/1111/622 555/1123/630 556/1124/631
f 547/1110/621 546/1113/624 553/1118/627 554/1125/100
f 545/1112/623 544/1115/625 551/1120/628 552/1117/626
f 550/1109/620 549/1108/619 556/1124/631 557/1122/629
f 548/1111/622 547/1110/621 554/1125/100 555/1123/630
f 594/1126/20 557/1122/629 564/1127/632
f 556/1124/631 555/1123/630 562/1128/633 563/1129/634
f 554/1125/100 553/1118/627 560/1130/635 561/1131/636
f 552/1117/626 551/1120/628 558/1132/637 559/1133/638
f 557/1122/629 556/1124/631 563/1129/634 564/1127/632
f 555/1123/630 554/1125/100 561/1131/636 562/1128/633
f 553/1118/627 552/1117/626 559/1133/638 560/1130/635
f 551/1120/628 586/1134/18 558/1132/637
f 559/1133/638 558/1132/637 565/1135/639 566/1136/640
f 564/1127/632 563/1129/634 570/1137/641 571/1138/642
f 562/1128/633 561/1131/636 568/1139/643 569/1140/644
f 560/1130/635 559/1133/638 566/1136/640 567/1141/645
f 558/1132/637 586/1142/18 565/1135/639
f 594/1143/20 564/1127/632 571/1138/642
f 563/1129/634 562/1128/633 569/1140/644 570/1137/641
f 561/1131/636 560/1130/635 567/1141/645 568/1139/643
f 571/1138/642 570/1137/641 577/1144/646 578/1145/647
f 569/1140/644 568/1139/643 575/1146/186 576/1147/648
f 567/1141/645 566/1136/640 573/1148/649 574/1149/650
f 565/1135/639 586/1150/18 572/1151/651
f 594/1152/20 571/1138/642 578/1145/647
f 570/1137/641 569/1140/644 576/1147/648 577/1144/646
f 568/1139/643 567/1141/645 574/1149/650 575/1146/186
f 566/1136/640 565/1135/639 572/1151/651 573/1148/649
f 572/1151/651 586/1153/18 579/1154/652
f 594/1155/20 578/1145/647 585/1156/653
f 577/1144/646 576/1147/648 583/1157/654 584/1158/655
f 575/1146/186 574/1149/650 581/1159/656 582/1160/657
f 573/1148/649 572/1151/651 579/1154/652 580/1161/658
f 578/1145/647 577/1144/646 584/1158/655 585/1156/653
f 576/1147/648 575/1146/186 582/1160/657 583/1157/654
f 574/1149/650 573/1148/649 580/1161/658 581/1159/656
f 584/1158/655 583/1157/654 591/1162/659 592/1163/660
f 582/1160/657 581/1159/656 589/1164/661 590/1165/662
f 580/1161/658 579/1154/652 587/1166/663 588/1167/664
f 585/1156/653 584/1158/655 592/1163/660 593/1168/665
f 583/1157/654 582/1160/657 590/1165/662 591/1162/659
f 581/1159/656 580/1161/658 588/1167/664 589/1164/661
f 579/1154/652 586/1169/18 587/1166/663
f 594/1170/20 585/1156/653 593/1168/665
f 593/1168/665 592/1163/660 600/1171/666 601/1172/667
f 591/1162/659 590/1165/662 598/1173/287 599/1174/668
f 589/1164/661 588/1167/664 596/1175/669 597/1176/670
f 587/1166/663 586/1177/18 595/1178/671
f 594/1179/20 593/1168/665 601/1172/667
f 592/1163/660 591/1162/659 599/1174/668 600/1171/666
f 590/1165/662 589/1164/661 597/1176/670 598/1173/287
f 588/1167/664 587/1166/663 595/1178/671 596/1175/669
f 599/1180/668 598/1181/287 605/1182/672 606/1183/673
f 597/1184/670 596/1185/669 603/1186/674 604/1187/675
f 595/1188/671 586/1189/18 602/1190/676
f 594/1191/20 601/1192/667 608/1193/677
f 600/1194/666 599/1180/668 606/1183/673 607/1195/678
f 598/1181/287 597/1184/670 604/1187/675 605/1182/672
f 596/1185/669 595/1188/671 602/1190/676 603/1186/674
f 601/1192/667 600/1194/666 607/1195/678 608/1193/677
f 594/1196/20 608/1193/677 615/1197/679
f 607/1195/678 606/1183/673 613/1198/680 614/1199/681
f 605/1182/672 604/1187/675 611/1200/682 612/1201/683
f 603/1186/674 602/1190/676 609/1202/684 610/1203/685
f 608/1193/677 607/1195/678 614/1199/681 615/1197/679
f 606/1183/673 605/1182/672 612/1201/683 613/1198/680
f 604/1187/675 603/1186/674 610/1203/685 611/1200/682
f 602/1190/676 586/1204/18 609/1202/684
f 612/1201/683 611/1200/682 616/1097/610 617/1096/15
f 610/1203/685 609/1202/684 535/1101/614 536/1100/613
f 615/1197/679 614/1199/681 619/1092/606 620/1104/617
f 613/1198/680 612/1201/683 617/1096/15 618/1093/607
f 611/1200/682 610/1203/685 536/1100/613 616/1097/610
f 609/1202/684 586/1205/18 535/1101/614
f 594/1206/20 615/1197/679 620/1104/617
f 614/1199/681 613/1198/680 618/1093/607 619/1092/606
f 706/1207/617 705/1208/606 628/1209/609 629/1210/618
f 704/1211/607 703/1212/15 626/1213/612 627/1214/608
f 702/1215/610 622/1216/613 624/1217/616 625/1218/611
f 621/1219/614 672/1220/18 623/1221/615
f 680/1222/20 706/1207/617 629/1210/618
f 705/1208/606 704/1211/607 627/1214/608 628/1209/609
f 703/1212/15 702/1215/610 625/1218/611 626/1213/612
f 622/1216/613 621/1219/614 623/1221/615 624/1217/616
f 625/1218/611 624/1217/616 631/1223/623 632/1224/624
f 623/1221/615 672/1225/18 630/1226/625
f 680/1227/20 629/1210/618 636/1228/620
f 628/1209/609 627/1214/608 634/1229/622 635/1230/619
f 626/1213/612 625/1218/611 632/1224/624 633/1231/621
f 624/1217/616 623/1221/615 630/1226/625 631/1223/623
f 629/1210/618 628/1209/609 635/1230/619 636/1228/620
f 627/1214/608 626/1213/612 633/1231/621 634/1229/622
f 680/1232/20 636/1228/620 643/1233/629
f 635/1230/619 634/1229/622 641/1234/630 642/1235/631
f 633/1231/621 632/1224/624 639/1236/627 640/1237/100
f 631/1223/623 630/1226/625 637/1238/628 638/1239/626
f 636/1228/620 635/1230/619 642/1235/631 643/1233/629
f 634/1229/622 633/1231/621 640/1237/100 641/1234/630
f 632/1224/624 631/1223/623 638/1239/626 639/1236/627
f 630/1226/625 672/1240/18 637/1238/628
f 638/1239/626 637/1238/628 644/1241/637 645/1242/638
f 643/1233/629 642/1235/631 649/1243/634 650/1244/632
f 641/1234/630 640/1237/100 647/1245/636 648/1246/633
f 639/1236/627 638/1239/626 645/1242/638 646/1247/635
f 637/1238/628 672/1248/18 644/1241/637
f 680/1249/20 643/1233/629 650/1244/632
f 642/1235/631 641/1234/630 648/1246/633 649/1243/634
f 640/1237/100 639/1236/627 646/1247/635 647/1245/636
f 650/1244/632 649/1243/634 656/1250/641 657/1251/642
f 648/1246/633 647/1245/636 654/1252/643 655/1253/644
f 646/1247/635 645/1242/638 652/1254/640 653/1255/645
f 644/1241/637 672/1256/18 651/1257/639
f 680/1258/20 650/1244/632 657/1251/642
f 649/1243/634 648/1246/633 655/1253/644 656/1250/641
f 647/1245/636 646/1247/635 653/1255/645 654/1252/643
f 645/1242/638 644/1241/637 651/1257/639 652/1254/640
f 651/1257/639 672/1259/18 658/1260/651
f 680/1261/20 657/1251/642 664/1262/647
f 656/1250/641 655/1253/644 662/1263/648 663/1264/646
f 654/1252/643 653/1255/645 660/1265/650 661/1266/186
f 652/1254/640 651/1257/639 658/1260/651 659/1267/649
f 657/1251/642 656/1250/641 663/1264/646 664/1262/647
f 655/1253/644 654/1252/643 661/1266/186 662/1263/648
f 653/1255/645 652/1254/640 659/1267/649 660/1265/650
f 663/1264/646 662/1263/648 669/1268/654 670/1269/655
f 661/1266/186 660/1265/650 667/1270/656 668/1271/657
f 659/1267/649 658/1260/651 665/1272/652 666/1273/658
f 664/1262/647 663/1264/646 670/1269/655 671/1274/653
f 662/1263/648 661/1266/186 668/1271/657 669/1268/654
f 660/1265/650 659/1267/649 666/1273/658 667/1270/656
f 658/1260/651 672/1275/18 665/1272/652
f 680/1276/20 664/1262/647 671/1274/653
f 671/1274/653 670/1269/655 678/1277/660 679/1278/665
f 669/1268/654 668/1271/657 676/1279/662 677/1280/659
f 667/1270/656 666/1273/658 674/1281/664 675/1282/661
f 665/1272/652 672/1283/18 673/1284/663
f 680/1285/20 671/1274/653 679/1278/665
f 670/1269/655 669/1268/654 677/1280/659 678/1277/660
f 668/1271/657 667/1270/656 675/1282/661 676/1279/662
f 666/1273/658 665/1272/652 673/1284/663 674/1281/664
f 677/1280/659 676/1279/662 684/1286/287 685/1287/668
f 675/1282/661 674/1281/664 682/1288/669 683/1289/670
f 673/1284/663 672/1290/18 681/1291/671
f 680/1292/20 679/1278/665 687/1293/667
f 678/1277/660 677/1280/659 685/1287/668 686/1294/666
f 676/1279/662 675/1282/661 683/1289/670 684/1286/287
f 674/1281/664 673/1284/663 681/1291/671 682/1288/669
f 679/1278/665 678/1277/660 686/1294/666 687/1293/667
f 680/1295/20 687/1296/667 694/1297/677
f 686/1298/666 685/1299/668 692/1300/673 693/1301/678
f 684/1302/287 683/1303/670 690/1304/675 691/1305/672
f 682/1306/669 681/1307/671 688/1308/676 689/1309/674
f 687/1296/667 686/1298/666 693/1301/678 694/1297/677
f 685/1299/668 684/1302/287 691/1305/672 692/1300/673
f 683/1303/670 682/1306/669 689/1309/674 690/1304/675
f 681/1307/671 672/1310/18 688/1308/676
f 691/1305/672 690/1304/675 697/1311/682 698/1312/683
f 689/1309/674 688/1308/676 695/1313/684 696/1314/685
f 694/1297/677 693/1301/678 700/1315/681 701/1316/679
f 692/1300/673 691/1305/672 698/1312/683 699/1317/680
f 690/1304/675 689/1309/674 696/1314/685 697/1311/682
f 688/1308/676 672/1318/18 695/1313/684
f 680/1319/20 694/1297/677 701/1316/679
f 693/1301/678 692/1300/673 699/1317/680 700/1315/681
f 701/1316/679 700/1315/681 705/1208/606 706/1207/617
f 699/1317/680 698/1312/683 703/1212/15 704/1211/607
f 697/1311/682 696/1314/685 622/1216/613 702/1215/610
f 695/1313/684 672/1320/18 621/1219/614
f 680/1321/20 701/1316/679 706/1207/617
f 700/1315/681 699/1317/680 704/1211/607 705/1208/606
f 698/1312/683 697/1311/682 702/1215/610 703/1212/15
f 696/1314/685 695/1313/684 621/1219/614 622/1216/613
